sales_id,date,bar_id,beer_id,volume_liters,spoil_volume_liters,transport_temp_c,revenue_eur,cost_eur
1,2025-01-01,24,3,97.1,29.6,9.4,438.75,203.91
2,2025-01-01,19,1,23.2,0.0,1.9,104.4,27.84
3,2025-01-01,7,2,55.6,12.7,9.4,205.92,77.84
4,2025-01-01,27,4,95.8,0.0,5.9,555.64,182.02
5,2025-01-01,22,4,66.8,0.0,6.3,387.44,126.92
6,2025-01-01,19,4,86.1,0.0,5.8,499.38,163.59
7,2025-01-01,8,2,91.3,0.0,10.5,438.24,127.82
8,2025-01-01,29,6,59.0,0.0,5.1,295.0,88.5
9,2025-01-01,12,1,97.3,0.0,5.6,437.85,116.76
10,2025-01-01,13,3,87.6,0.0,7.1,569.4,183.96
11,2025-01-01,29,5,31.5,0.0,4.8,220.5,72.45
12,2025-01-01,21,5,75.0,0.0,4.8,525.0,172.5
13,2025-01-01,14,1,59.7,0.0,6.0,268.65,71.64
14,2025-01-01,28,1,37.4,0.0,5.4,168.3,44.88
15,2025-01-01,24,2,34.1,0.0,5.6,163.68,47.74
16,2025-01-01,18,1,22.2,0.0,8.7,99.9,26.64
17,2025-01-01,3,4,40.1,0.0,6.0,232.58,76.19
18,2025-01-01,30,5,29.0,0.0,8.8,203.0,66.7
19,2025-01-02,10,5,86.1,0.0,5.1,602.7,198.03
20,2025-01-02,2,3,89.6,0.0,10.6,582.4,188.16
21,2025-01-02,3,6,95.8,0.0,3.6,479.0,143.7
22,2025-01-02,3,2,85.0,0.0,5.3,408.0,119.0
23,2025-01-02,27,1,31.5,0.0,6.0,141.75,37.8
24,2025-01-02,20,4,35.7,0.0,10.1,207.06,67.83
25,2025-01-02,15,5,48.3,0.0,7.2,338.1,111.09
26,2025-01-02,11,3,37.4,10.2,11.2,176.8,78.54
27,2025-01-02,25,3,33.9,0.0,6.2,220.35,71.19
28,2025-01-02,30,5,53.5,0.0,4.6,374.5,123.05
29,2025-01-02,4,2,70.8,0.0,5.0,339.84,99.12
30,2025-01-02,28,3,31.5,3.3,8.3,183.3,66.15
31,2025-01-02,2,1,24.2,0.0,5.3,108.9,29.04
32,2025-01-02,21,4,34.5,0.0,6.3,200.1,65.55
33,2025-01-02,8,5,28.0,0.0,4.9,196.0,64.4
34,2025-01-02,7,1,49.5,0.0,6.0,222.75,59.4
35,2025-01-02,11,4,41.9,0.0,6.6,243.02,79.61
36,2025-01-02,8,4,66.8,0.0,5.9,387.44,126.92
37,2025-01-02,6,5,38.7,0.0,2.8,270.9,89.01
38,2025-01-02,22,5,46.7,0.0,7.7,326.9,107.41
39,2025-01-02,19,4,56.6,0.0,4.2,328.28,107.54
40,2025-01-02,19,6,93.2,0.0,7.6,466.0,139.8
41,2025-01-02,6,1,84.1,0.0,0.6,378.45,100.92
42,2025-01-02,15,6,49.8,0.0,4.7,249.0,74.7
43,2025-01-02,22,2,21.3,0.0,4.2,102.24,29.82
44,2025-01-02,21,6,81.8,0.0,5.4,409.0,122.7
45,2025-01-02,2,3,93.6,0.0,6.2,608.4,196.56
46,2025-01-02,24,6,47.3,0.0,3.8,236.5,70.95
47,2025-01-02,20,4,31.4,0.0,7.3,182.12,59.66
48,2025-01-02,13,6,73.7,0.0,5.7,368.5,110.55
49,2025-01-02,24,2,60.7,0.0,8.0,291.36,84.98
50,2025-01-02,26,5,25.2,0.0,3.9,176.4,57.96
51,2025-01-02,2,5,91.4,0.0,6.2,639.8,210.22
52,2025-01-03,9,1,23.8,0.0,10.4,107.1,28.56
53,2025-01-03,21,2,26.0,0.0,9.9,124.8,36.4
54,2025-01-03,9,4,74.8,0.0,8.7,433.84,142.12
55,2025-01-03,22,6,35.6,0.0,7.6,178.0,53.4
56,2025-01-03,29,3,36.5,0.0,6.0,237.25,76.65
57,2025-01-03,20,4,94.1,0.0,8.0,545.78,178.79
58,2025-01-03,20,1,42.7,0.0,3.1,192.15,51.24
59,2025-01-03,26,3,60.1,0.0,1.2,390.65,126.21
60,2025-01-03,23,6,94.9,0.0,4.1,474.5,142.35
61,2025-01-03,25,5,94.4,0.0,11.6,660.8,217.12
62,2025-01-03,1,3,30.8,0.0,3.8,200.2,64.68
63,2025-01-03,13,4,21.4,0.0,13.1,124.12,40.66
64,2025-01-03,24,6,72.9,0.0,10.1,364.5,109.35
65,2025-01-03,13,6,56.8,0.0,3.5,284.0,85.2
66,2025-01-03,11,4,65.8,0.0,4.9,381.64,125.02
67,2025-01-03,1,2,54.1,0.0,11.4,259.68,75.74
68,2025-01-03,8,6,54.7,0.0,8.9,273.5,82.05
69,2025-01-03,19,5,61.4,0.0,7.9,429.8,141.22
70,2025-01-03,8,3,21.6,0.0,4.9,140.4,45.36
71,2025-01-03,28,5,76.3,0.0,6.2,534.1,175.49
72,2025-01-03,7,6,25.6,0.0,4.0,128.0,38.4
73,2025-01-03,29,6,45.4,0.0,6.0,227.0,68.1
74,2025-01-03,14,3,97.5,0.0,10.0,633.75,204.75
75,2025-01-03,16,1,88.4,0.0,4.6,397.8,106.08
76,2025-01-03,23,5,89.3,0.0,8.8,625.1,205.39
77,2025-01-03,7,6,99.7,0.0,7.5,498.5,149.55
78,2025-01-03,13,4,34.6,0.0,2.1,200.68,65.74
79,2025-01-03,21,5,87.1,0.0,2.8,609.7,200.33
80,2025-01-03,6,1,66.7,0.0,8.2,300.15,80.04
81,2025-01-03,24,4,81.6,0.0,5.2,473.28,155.04
82,2025-01-03,7,6,38.2,0.0,7.4,191.0,57.3
83,2025-01-04,19,3,59.3,0.0,9.8,385.45,124.53
84,2025-01-04,22,4,81.2,0.0,5.1,470.96,154.28
85,2025-01-04,27,2,40.3,0.0,8.5,193.44,56.42
86,2025-01-04,24,1,64.4,0.0,4.6,289.8,77.28
87,2025-01-04,15,2,81.7,0.0,3.7,392.16,114.38
88,2025-01-04,27,3,56.4,0.0,6.7,366.6,118.44
89,2025-01-04,22,4,26.3,0.0,-0.1,152.54,49.97
90,2025-01-04,13,4,70.1,0.0,7.7,406.58,133.19
91,2025-01-04,28,1,49.4,0.0,5.2,222.3,59.28
92,2025-01-04,11,4,74.2,0.0,4.4,430.36,140.98
93,2025-01-04,18,6,59.8,0.0,5.6,299.0,89.7
94,2025-01-04,23,6,53.2,0.0,8.7,266.0,79.8
95,2025-01-04,6,6,29.5,0.0,6.0,147.5,44.25
96,2025-01-04,23,3,60.6,0.0,2.1,393.9,127.26
97,2025-01-04,30,6,62.8,0.0,3.9,314.0,94.2
98,2025-01-04,24,6,39.6,0.0,10.4,198.0,59.4
99,2025-01-04,21,2,64.6,0.0,5.7,310.08,90.44
100,2025-01-04,3,5,73.7,0.0,4.9,515.9,169.51
101,2025-01-04,12,4,69.7,0.0,7.3,404.26,132.43
102,2025-01-04,2,2,22.7,0.0,10.2,108.96,31.78
103,2025-01-04,5,5,90.0,0.0,7.8,630.0,207.0
104,2025-01-04,14,3,27.0,0.0,12.9,175.5,56.7
105,2025-01-04,14,2,52.0,0.0,6.0,249.6,72.8
106,2025-01-04,14,5,38.4,0.0,9.0,268.8,88.32
107,2025-01-04,15,5,75.3,0.0,8.4,527.1,173.19
108,2025-01-04,21,1,35.9,10.3,5.2,115.2,43.08
109,2025-01-04,5,1,91.0,0.0,4.8,409.5,109.2
110,2025-01-04,5,2,63.0,0.0,2.7,302.4,88.2
111,2025-01-04,14,2,55.6,0.0,5.2,266.88,77.84
112,2025-01-04,27,6,22.5,0.0,4.0,112.5,33.75
113,2025-01-04,20,1,72.8,0.0,7.0,327.6,87.36
114,2025-01-04,21,6,56.5,0.0,4.0,282.5,84.75
115,2025-01-04,27,5,91.0,0.0,6.7,637.0,209.3
116,2025-01-04,18,5,54.8,0.0,4.9,383.6,126.04
117,2025-01-04,24,5,45.6,0.0,5.6,319.2,104.88
118,2025-01-04,5,6,83.5,0.0,8.0,417.5,125.25
119,2025-01-04,21,4,44.3,0.0,5.4,256.94,84.17
120,2025-01-04,12,4,58.9,0.0,7.4,341.62,111.91
121,2025-01-04,4,3,80.6,0.0,10.3,523.9,169.26
122,2025-01-04,11,4,39.9,0.0,7.9,231.42,75.81
123,2025-01-04,11,5,83.8,0.0,8.7,586.6,192.74
124,2025-01-04,22,3,34.3,0.0,5.4,222.95,72.03
125,2025-01-04,15,5,30.0,0.0,9.6,210.0,69.0
126,2025-01-05,27,4,65.3,0.0,7.2,378.74,124.07
127,2025-01-05,20,5,57.6,16.6,5.0,287.0,132.48
128,2025-01-05,6,3,59.3,0.0,8.5,385.45,124.53
129,2025-01-05,3,6,20.1,0.0,0.7,100.5,30.15
130,2025-01-05,2,1,73.5,0.0,6.8,330.75,88.2
131,2025-01-05,5,6,46.4,0.0,8.1,232.0,69.6
132,2025-01-05,2,2,38.5,0.0,4.4,184.8,53.9
133,2025-01-05,25,3,72.1,0.0,8.5,468.65,151.41
134,2025-01-05,2,3,63.3,0.0,8.8,411.45,132.93
135,2025-01-05,2,6,72.5,0.0,5.9,362.5,108.75
136,2025-01-05,19,6,82.1,0.0,8.6,410.5,123.15
137,2025-01-05,19,1,28.5,8.0,9.0,92.25,34.2
138,2025-01-05,18,3,27.3,0.0,6.0,177.45,57.33
139,2025-01-05,1,1,61.0,0.0,4.7,274.5,73.2
140,2025-01-05,22,5,67.2,0.0,6.1,470.4,154.56
141,2025-01-05,21,6,59.7,0.0,8.7,298.5,89.55
142,2025-01-05,4,2,60.4,0.0,4.0,289.92,84.56
143,2025-01-05,21,2,33.6,0.0,3.9,161.28,47.04
144,2025-01-05,26,3,30.1,0.0,3.8,195.65,63.21
145,2025-01-05,6,1,99.4,0.0,5.1,447.3,119.28
146,2025-01-05,23,4,23.6,0.0,7.8,136.88,44.84
147,2025-01-05,13,2,64.8,0.0,7.0,311.04,90.72
148,2025-01-05,3,3,21.6,0.0,4.8,140.4,45.36
149,2025-01-05,15,6,28.7,4.6,10.0,120.5,43.05
150,2025-01-05,17,3,88.1,0.0,4.6,572.65,185.01
151,2025-01-05,2,2,71.9,22.2,8.0,238.56,100.66
152,2025-01-05,15,5,29.5,0.0,11.1,206.5,67.85
153,2025-01-05,15,2,21.7,0.0,-0.0,104.16,30.38
154,2025-01-05,17,3,84.9,0.0,7.1,551.85,178.29
155,2025-01-05,24,3,88.3,0.0,5.0,573.95,185.43
156,2025-01-05,15,6,98.9,0.0,5.8,494.5,148.35
157,2025-01-05,24,6,67.7,0.0,3.2,338.5,101.55
158,2025-01-05,25,3,42.2,0.0,10.6,274.3,88.62
159,2025-01-05,7,4,96.3,0.0,7.1,558.54,182.97
160,2025-01-05,8,1,45.5,0.0,7.0,204.75,54.6
161,2025-01-05,28,1,28.0,0.0,10.9,126.0,33.6
162,2025-01-05,16,1,37.6,0.0,5.9,169.2,45.12
163,2025-01-05,3,3,95.9,0.0,5.3,623.35,201.39
164,2025-01-05,18,5,25.9,0.0,4.8,181.3,59.57
165,2025-01-05,10,1,72.1,0.0,8.1,324.45,86.52
166,2025-01-05,1,3,93.8,0.0,5.1,609.7,196.98
167,2025-01-05,25,2,59.1,0.0,7.3,283.68,82.74
168,2025-01-05,14,5,82.2,0.0,1.6,575.4,189.06
169,2025-01-05,8,3,55.0,0.0,4.5,357.5,115.5
170,2025-01-05,11,2,51.7,0.0,5.5,248.16,72.38
171,2025-01-06,20,1,69.2,0.0,6.1,311.4,83.04
172,2025-01-06,3,3,48.6,0.0,6.9,315.9,102.06
173,2025-01-06,8,6,76.3,0.0,2.8,381.5,114.45
174,2025-01-06,22,4,40.2,0.0,3.3,233.16,76.38
175,2025-01-06,12,3,33.7,0.0,6.3,219.05,70.77
176,2025-01-06,4,5,32.7,0.0,5.1,228.9,75.21
177,2025-01-06,26,4,33.0,0.0,4.0,191.4,62.7
178,2025-01-06,7,4,61.1,0.0,4.2,354.38,116.09
179,2025-01-06,6,5,36.5,0.0,6.1,255.5,83.95
180,2025-01-06,25,1,82.3,0.0,2.4,370.35,98.76
181,2025-01-06,17,3,47.6,0.0,5.9,309.4,99.96
182,2025-01-06,28,1,53.7,0.0,3.6,241.65,64.44
183,2025-01-06,28,5,94.4,0.0,4.4,660.8,217.12
184,2025-01-06,1,3,99.6,0.0,7.5,647.4,209.16
185,2025-01-06,28,6,49.4,0.0,6.3,247.0,74.1
186,2025-01-06,19,4,77.0,0.0,12.5,446.6,146.3
187,2025-01-06,14,5,65.9,0.0,7.2,461.3,151.57
188,2025-01-06,4,5,66.3,0.0,5.1,464.1,152.49
189,2025-01-06,19,5,65.5,0.0,6.1,458.5,150.65
190,2025-01-06,4,1,24.8,0.0,7.9,111.6,29.76
191,2025-01-06,8,6,40.0,0.0,8.8,200.0,60.0
192,2025-01-06,1,2,94.9,0.0,8.1,455.52,132.86
193,2025-01-06,20,6,71.4,0.0,5.2,357.0,107.1
194,2025-01-06,1,3,47.0,12.1,10.7,226.85,98.7
195,2025-01-06,3,6,97.8,0.0,6.5,489.0,146.7
196,2025-01-06,10,1,31.6,0.0,6.1,142.2,37.92
197,2025-01-06,6,5,42.4,0.0,2.4,296.8,97.52
198,2025-01-06,24,4,51.0,0.0,4.9,295.8,96.9
199,2025-01-06,2,1,46.5,0.0,6.5,209.25,55.8
200,2025-01-06,27,2,53.5,11.2,3.5,203.04,74.9
201,2025-01-06,23,1,95.4,0.0,0.0,429.3,114.48
202,2025-01-06,23,5,48.3,0.0,4.3,338.1,111.09
203,2025-01-07,25,6,35.3,0.0,2.0,176.5,52.95
204,2025-01-07,24,6,20.6,0.0,6.9,103.0,30.9
205,2025-01-07,15,5,60.3,0.0,6.2,422.1,138.69
206,2025-01-07,6,3,52.0,0.0,6.0,338.0,109.2
207,2025-01-07,6,2,55.9,0.0,1.9,268.32,78.26
208,2025-01-07,27,2,23.9,6.7,8.4,82.56,33.46
209,2025-01-07,16,4,88.2,0.0,5.2,511.56,167.58
210,2025-01-07,6,4,33.3,0.0,6.7,193.14,63.27
211,2025-01-07,18,6,99.4,0.0,6.5,497.0,149.1
212,2025-01-07,10,6,36.9,0.0,6.5,184.5,55.35
213,2025-01-07,28,5,92.1,0.0,6.4,644.7,211.83
214,2025-01-07,18,5,46.8,0.0,5.6,327.6,107.64
215,2025-01-07,17,4,79.4,0.0,4.5,460.52,150.86
216,2025-01-07,24,3,55.7,0.0,2.9,362.05,116.97
217,2025-01-07,29,4,39.8,0.0,4.9,230.84,75.62
218,2025-01-07,8,4,45.3,0.0,10.2,262.74,86.07
219,2025-01-07,3,4,80.5,0.0,2.0,466.9,152.95
220,2025-01-07,3,2,47.1,0.0,9.2,226.08,65.94
221,2025-01-08,20,2,37.6,0.0,8.9,180.48,52.64
222,2025-01-08,24,6,86.7,0.0,4.4,433.5,130.05
223,2025-01-08,7,2,51.9,0.0,9.2,249.12,72.66
224,2025-01-08,17,2,35.7,0.0,4.9,171.36,49.98
225,2025-01-08,26,1,78.5,0.0,4.2,353.25,94.2
226,2025-01-08,2,2,40.3,0.0,4.6,193.44,56.42
227,2025-01-08,9,1,67.3,11.6,5.8,250.65,80.76
228,2025-01-08,26,4,33.9,0.0,8.9,196.62,64.41
229,2025-01-08,28,3,87.9,0.0,8.7,571.35,184.59
230,2025-01-08,28,1,96.2,0.0,5.9,432.9,115.44
231,2025-01-08,8,2,56.9,0.0,5.7,273.12,79.66
232,2025-01-08,24,3,48.6,0.0,1.1,315.9,102.06
233,2025-01-08,23,3,23.2,0.0,5.1,150.8,48.72
234,2025-01-08,13,6,94.8,0.0,0.9,474.0,142.2
235,2025-01-08,29,2,95.4,28.7,7.7,320.16,133.56
236,2025-01-08,17,5,48.0,0.0,4.2,336.0,110.4
237,2025-01-08,27,6,79.6,0.0,4.9,398.0,119.4
238,2025-01-08,7,6,24.2,0.0,8.6,121.0,36.3
239,2025-01-08,4,5,33.7,0.0,2.8,235.9,77.51
240,2025-01-08,28,4,90.5,0.0,5.2,524.9,171.95
241,2025-01-08,24,1,58.0,0.0,7.3,261.0,69.6
242,2025-01-08,25,2,56.4,0.0,5.0,270.72,78.96
243,2025-01-09,11,4,33.6,0.0,8.4,194.88,63.84
244,2025-01-09,12,4,31.1,0.0,5.3,180.38,59.09
245,2025-01-09,9,3,52.6,0.0,8.9,341.9,110.46
246,2025-01-09,3,1,74.6,0.0,10.0,335.7,89.52
247,2025-01-09,11,5,63.6,0.0,5.2,445.2,146.28
248,2025-01-09,27,4,52.1,0.0,2.3,302.18,98.99
249,2025-01-09,9,6,83.9,0.0,5.1,419.5,125.85
250,2025-01-09,30,5,52.3,0.0,3.7,366.1,120.29
251,2025-01-09,5,4,25.8,0.0,1.3,149.64,49.02
252,2025-01-09,26,1,59.6,0.0,5.1,268.2,71.52
253,2025-01-09,12,6,32.1,0.0,3.4,160.5,48.15
254,2025-01-09,30,4,56.7,0.0,8.2,328.86,107.73
255,2025-01-09,5,6,66.4,0.0,6.6,332.0,99.6
256,2025-01-09,20,6,49.1,0.0,8.2,245.5,73.65
257,2025-01-09,10,4,46.6,8.2,9.4,222.72,88.54
258,2025-01-09,8,5,58.0,0.0,1.7,406.0,133.4
259,2025-01-09,10,6,87.1,0.0,6.1,435.5,130.65
260,2025-01-09,19,2,76.4,0.0,8.2,366.72,106.96
261,2025-01-09,16,6,77.2,0.0,8.6,386.0,115.8
262,2025-01-09,26,5,82.3,0.0,4.0,576.1,189.29
263,2025-01-09,7,3,95.1,0.0,5.0,618.15,199.71
264,2025-01-09,13,4,71.6,0.0,6.8,415.28,136.04
265,2025-01-09,2,2,36.3,0.0,6.8,174.24,50.82
266,2025-01-09,2,3,46.7,0.0,6.9,303.55,98.07
267,2025-01-09,23,1,27.6,0.0,3.5,124.2,33.12
268,2025-01-09,19,5,63.3,0.0,2.1,443.1,145.59
269,2025-01-09,4,4,24.8,0.0,7.0,143.84,47.12
270,2025-01-09,8,4,80.6,0.0,9.9,467.48,153.14
271,2025-01-09,13,5,52.3,0.0,5.5,366.1,120.29
272,2025-01-09,4,6,79.4,0.0,6.6,397.0,119.1
273,2025-01-09,5,3,56.3,0.0,6.9,365.95,118.23
274,2025-01-10,27,2,22.3,3.1,6.2,92.16,31.22
275,2025-01-10,26,2,47.8,0.0,8.8,229.44,66.92
276,2025-01-10,11,6,84.5,0.0,6.9,422.5,126.75
277,2025-01-10,12,6,26.0,0.0,9.7,130.0,39.0
278,2025-01-10,16,2,20.7,0.0,5.8,99.36,28.98
279,2025-01-10,25,2,96.9,0.0,6.2,465.12,135.66
280,2025-01-10,21,1,44.9,0.0,6.3,202.05,53.88
281,2025-01-10,1,1,25.5,0.0,7.4,114.75,30.6
282,2025-01-10,16,2,72.5,0.0,2.0,348.0,101.5
283,2025-01-10,16,3,89.5,0.0,7.0,581.75,187.95
284,2025-01-10,18,4,52.9,0.0,7.9,306.82,100.51
285,2025-01-10,6,1,67.5,0.0,8.1,303.75,81.0
286,2025-01-10,11,3,82.5,28.5,2.7,351.0,173.25
287,2025-01-10,25,6,41.8,0.0,5.0,209.0,62.7
288,2025-01-10,21,4,26.4,0.0,7.3,153.12,50.16
289,2025-01-10,6,2,52.3,0.0,2.9,251.04,73.22
290,2025-01-10,21,2,73.3,0.0,4.9,351.84,102.62
291,2025-01-10,23,4,59.2,0.0,4.0,343.36,112.48
292,2025-01-10,18,5,71.9,0.0,5.5,503.3,165.37
293,2025-01-10,15,6,42.7,0.0,7.3,213.5,64.05
294,2025-01-10,17,6,28.6,0.0,10.3,143.0,42.9
295,2025-01-10,11,6,77.3,13.5,10.5,319.0,115.95
296,2025-01-10,4,1,24.7,0.0,7.4,111.15,29.64
297,2025-01-10,4,2,63.6,0.0,3.7,305.28,89.04
298,2025-01-10,22,2,43.9,0.0,6.1,210.72,61.46
299,2025-01-11,19,4,53.1,0.0,11.1,307.98,100.89
300,2025-01-11,20,2,31.6,0.0,5.4,151.68,44.24
301,2025-01-11,16,6,90.7,0.0,6.1,453.5,136.05
302,2025-01-11,14,2,69.9,0.0,3.9,335.52,97.86
303,2025-01-11,13,1,90.9,0.0,9.6,409.05,109.08
304,2025-01-11,20,3,90.5,0.0,10.7,588.25,190.05
305,2025-01-11,14,1,76.5,0.0,4.8,344.25,91.8
306,2025-01-11,5,4,57.1,21.3,7.3,207.64,108.49
307,2025-01-11,14,5,87.8,0.0,0.2,614.6,201.94
308,2025-01-11,19,4,98.1,0.0,8.7,568.98,186.39
309,2025-01-11,16,2,27.0,0.0,6.3,129.6,37.8
310,2025-01-11,5,5,84.8,0.0,0.0,593.6,195.04
311,2025-01-11,19,6,72.4,0.0,7.1,362.0,108.6
312,2025-01-11,22,5,95.5,0.0,6.5,668.5,219.65
313,2025-01-11,28,2,83.2,0.0,4.0,399.36,116.48
314,2025-01-11,16,1,48.5,0.0,2.2,218.25,58.2
315,2025-01-11,5,6,89.7,0.0,7.3,448.5,134.55
316,2025-01-11,11,3,54.5,0.0,1.8,354.25,114.45
317,2025-01-11,1,1,68.1,0.0,4.8,306.45,81.72
318,2025-01-11,17,3,74.2,0.0,3.4,482.3,155.82
319,2025-01-11,8,1,46.1,0.0,6.3,207.45,55.32
320,2025-01-11,25,3,88.3,0.0,1.1,573.95,185.43
321,2025-01-11,29,5,85.0,0.0,5.6,595.0,195.5
322,2025-01-11,14,1,41.3,0.0,7.2,185.85,49.56
323,2025-01-11,24,5,46.3,0.0,6.5,324.1,106.49
324,2025-01-11,16,6,34.6,0.0,1.4,173.0,51.9
325,2025-01-11,20,4,88.5,0.0,4.7,513.3,168.15
326,2025-01-11,22,3,23.7,0.0,4.1,154.05,49.77
327,2025-01-11,17,4,86.7,0.0,5.2,502.86,164.73
328,2025-01-11,10,5,64.5,0.0,1.3,451.5,148.35
329,2025-01-11,18,4,39.0,0.0,4.9,226.2,74.1
330,2025-01-12,21,3,86.1,0.0,2.3,559.65,180.81
331,2025-01-12,18,3,73.9,0.0,5.7,480.35,155.19
332,2025-01-12,25,1,61.5,0.0,3.6,276.75,73.8
333,2025-01-12,30,3,20.1,0.0,3.0,130.65,42.21
334,2025-01-12,12,3,44.9,0.0,-1.5,291.85,94.29
335,2025-01-12,24,4,53.3,0.0,7.0,309.14,101.27
336,2025-01-12,14,4,50.1,0.0,3.7,290.58,95.19
337,2025-01-12,22,2,94.4,0.0,2.9,453.12,132.16
338,2025-01-12,1,3,39.8,0.0,7.2,258.7,83.58
339,2025-01-12,15,1,78.2,0.0,6.5,351.9,93.84
340,2025-01-12,30,4,52.2,0.0,5.4,302.76,99.18
341,2025-01-12,7,6,50.9,0.0,10.5,254.5,76.35
342,2025-01-12,29,5,97.2,0.0,6.4,680.4,223.56
343,2025-01-12,3,1,96.7,0.0,3.3,435.15,116.04
344,2025-01-12,26,2,72.0,0.0,4.6,345.6,100.8
345,2025-01-12,18,4,36.9,0.0,7.2,214.02,70.11
346,2025-01-12,16,1,37.3,0.0,5.4,167.85,44.76
347,2025-01-12,4,4,35.3,0.0,3.1,204.74,67.07
348,2025-01-12,15,4,50.6,0.0,9.9,293.48,96.14
349,2025-01-12,28,2,32.5,6.1,9.2,126.72,45.5
350,2025-01-12,25,4,59.5,0.0,3.8,345.1,113.05
351,2025-01-12,18,3,28.3,0.0,4.2,183.95,59.43
352,2025-01-13,14,4,66.9,0.0,8.7,388.02,127.11
353,2025-01-13,2,6,91.1,0.0,7.7,455.5,136.65
354,2025-01-13,10,1,61.7,0.0,7.4,277.65,74.04
355,2025-01-13,28,4,34.0,0.0,-0.8,197.2,64.6
356,2025-01-13,5,6,85.7,0.0,7.2,428.5,128.55
357,2025-01-13,5,1,20.4,6.0,10.7,64.8,24.48
358,2025-01-13,23,3,70.3,0.0,6.0,456.95,147.63
359,2025-01-13,30,6,53.8,0.0,7.2,269.0,80.7
360,2025-01-13,22,2,82.8,0.0,8.1,397.44,115.92
361,2025-01-13,26,4,81.9,0.0,4.3,475.02,155.61
362,2025-01-13,17,4,34.7,7.1,5.7,160.08,65.93
363,2025-01-13,17,3,33.7,0.0,6.3,219.05,70.77
364,2025-01-13,25,6,53.5,0.0,8.8,267.5,80.25
365,2025-01-13,29,3,92.2,0.0,6.1,599.3,193.62
366,2025-01-13,23,2,57.2,0.0,4.4,274.56,80.08
367,2025-01-13,10,2,80.9,0.0,4.9,388.32,113.26
368,2025-01-13,16,3,28.9,0.0,7.6,187.85,60.69
369,2025-01-13,30,6,43.4,0.0,6.9,217.0,65.1
370,2025-01-13,6,1,75.5,0.0,-0.8,339.75,90.6
371,2025-01-13,29,1,83.1,0.0,7.1,373.95,99.72
372,2025-01-13,21,5,49.7,0.0,1.0,347.9,114.31
373,2025-01-13,11,2,44.6,0.0,3.2,214.08,62.44
374,2025-01-13,1,5,91.3,0.0,6.3,639.1,209.99
375,2025-01-13,11,1,98.2,0.0,13.4,441.9,117.84
376,2025-01-13,28,5,56.4,0.0,7.1,394.8,129.72
377,2025-01-13,14,2,92.5,0.0,8.5,444.0,129.5
378,2025-01-13,25,3,74.7,0.0,3.9,485.55,156.87
379,2025-01-13,29,2,53.2,0.0,5.5,255.36,74.48
380,2025-01-13,6,6,32.8,7.4,3.5,127.0,49.2
381,2025-01-14,3,6,40.1,0.0,4.1,200.5,60.15
382,2025-01-14,27,6,54.7,0.0,4.0,273.5,82.05
383,2025-01-14,17,1,91.0,0.0,8.5,409.5,109.2
384,2025-01-14,13,6,89.0,0.0,7.0,445.0,133.5
385,2025-01-14,30,5,81.9,0.0,8.6,573.3,188.37
386,2025-01-14,28,2,73.0,0.0,2.7,350.4,102.2
387,2025-01-14,25,2,60.2,0.0,6.6,288.96,84.28
388,2025-01-14,11,1,44.3,0.0,4.7,199.35,53.16
389,2025-01-14,15,2,61.1,0.0,2.9,293.28,85.54
390,2025-01-14,21,5,95.1,0.0,7.1,665.7,218.73
391,2025-01-14,10,4,58.6,0.0,7.4,339.88,111.34
392,2025-01-14,8,6,27.1,2.8,7.4,121.5,40.65
393,2025-01-14,1,2,21.1,0.0,0.3,101.28,29.54
394,2025-01-14,23,6,45.4,0.0,9.3,227.0,68.1
395,2025-01-14,7,4,52.6,0.0,2.8,305.08,99.94
396,2025-01-14,3,5,68.3,0.0,9.4,478.1,157.09
397,2025-01-14,18,5,59.1,0.0,10.2,413.7,135.93
398,2025-01-14,11,4,62.6,0.0,7.8,363.08,118.94
399,2025-01-15,7,2,76.6,0.0,6.5,367.68,107.24
400,2025-01-15,29,2,40.0,0.0,7.0,192.0,56.0
401,2025-01-15,12,5,56.8,0.0,2.0,397.6,130.64
402,2025-01-15,21,5,49.5,0.0,2.8,346.5,113.85
403,2025-01-15,3,1,88.3,0.0,5.4,397.35,105.96
404,2025-01-15,11,2,78.0,0.0,4.5,374.4,109.2
405,2025-01-15,25,3,92.2,0.0,8.3,599.3,193.62
406,2025-01-15,18,3,83.8,0.0,2.8,544.7,175.98
407,2025-01-15,26,1,98.7,0.0,-1.8,444.15,118.44
408,2025-01-15,6,5,65.1,0.0,6.7,455.7,149.73
409,2025-01-15,29,4,74.2,0.0,5.1,430.36,140.98
410,2025-01-15,24,4,58.6,0.0,5.8,339.88,111.34
411,2025-01-15,1,4,43.2,0.0,8.3,250.56,82.08
412,2025-01-15,15,1,28.0,0.0,11.4,126.0,33.6
413,2025-01-15,30,6,23.1,0.0,3.3,115.5,34.65
414,2025-01-15,10,2,75.9,0.0,4.7,364.32,106.26
415,2025-01-15,29,5,63.9,0.0,6.8,447.3,146.97
416,2025-01-15,25,1,42.2,0.0,5.6,189.9,50.64
417,2025-01-15,2,6,80.2,0.0,11.8,401.0,120.3
418,2025-01-15,28,4,84.0,0.0,3.9,487.2,159.6
419,2025-01-15,23,1,94.7,0.0,6.0,426.15,113.64
420,2025-01-15,26,3,55.5,0.0,4.6,360.75,116.55
421,2025-01-15,7,6,47.0,0.0,5.2,235.0,70.5
422,2025-01-15,25,1,59.0,0.0,4.5,265.5,70.8
423,2025-01-16,2,3,97.2,26.4,7.7,460.2,204.12
424,2025-01-16,26,2,59.2,0.0,6.3,284.16,82.88
425,2025-01-16,10,5,32.6,0.0,8.2,228.2,74.98
426,2025-01-16,20,1,37.4,0.0,3.3,168.3,44.88
427,2025-01-16,7,6,55.1,0.0,4.1,275.5,82.65
428,2025-01-16,6,1,92.5,0.0,4.8,416.25,111.0
429,2025-01-16,9,3,32.6,0.0,7.3,211.9,68.46
430,2025-01-16,3,4,95.4,0.0,6.1,553.32,181.26
431,2025-01-16,23,3,24.5,0.0,9.2,159.25,51.45
432,2025-01-16,26,5,54.6,0.0,7.6,382.2,125.58
433,2025-01-16,11,1,75.2,0.0,5.7,338.4,90.24
434,2025-01-16,20,3,70.3,0.0,5.1,456.95,147.63
435,2025-01-16,23,5,46.1,0.0,6.7,322.7,106.03
436,2025-01-16,6,5,35.4,0.0,5.5,247.8,81.42
437,2025-01-16,19,4,80.0,0.0,10.5,464.0,152.0
438,2025-01-16,24,5,95.6,0.0,3.8,669.2,219.88
439,2025-01-17,15,2,56.7,0.0,6.3,272.16,79.38
440,2025-01-17,10,2,61.7,0.0,7.5,296.16,86.38
441,2025-01-17,30,2,92.5,0.0,8.8,444.0,129.5
442,2025-01-17,13,1,66.3,0.0,5.3,298.35,79.56
443,2025-01-17,13,1,69.0,0.0,2.2,310.5,82.8
444,2025-01-17,2,5,61.8,0.0,4.9,432.6,142.14
445,2025-01-17,26,1,24.4,0.0,3.8,109.8,29.28
446,2025-01-17,17,5,91.7,0.0,6.0,641.9,210.91
447,2025-01-17,19,4,54.9,0.0,4.9,318.42,104.31
448,2025-01-17,19,6,45.9,0.0,6.4,229.5,68.85
449,2025-01-17,5,2,77.2,0.0,11.8,370.56,108.08
450,2025-01-17,1,2,77.5,0.0,4.9,372.0,108.5
451,2025-01-17,9,6,35.6,0.0,5.0,178.0,53.4
452,2025-01-17,6,2,48.5,0.0,7.7,232.8,67.9
453,2025-01-17,8,6,90.0,0.0,6.5,450.0,135.0
454,2025-01-17,18,4,27.3,0.0,6.7,158.34,51.87
455,2025-01-17,20,1,66.8,0.0,6.5,300.6,80.16
456,2025-01-17,13,2,25.4,0.0,4.6,121.92,35.56
457,2025-01-17,18,1,76.5,0.0,4.9,344.25,91.8
458,2025-01-17,17,4,80.5,0.0,1.6,466.9,152.95
459,2025-01-17,9,1,26.4,0.0,6.7,118.8,31.68
460,2025-01-17,27,5,33.1,5.0,9.2,196.7,76.13
461,2025-01-17,6,3,88.4,22.0,11.9,431.6,185.64
462,2025-01-17,8,5,42.5,0.0,5.1,297.5,97.75
463,2025-01-17,9,2,83.8,0.0,3.7,402.24,117.32
464,2025-01-17,16,1,90.4,0.0,6.6,406.8,108.48
465,2025-01-17,3,4,21.9,0.0,7.3,127.02,41.61
466,2025-01-17,2,3,96.5,0.0,6.2,627.25,202.65
467,2025-01-18,12,4,32.6,0.0,6.8,189.08,61.94
468,2025-01-18,12,5,44.3,0.0,4.7,310.1,101.89
469,2025-01-18,24,2,54.7,0.0,5.7,262.56,76.58
470,2025-01-18,21,6,52.4,0.0,7.1,262.0,78.6
471,2025-01-18,24,6,39.1,0.0,3.8,195.5,58.65
472,2025-01-18,18,3,38.0,0.0,4.0,247.0,79.8
473,2025-01-18,17,4,35.7,0.0,8.9,207.06,67.83
474,2025-01-18,29,6,30.3,0.0,6.7,151.5,45.45
475,2025-01-18,18,6,20.3,0.0,5.1,101.5,30.45
476,2025-01-18,30,3,55.2,0.0,6.2,358.8,115.92
477,2025-01-18,12,6,36.3,0.0,3.1,181.5,54.45
478,2025-01-18,25,1,50.4,0.0,8.2,226.8,60.48
479,2025-01-18,1,3,25.2,0.0,7.0,163.8,52.92
480,2025-01-18,25,3,83.7,0.0,7.6,544.05,175.77
481,2025-01-18,27,2,46.6,0.0,7.7,223.68,65.24
482,2025-01-18,5,4,66.6,0.0,9.5,386.28,126.54
483,2025-01-18,30,5,92.3,0.0,6.1,646.1,212.29
484,2025-01-18,2,2,52.9,0.0,8.6,253.92,74.06
485,2025-01-18,6,4,68.8,0.0,3.7,399.04,130.72
486,2025-01-18,14,4,46.2,0.0,5.7,267.96,87.78
487,2025-01-18,14,6,99.2,0.0,-1.3,496.0,148.8
488,2025-01-18,7,3,24.9,0.0,2.4,161.85,52.29
489,2025-01-18,30,3,29.2,0.0,10.5,189.8,61.32
490,2025-01-18,25,4,90.0,0.0,10.6,522.0,171.0
491,2025-01-18,6,3,34.9,0.0,7.2,226.85,73.29
492,2025-01-18,2,2,44.4,0.0,7.7,213.12,62.16
493,2025-01-18,18,2,97.8,20.2,8.0,372.48,136.92
494,2025-01-18,2,2,93.4,0.0,7.3,448.32,130.76
495,2025-01-18,18,1,29.2,0.0,3.7,131.4,35.04
496,2025-01-18,19,6,57.1,0.0,7.8,285.5,85.65
497,2025-01-18,17,5,41.0,0.0,-0.7,287.0,94.3
498,2025-01-18,22,5,29.6,0.0,5.3,207.2,68.08
499,2025-01-18,4,2,30.4,0.0,7.1,145.92,42.56
500,2025-01-18,9,2,45.4,0.0,7.3,217.92,63.56
501,2025-01-18,14,3,58.3,0.0,8.9,378.95,122.43
502,2025-01-18,6,4,59.6,0.0,5.6,345.68,113.24
503,2025-01-18,13,5,40.2,0.0,10.7,281.4,92.46
504,2025-01-18,21,5,37.6,0.0,5.2,263.2,86.48
505,2025-01-18,6,3,92.9,0.0,9.0,603.85,195.09
506,2025-01-18,6,3,31.0,0.0,4.3,201.5,65.1
507,2025-01-18,20,1,79.9,0.0,6.8,359.55,95.88
508,2025-01-18,14,2,55.2,0.0,5.4,264.96,77.28
509,2025-01-18,12,1,49.4,0.0,3.2,222.3,59.28
510,2025-01-18,28,2,69.1,0.0,7.7,331.68,96.74
511,2025-01-18,8,6,27.9,0.0,3.5,139.5,41.85
512,2025-01-18,3,2,74.8,0.0,6.4,359.04,104.72
513,2025-01-18,12,6,21.1,0.0,8.1,105.5,31.65
514,2025-01-18,30,1,40.5,6.5,11.2,153.0,48.6
515,2025-01-18,4,5,54.9,0.0,4.8,384.3,126.27
516,2025-01-19,21,4,71.9,0.0,0.9,417.02,136.61
517,2025-01-19,9,5,24.1,0.0,9.0,168.7,55.43
518,2025-01-19,7,5,63.2,0.0,2.1,442.4,145.36
519,2025-01-19,24,3,57.5,0.0,3.3,373.75,120.75
520,2025-01-19,8,2,83.5,28.7,6.0,263.04,116.9
521,2025-01-19,27,4,73.7,0.0,6.0,427.46,140.03
522,2025-01-19,21,1,32.8,0.0,2.0,147.6,39.36
523,2025-01-19,27,1,74.5,0.0,3.9,335.25,89.4
524,2025-01-19,25,4,79.8,0.0,6.8,462.84,151.62
525,2025-01-19,30,1,73.6,0.0,3.6,331.2,88.32
526,2025-01-19,24,1,25.3,0.0,3.8,113.85,30.36
527,2025-01-19,14,3,33.1,0.0,7.2,215.15,69.51
528,2025-01-19,2,6,88.2,0.0,6.9,441.0,132.3
529,2025-01-19,13,1,48.2,0.0,9.0,216.9,57.84
530,2025-01-19,11,4,92.9,0.0,4.1,538.82,176.51
531,2025-01-19,17,4,23.4,0.0,4.6,135.72,44.46
532,2025-01-19,6,6,29.2,0.0,3.3,146.0,43.8
533,2025-01-19,9,3,31.3,0.0,6.0,203.45,65.73
534,2025-01-19,16,6,22.5,0.0,7.3,112.5,33.75
535,2025-01-19,28,5,44.8,0.0,6.9,313.6,103.04
536,2025-01-19,21,5,93.7,0.0,3.2,655.9,215.51
537,2025-01-19,9,5,80.4,0.0,6.7,562.8,184.92
538,2025-01-19,11,6,40.7,0.0,5.3,203.5,61.05
539,2025-01-19,22,4,20.0,0.0,6.5,116.0,38.0
540,2025-01-19,10,2,26.4,0.0,6.6,126.72,36.96
541,2025-01-20,6,2,73.0,0.0,5.8,350.4,102.2
542,2025-01-20,11,3,25.5,0.0,7.7,165.75,53.55
543,2025-01-20,20,6,60.5,0.0,4.2,302.5,90.75
544,2025-01-20,7,3,97.7,0.0,7.7,635.05,205.17
545,2025-01-20,22,2,93.0,0.0,7.6,446.4,130.2
546,2025-01-20,22,5,44.3,0.0,5.7,310.1,101.89
547,2025-01-20,3,6,85.0,0.0,2.7,425.0,127.5
548,2025-01-20,1,6,75.6,0.0,6.8,378.0,113.4
549,2025-01-20,14,6,98.0,0.0,5.2,490.0,147.0
550,2025-01-20,2,5,74.7,0.0,8.4,522.9,171.81
551,2025-01-20,13,3,70.8,0.0,7.2,460.2,148.68
552,2025-01-20,18,6,67.6,0.0,5.1,338.0,101.4
553,2025-01-20,18,2,60.3,0.0,4.9,289.44,84.42
554,2025-01-20,6,5,50.4,0.0,8.9,352.8,115.92
555,2025-01-20,29,3,53.3,0.0,8.4,346.45,111.93
556,2025-01-20,24,3,59.3,0.0,5.7,385.45,124.53
557,2025-01-20,21,6,94.2,0.0,11.5,471.0,141.3
558,2025-01-20,21,2,91.2,0.0,6.1,437.76,127.68
559,2025-01-20,1,2,94.6,0.0,3.8,454.08,132.44
560,2025-01-20,28,3,95.5,0.0,1.9,620.75,200.55
561,2025-01-20,1,2,50.0,0.0,5.0,240.0,70.0
562,2025-01-20,18,6,77.6,0.0,2.3,388.0,116.4
563,2025-01-21,17,1,54.5,0.0,8.3,245.25,65.4
564,2025-01-21,28,2,43.2,0.0,8.7,207.36,60.48
565,2025-01-21,15,5,76.1,0.0,1.1,532.7,175.03
566,2025-01-21,9,3,63.0,24.3,2.8,251.55,132.3
567,2025-01-21,20,6,51.4,0.0,7.0,257.0,77.1
568,2025-01-21,12,1,66.0,0.0,3.0,297.0,79.2
569,2025-01-21,29,2,98.0,0.0,5.2,470.4,137.2
570,2025-01-21,5,3,59.8,0.0,7.5,388.7,125.58
571,2025-01-21,12,2,74.1,0.0,4.2,355.68,103.74
572,2025-01-21,16,2,82.8,0.0,2.7,397.44,115.92
573,2025-01-21,1,6,48.9,0.0,11.1,244.5,73.35
574,2025-01-21,5,3,72.9,0.0,7.5,473.85,153.09
575,2025-01-21,28,3,26.9,0.0,4.8,174.85,56.49
576,2025-01-21,14,5,66.0,0.0,5.4,462.0,151.8
577,2025-01-21,3,5,64.2,0.0,4.4,449.4,147.66
578,2025-01-21,22,5,87.7,0.0,5.0,613.9,201.71
579,2025-01-21,19,2,22.1,0.0,6.3,106.08,30.94
580,2025-01-21,11,6,45.1,0.0,6.8,225.5,67.65
581,2025-01-21,30,2,72.9,0.0,8.6,349.92,102.06
582,2025-01-21,3,2,71.8,0.0,3.2,344.64,100.52
583,2025-01-22,17,4,97.0,29.9,11.3,389.18,184.3
584,2025-01-22,26,2,26.2,0.0,8.8,125.76,36.68
585,2025-01-22,4,4,24.6,4.1,10.1,118.9,46.74
586,2025-01-22,4,4,62.3,0.0,10.3,361.34,118.37
587,2025-01-22,1,2,85.4,0.0,3.7,409.92,119.56
588,2025-01-22,9,2,75.9,0.0,10.6,364.32,106.26
589,2025-01-22,24,3,68.6,0.0,1.5,445.9,144.06
590,2025-01-22,10,6,80.9,0.0,5.5,404.5,121.35
591,2025-01-22,14,2,80.7,0.0,6.1,387.36,112.98
592,2025-01-22,24,3,44.3,0.0,4.7,287.95,93.03
593,2025-01-22,29,2,23.7,0.0,7.7,113.76,33.18
594,2025-01-22,22,5,99.1,0.0,4.9,693.7,227.93
595,2025-01-22,24,6,27.3,0.0,6.1,136.5,40.95
596,2025-01-22,3,1,29.3,0.0,3.0,131.85,35.16
597,2025-01-22,23,3,52.4,0.0,6.2,340.6,110.04
598,2025-01-22,15,3,31.9,0.0,5.2,207.35,66.99
599,2025-01-22,17,3,92.5,0.0,6.3,601.25,194.25
600,2025-01-22,6,3,55.5,0.0,8.0,360.75,116.55
601,2025-01-22,6,4,70.5,0.0,6.6,408.9,133.95
602,2025-01-22,26,1,94.5,0.0,7.4,425.25,113.4
603,2025-01-22,29,2,33.8,0.0,8.2,162.24,47.32
604,2025-01-22,12,6,52.1,0.0,8.1,260.5,78.15
605,2025-01-22,23,6,30.9,0.0,7.2,154.5,46.35
606,2025-01-22,24,4,60.2,0.0,5.8,349.16,114.38
607,2025-01-22,2,1,79.4,0.0,2.9,357.3,95.28
608,2025-01-22,21,2,67.0,0.0,6.1,321.6,93.8
609,2025-01-22,8,4,30.8,0.0,8.2,178.64,58.52
610,2025-01-22,9,5,83.1,0.0,7.5,581.7,191.13
611,2025-01-22,16,5,23.3,0.0,6.8,163.1,53.59
612,2025-01-22,28,6,95.2,0.0,0.1,476.0,142.8
613,2025-01-22,5,5,54.7,0.0,6.8,382.9,125.81
614,2025-01-22,3,6,77.4,10.2,4.4,336.0,116.1
615,2025-01-22,17,2,51.8,0.0,5.2,248.64,72.52
616,2025-01-23,26,5,45.2,4.6,4.6,284.2,103.96
617,2025-01-23,15,1,92.1,0.0,4.8,414.45,110.52
618,2025-01-23,4,5,21.2,0.0,3.6,148.4,48.76
619,2025-01-23,4,5,98.0,0.0,4.1,686.0,225.4
620,2025-01-23,23,1,94.0,0.0,3.8,423.0,112.8
621,2025-01-23,10,2,73.1,0.0,2.9,350.88,102.34
622,2025-01-23,8,3,55.2,0.0,6.2,358.8,115.92
623,2025-01-23,25,1,62.8,0.0,10.4,282.6,75.36
624,2025-01-23,7,4,25.1,0.0,7.4,145.58,47.69
625,2025-01-23,28,6,23.3,0.0,9.7,116.5,34.95
626,2025-01-23,21,1,75.2,14.4,4.8,273.6,90.24
627,2025-01-23,12,4,60.9,0.0,7.6,353.22,115.71
628,2025-01-23,7,6,40.6,0.0,5.5,203.0,60.9
629,2025-01-23,7,4,69.0,0.0,4.0,400.2,131.1
630,2025-01-23,25,5,66.9,0.0,7.9,468.3,153.87
631,2025-01-23,23,1,41.5,0.0,8.6,186.75,49.8
632,2025-01-23,14,4,21.1,0.0,5.4,122.38,40.09
633,2025-01-23,7,3,54.0,0.0,6.9,351.0,113.4
634,2025-01-24,17,1,86.5,0.0,5.3,389.25,103.8
635,2025-01-24,14,2,88.9,0.0,6.2,426.72,124.46
636,2025-01-24,2,3,29.0,0.0,4.6,188.5,60.9
637,2025-01-24,30,3,93.5,0.0,4.6,607.75,196.35
638,2025-01-24,6,5,69.4,0.0,6.1,485.8,159.62
639,2025-01-24,10,4,68.7,0.0,11.0,398.46,130.53
640,2025-01-24,8,5,80.7,0.0,7.7,564.9,185.61
641,2025-01-24,13,3,87.8,0.0,4.9,570.7,184.38
642,2025-01-24,22,3,82.0,0.0,6.6,533.0,172.2
643,2025-01-24,19,5,98.6,0.0,5.4,690.2,226.78
644,2025-01-24,2,3,82.9,0.0,7.8,538.85,174.09
645,2025-01-24,27,6,58.1,0.0,6.1,290.5,87.15
646,2025-01-24,18,5,22.3,0.0,6.3,156.1,51.29
647,2025-01-24,9,3,67.0,0.0,2.5,435.5,140.7
648,2025-01-24,6,3,87.8,0.0,7.7,570.7,184.38
649,2025-01-24,26,2,82.0,0.0,5.4,393.6,114.8
650,2025-01-24,10,3,75.9,0.0,8.8,493.35,159.39
651,2025-01-24,22,2,61.3,0.0,1.7,294.24,85.82
652,2025-01-24,21,1,87.4,0.0,8.9,393.3,104.88
653,2025-01-24,21,2,37.4,0.0,8.3,179.52,52.36
654,2025-01-24,11,6,70.6,0.0,3.0,353.0,105.9
655,2025-01-24,6,6,50.6,0.0,1.5,253.0,75.9
656,2025-01-24,8,1,41.7,0.0,3.5,187.65,50.04
657,2025-01-24,30,4,31.5,0.0,5.2,182.7,59.85
658,2025-01-24,18,5,44.3,0.0,5.2,310.1,101.89
659,2025-01-24,29,4,89.0,0.0,9.9,516.2,169.1
660,2025-01-24,14,3,81.9,0.0,10.2,532.35,171.99
661,2025-01-24,18,4,67.2,0.0,4.9,389.76,127.68
662,2025-01-24,26,6,61.7,0.0,6.6,308.5,92.55
663,2025-01-24,6,4,89.5,0.0,5.4,519.1,170.05
664,2025-01-24,14,3,21.1,0.0,6.1,137.15,44.31
665,2025-01-24,22,6,88.9,0.0,6.3,444.5,133.35
666,2025-01-24,3,4,78.4,0.0,4.8,454.72,148.96
667,2025-01-24,15,4,39.1,0.0,4.9,226.78,74.29
668,2025-01-24,9,2,33.9,0.0,9.1,162.72,47.46
669,2025-01-24,4,3,46.6,0.0,9.5,302.9,97.86
670,2025-01-24,12,4,79.3,0.0,7.1,459.94,150.67
671,2025-01-24,18,6,80.1,0.0,8.3,400.5,120.15
672,2025-01-24,22,2,65.3,0.0,6.0,313.44,91.42
673,2025-01-24,23,3,71.8,0.0,6.5,466.7,150.78
674,2025-01-24,1,6,54.0,0.0,7.3,270.0,81.0
675,2025-01-24,21,6,67.0,0.0,7.6,335.0,100.5
676,2025-01-25,25,6,72.5,0.0,3.8,362.5,108.75
677,2025-01-25,30,6,38.8,0.0,6.1,194.0,58.2
678,2025-01-25,9,6,60.6,0.0,6.8,303.0,90.9
679,2025-01-25,28,1,38.8,0.0,3.0,174.6,46.56
680,2025-01-25,2,6,77.5,30.4,8.2,235.5,116.25
681,2025-01-25,11,6,81.6,0.0,5.9,408.0,122.4
682,2025-01-25,12,2,45.5,9.7,10.3,171.84,63.7
683,2025-01-25,2,4,76.5,0.0,4.8,443.7,145.35
684,2025-01-25,9,2,81.7,0.0,8.6,392.16,114.38
685,2025-01-25,1,2,92.2,0.0,-1.5,442.56,129.08
686,2025-01-25,10,4,84.4,0.0,5.9,489.52,160.36
687,2025-01-25,23,2,32.0,0.0,6.4,153.6,44.8
688,2025-01-25,19,4,47.2,0.0,7.4,273.76,89.68
689,2025-01-25,27,5,74.1,0.0,8.7,518.7,170.43
690,2025-01-25,1,4,29.6,0.0,8.3,171.68,56.24
691,2025-01-25,29,4,42.5,0.0,4.2,246.5,80.75
692,2025-01-25,20,3,37.2,0.0,6.5,241.8,78.12
693,2025-01-25,3,5,66.8,0.0,6.8,467.6,153.64
694,2025-01-25,21,3,93.2,0.0,5.6,605.8,195.72
695,2025-01-25,20,2,30.4,0.0,7.0,145.92,42.56
696,2025-01-25,10,6,56.2,0.0,2.8,281.0,84.3
697,2025-01-25,4,5,87.4,0.0,4.9,611.8,201.02
698,2025-01-26,10,6,57.6,0.0,1.3,288.0,86.4
699,2025-01-26,6,6,76.7,0.0,5.5,383.5,115.05
700,2025-01-26,4,2,81.4,0.0,7.4,390.72,113.96
701,2025-01-26,18,1,54.2,0.0,6.0,243.9,65.04
702,2025-01-26,6,4,37.7,0.0,7.0,218.66,71.63
703,2025-01-26,15,4,34.0,0.0,8.9,197.2,64.6
704,2025-01-26,4,5,92.1,0.0,10.3,644.7,211.83
705,2025-01-26,7,6,40.0,0.0,6.5,200.0,60.0
706,2025-01-26,22,1,90.1,0.0,5.8,405.45,108.12
707,2025-01-26,20,2,85.4,0.0,9.0,409.92,119.56
708,2025-01-26,16,3,27.6,0.0,9.6,179.4,57.96
709,2025-01-26,18,6,99.1,0.0,5.9,495.5,148.65
710,2025-01-26,14,1,62.5,0.0,5.4,281.25,75.0
711,2025-01-26,8,5,91.4,0.0,6.1,639.8,210.22
712,2025-01-26,15,3,56.7,0.0,4.4,368.55,119.07
713,2025-01-26,17,6,91.8,0.0,13.5,459.0,137.7
714,2025-01-26,27,3,81.0,0.0,9.1,526.5,170.1
715,2025-01-26,22,3,92.6,0.0,6.9,601.9,194.46
716,2025-01-26,17,1,82.0,0.0,5.6,369.0,98.4
717,2025-01-26,14,3,99.5,0.0,5.0,646.75,208.95
718,2025-01-26,11,2,51.1,0.0,9.9,245.28,71.54
719,2025-01-26,2,6,76.2,0.0,5.9,381.0,114.3
720,2025-01-26,14,2,45.7,0.0,7.3,219.36,63.98
721,2025-01-26,29,2,60.8,0.0,1.8,291.84,85.12
722,2025-01-26,24,5,31.1,0.0,4.6,217.7,71.53
723,2025-01-27,2,4,44.6,0.0,5.6,258.68,84.74
724,2025-01-27,11,1,37.5,0.0,3.6,168.75,45.0
725,2025-01-27,25,1,28.3,0.0,9.2,127.35,33.96
726,2025-01-27,20,6,78.1,0.0,6.5,390.5,117.15
727,2025-01-27,1,4,45.5,0.0,2.3,263.9,86.45
728,2025-01-27,4,5,37.1,11.8,3.5,177.1,85.33
729,2025-01-27,16,5,33.0,0.0,5.2,231.0,75.9
730,2025-01-27,29,4,40.5,0.0,8.0,234.9,76.95
731,2025-01-27,3,3,40.4,0.0,4.7,262.6,84.84
732,2025-01-27,27,2,36.8,0.0,5.5,176.64,51.52
733,2025-01-27,19,4,47.6,0.0,3.5,276.08,90.44
734,2025-01-27,11,2,20.9,0.0,4.4,100.32,29.26
735,2025-01-27,15,6,24.6,0.0,7.5,123.0,36.9
736,2025-01-27,8,4,75.4,0.0,6.0,437.32,143.26
737,2025-01-27,19,3,25.3,0.0,6.6,164.45,53.13
738,2025-01-27,19,6,70.9,0.0,8.4,354.5,106.35
739,2025-01-27,1,6,27.7,0.0,4.6,138.5,41.55
740,2025-01-27,28,5,94.8,0.0,6.8,663.6,218.04
741,2025-01-27,28,3,75.7,0.0,7.1,492.05,158.97
742,2025-01-27,9,6,28.0,0.0,8.5,140.0,42.0
743,2025-01-27,7,1,52.9,0.0,4.6,238.05,63.48
744,2025-01-27,6,1,83.3,0.0,2.6,374.85,99.96
745,2025-01-27,24,4,45.4,0.0,4.7,263.32,86.26
746,2025-01-27,22,4,97.3,11.0,12.5,500.54,184.87
747,2025-01-27,10,6,66.1,0.0,4.8,330.5,99.15
748,2025-01-27,18,2,52.2,0.0,7.0,250.56,73.08
749,2025-01-27,19,2,28.6,0.0,5.1,137.28,40.04
750,2025-01-28,28,6,78.0,0.0,3.7,390.0,117.0
751,2025-01-28,15,2,49.2,0.0,5.2,236.16,68.88
752,2025-01-28,17,6,88.8,0.0,3.2,444.0,133.2
753,2025-01-28,28,4,25.7,0.0,3.3,149.06,48.83
754,2025-01-28,22,1,43.5,0.0,9.2,195.75,52.2
755,2025-01-28,24,5,94.7,0.0,7.7,662.9,217.81
756,2025-01-28,7,2,68.6,14.7,9.1,258.72,96.04
757,2025-01-28,2,6,91.6,0.0,1.1,458.0,137.4
758,2025-01-28,8,4,43.9,0.0,0.8,254.62,83.41
759,2025-01-28,19,2,90.8,0.0,7.6,435.84,127.12
760,2025-01-28,16,1,100.0,0.0,3.9,450.0,120.0
761,2025-01-28,20,2,87.0,0.0,10.2,417.6,121.8
762,2025-01-28,17,3,30.0,0.0,6.8,195.0,63.0
763,2025-01-28,11,2,36.0,0.0,5.5,172.8,50.4
764,2025-01-28,30,2,70.4,0.0,6.5,337.92,98.56
765,2025-01-28,8,4,48.1,0.0,4.8,278.98,91.39
766,2025-01-28,30,1,47.4,0.0,6.5,213.3,56.88
767,2025-01-28,24,3,70.8,0.0,6.1,460.2,148.68
768,2025-01-28,16,6,37.6,0.0,3.6,188.0,56.4
769,2025-01-28,25,6,29.2,0.0,5.9,146.0,43.8
770,2025-01-28,18,1,62.6,0.0,10.9,281.7,75.12
771,2025-01-28,14,6,88.7,0.0,0.9,443.5,133.05
772,2025-01-28,15,6,35.7,0.0,8.6,178.5,53.55
773,2025-01-29,17,2,94.5,18.8,4.9,363.36,132.3
774,2025-01-29,5,3,57.8,0.0,6.0,375.7,121.38
775,2025-01-29,20,1,98.1,0.0,8.5,441.45,117.72
776,2025-01-29,1,4,96.1,0.0,8.0,557.38,182.59
777,2025-01-29,18,1,74.0,0.0,6.2,333.0,88.8
778,2025-01-29,7,4,78.1,0.0,4.9,452.98,148.39
779,2025-01-29,24,4,82.1,0.0,5.8,476.18,155.99
780,2025-01-29,2,4,78.0,0.0,6.5,452.4,148.2
781,2025-01-29,26,1,95.5,0.0,11.7,429.75,114.6
782,2025-01-29,14,1,43.4,0.0,6.0,195.3,52.08
783,2025-01-29,7,5,42.6,0.0,6.7,298.2,97.98
784,2025-01-29,6,1,32.6,0.0,4.5,146.7,39.12
785,2025-01-29,5,4,55.3,0.0,5.7,320.74,105.07
786,2025-01-29,2,2,61.9,0.0,7.6,297.12,86.66
787,2025-01-29,21,1,99.7,0.0,8.2,448.65,119.64
788,2025-01-29,4,6,79.9,0.0,3.4,399.5,119.85
789,2025-01-29,13,6,52.5,0.0,4.0,262.5,78.75
790,2025-01-29,14,6,57.1,0.0,5.2,285.5,85.65
791,2025-01-29,30,4,56.2,0.0,4.1,325.96,106.78
792,2025-01-29,18,2,39.0,0.0,5.7,187.2,54.6
793,2025-01-29,29,3,20.5,0.0,5.7,133.25,43.05
794,2025-01-29,22,4,49.4,0.0,2.7,286.52,93.86
795,2025-01-29,25,5,62.6,0.0,5.7,438.2,143.98
796,2025-01-29,28,2,80.7,0.0,8.5,387.36,112.98
797,2025-01-29,29,1,60.1,0.0,6.6,270.45,72.12
798,2025-01-29,11,4,42.7,0.0,5.5,247.66,81.13
799,2025-01-29,4,2,23.5,0.0,6.4,112.8,32.9
800,2025-01-29,2,5,72.4,0.0,9.5,506.8,166.52
801,2025-01-29,13,2,34.1,0.0,6.9,163.68,47.74
802,2025-01-29,19,6,49.8,0.0,7.9,249.0,74.7
803,2025-01-29,1,4,47.5,0.0,2.8,275.5,90.25
804,2025-01-30,27,5,63.3,0.0,7.7,443.1,145.59
805,2025-01-30,8,5,61.1,23.9,7.3,260.4,140.53
806,2025-01-30,21,3,98.5,0.0,9.5,640.25,206.85
807,2025-01-30,20,1,22.6,0.0,6.3,101.7,27.12
808,2025-01-30,9,6,25.8,0.0,8.4,129.0,38.7
809,2025-01-30,5,4,94.4,0.0,3.2,547.52,179.36
810,2025-01-30,9,6,33.9,0.0,5.7,169.5,50.85
811,2025-01-30,7,6,36.3,0.0,0.2,181.5,54.45
812,2025-01-30,25,5,69.0,0.0,5.6,483.0,158.7
813,2025-01-30,29,2,84.3,0.0,7.5,404.64,118.02
814,2025-01-30,7,6,50.6,5.5,8.3,225.5,75.9
815,2025-01-30,23,5,30.9,0.0,8.4,216.3,71.07
816,2025-01-30,2,6,25.0,0.0,6.4,125.0,37.5
817,2025-01-30,23,2,24.9,0.0,6.0,119.52,34.86
818,2025-01-30,2,6,85.4,0.0,6.3,427.0,128.1
819,2025-01-30,20,6,26.1,0.0,3.4,130.5,39.15
820,2025-01-30,18,1,88.5,32.4,8.4,252.45,106.2
821,2025-01-30,6,5,47.3,0.0,7.5,331.1,108.79
822,2025-01-30,11,4,67.1,0.0,11.0,389.18,127.49
823,2025-01-30,18,6,39.7,0.0,8.0,198.5,59.55
824,2025-01-30,8,3,88.1,0.0,6.0,572.65,185.01
825,2025-01-30,24,3,46.4,0.0,6.8,301.6,97.44
826,2025-01-31,6,4,67.5,8.1,6.7,344.52,128.25
827,2025-01-31,30,2,61.5,0.0,9.0,295.2,86.1
828,2025-01-31,2,6,70.9,0.0,0.8,354.5,106.35
829,2025-01-31,3,4,30.9,0.0,4.1,179.22,58.71
830,2025-01-31,11,1,76.1,0.0,8.9,342.45,91.32
831,2025-01-31,28,5,69.1,0.0,8.8,483.7,158.93
832,2025-01-31,4,1,59.9,0.0,5.2,269.55,71.88
833,2025-01-31,24,5,90.4,0.0,6.7,632.8,207.92
834,2025-01-31,21,2,32.5,0.0,6.5,156.0,45.5
835,2025-01-31,13,1,26.5,0.0,4.9,119.25,31.8
836,2025-01-31,12,1,95.4,0.0,6.5,429.3,114.48
837,2025-01-31,2,4,99.1,0.0,6.8,574.78,188.29
838,2025-01-31,11,4,94.1,0.0,3.3,545.78,178.79
839,2025-01-31,15,3,73.5,0.0,7.5,477.75,154.35
840,2025-01-31,14,1,49.6,0.0,6.4,223.2,59.52
841,2025-01-31,20,1,76.0,0.0,6.9,342.0,91.2
842,2025-01-31,8,4,23.2,0.0,1.8,134.56,44.08
843,2025-01-31,3,5,68.7,0.0,3.2,480.9,158.01
844,2025-01-31,21,1,82.3,0.0,5.3,370.35,98.76
845,2025-01-31,21,5,81.2,27.7,2.4,374.5,186.76
846,2025-01-31,15,2,59.8,0.0,7.3,287.04,83.72
847,2025-01-31,10,6,89.2,0.0,10.8,446.0,133.8
848,2025-01-31,20,5,78.8,0.0,8.3,551.6,181.24
849,2025-01-31,21,2,39.0,0.0,6.2,187.2,54.6
850,2025-01-31,22,5,22.3,0.0,7.1,156.1,51.29
851,2025-01-31,26,5,27.2,0.0,7.7,190.4,62.56
852,2025-01-31,5,6,97.4,0.0,9.3,487.0,146.1
853,2025-01-31,2,6,49.5,0.0,1.4,247.5,74.25
854,2025-01-31,20,4,95.5,0.0,7.1,553.9,181.45
855,2025-01-31,15,6,78.1,0.0,8.0,390.5,117.15
856,2025-01-31,8,2,64.5,0.0,8.2,309.6,90.3
857,2025-01-31,12,4,61.6,0.0,4.7,357.28,117.04
858,2025-01-31,8,6,37.4,0.0,2.1,187.0,56.1
859,2025-01-31,7,1,70.0,0.0,5.0,315.0,84.0
860,2025-01-31,9,5,42.8,0.0,5.9,299.6,98.44
861,2025-01-31,9,6,23.1,0.0,8.4,115.5,34.65
862,2025-01-31,3,4,22.0,0.0,6.6,127.6,41.8
863,2025-01-31,10,4,38.6,0.0,7.1,223.88,73.34
864,2025-01-31,28,2,44.2,0.0,4.2,212.16,61.88
865,2025-01-31,20,4,22.0,0.0,3.9,127.6,41.8
866,2025-01-31,24,6,76.5,0.0,6.6,382.5,114.75
867,2025-01-31,24,1,81.9,0.0,8.2,368.55,98.28
868,2025-01-31,14,3,75.7,0.0,6.9,492.05,158.97
869,2025-01-31,30,3,43.6,0.0,4.4,283.4,91.56
870,2025-01-31,8,1,47.1,0.0,4.8,211.95,56.52
871,2025-02-01,11,6,94.9,0.0,2.9,474.5,142.35
872,2025-02-01,30,6,40.7,0.0,2.2,203.5,61.05
873,2025-02-01,11,5,34.6,0.0,8.5,242.2,79.58
874,2025-02-01,22,5,42.6,0.0,2.5,298.2,97.98
875,2025-02-01,20,2,34.1,11.9,9.1,106.56,47.74
876,2025-02-01,29,2,36.1,0.0,-0.2,173.28,50.54
877,2025-02-01,22,5,43.7,0.0,4.1,305.9,100.51
878,2025-02-01,1,3,52.6,0.0,3.7,341.9,110.46
879,2025-02-01,11,6,26.4,0.0,4.9,132.0,39.6
880,2025-02-01,21,1,61.2,0.0,5.1,275.4,73.44
881,2025-02-01,14,3,69.1,0.0,9.3,449.15,145.11
882,2025-02-01,21,4,84.1,0.0,7.0,487.78,159.79
883,2025-02-01,25,2,75.2,0.0,10.4,360.96,105.28
884,2025-02-01,8,2,28.8,0.0,8.5,138.24,40.32
885,2025-02-01,30,5,49.0,0.0,8.4,343.0,112.7
886,2025-02-01,11,3,88.0,0.0,2.5,572.0,184.8
887,2025-02-01,26,2,97.0,0.0,7.5,465.6,135.8
888,2025-02-01,16,4,95.6,0.0,6.6,554.48,181.64
889,2025-02-01,1,5,94.8,0.0,3.6,663.6,218.04
890,2025-02-01,5,3,48.2,0.0,4.7,313.3,101.22
891,2025-02-01,4,3,38.1,0.0,7.5,247.65,80.01
892,2025-02-01,17,1,36.8,0.0,4.1,165.6,44.16
893,2025-02-02,4,1,43.8,0.0,4.1,197.1,52.56
894,2025-02-02,21,4,91.7,0.0,9.6,531.86,174.23
895,2025-02-02,4,1,88.8,0.0,6.8,399.6,106.56
896,2025-02-02,6,4,36.3,0.0,6.4,210.54,68.97
897,2025-02-02,21,4,85.3,0.0,4.2,494.74,162.07
898,2025-02-02,29,3,98.0,0.0,5.2,637.0,205.8
899,2025-02-02,7,5,46.1,0.0,7.6,322.7,106.03
900,2025-02-02,3,2,30.9,0.0,4.2,148.32,43.26
901,2025-02-02,28,2,38.0,0.0,9.6,182.4,53.2
902,2025-02-02,22,6,84.0,0.0,7.7,420.0,126.0
903,2025-02-02,1,6,38.4,0.0,-2.2,192.0,57.6
904,2025-02-02,7,2,39.6,14.4,8.9,120.96,55.44
905,2025-02-02,12,2,53.6,0.0,1.3,257.28,75.04
906,2025-02-02,26,6,95.9,0.0,6.6,479.5,143.85
907,2025-02-02,24,3,83.8,0.0,8.6,544.7,175.98
908,2025-02-02,3,6,74.1,0.0,5.6,370.5,111.15
909,2025-02-02,29,4,63.4,0.0,0.9,367.72,120.46
910,2025-02-02,1,3,49.3,0.0,6.8,320.45,103.53
911,2025-02-02,18,3,67.6,0.0,3.9,439.4,141.96
912,2025-02-02,15,3,70.4,0.0,6.7,457.6,147.84
913,2025-02-02,2,1,80.0,0.0,8.8,360.0,96.0
914,2025-02-02,19,2,62.7,0.0,5.0,300.96,87.78
915,2025-02-02,3,3,74.0,0.0,5.2,481.0,155.4
916,2025-02-02,23,1,29.8,0.0,0.3,134.1,35.76
917,2025-02-02,8,4,63.3,0.0,4.2,367.14,120.27
918,2025-02-02,1,4,23.7,0.0,4.7,137.46,45.03
919,2025-02-02,15,5,47.8,0.0,5.2,334.6,109.94
920,2025-02-02,20,3,72.7,0.0,4.6,472.55,152.67
921,2025-02-02,30,1,93.2,0.0,2.5,419.4,111.84
922,2025-02-02,17,4,54.8,0.0,4.6,317.84,104.12
923,2025-02-02,21,1,74.3,0.0,1.7,334.35,89.16
924,2025-02-02,14,6,35.6,0.0,6.9,178.0,53.4
925,2025-02-02,27,4,44.6,0.0,10.0,258.68,84.74
926,2025-02-02,10,5,68.2,0.0,8.0,477.4,156.86
927,2025-02-02,24,3,26.5,0.0,3.4,172.25,55.65
928,2025-02-02,20,3,56.1,0.0,4.6,364.65,117.81
929,2025-02-02,20,6,90.1,0.0,4.7,450.5,135.15
930,2025-02-02,8,4,28.6,0.0,7.3,165.88,54.34
931,2025-02-02,14,1,22.1,0.0,5.1,99.45,26.52
932,2025-02-02,8,3,83.1,0.0,6.9,540.15,174.51
933,2025-02-02,19,1,76.1,0.0,2.0,342.45,91.32
934,2025-02-02,20,5,71.3,0.0,7.6,499.1,163.99
935,2025-02-02,18,2,53.9,0.0,4.9,258.72,75.46
936,2025-02-02,8,5,58.3,0.0,2.1,408.1,134.09
937,2025-02-02,28,5,89.5,10.1,5.4,555.8,205.85
938,2025-02-02,2,2,76.6,0.0,5.1,367.68,107.24
939,2025-02-03,21,4,29.1,0.0,2.7,168.78,55.29
940,2025-02-03,24,5,34.8,0.0,4.2,243.6,80.04
941,2025-02-03,23,2,94.8,0.0,6.2,455.04,132.72
942,2025-02-03,9,5,70.4,0.0,7.7,492.8,161.92
943,2025-02-03,28,5,62.4,6.4,11.8,392.0,143.52
944,2025-02-03,22,5,47.1,0.0,6.8,329.7,108.33
945,2025-02-03,23,1,68.4,0.0,8.9,307.8,82.08
946,2025-02-03,23,1,41.3,0.0,5.4,185.85,49.56
947,2025-02-03,8,2,50.2,0.0,5.9,240.96,70.28
948,2025-02-03,24,2,29.8,6.4,9.4,112.32,41.72
949,2025-02-03,3,6,99.3,0.0,3.8,496.5,148.95
950,2025-02-03,5,3,52.5,0.0,5.1,341.25,110.25
951,2025-02-03,3,3,52.7,0.0,4.9,342.55,110.67
952,2025-02-03,2,3,25.0,0.0,6.7,162.5,52.5
953,2025-02-03,5,4,43.7,0.0,6.6,253.46,83.03
954,2025-02-03,10,4,84.3,0.0,8.1,488.94,160.17
955,2025-02-03,26,1,21.8,0.0,6.4,98.1,26.16
956,2025-02-03,11,2,56.6,0.0,7.9,271.68,79.24
957,2025-02-03,29,5,49.8,0.0,9.0,348.6,114.54
958,2025-02-03,16,2,62.1,0.0,6.4,298.08,86.94
959,2025-02-03,23,2,79.0,0.0,7.1,379.2,110.6
960,2025-02-03,10,4,51.9,0.0,4.2,301.02,98.61
961,2025-02-03,5,5,68.2,0.0,3.2,477.4,156.86
962,2025-02-03,4,2,56.6,0.0,11.3,271.68,79.24
963,2025-02-03,19,6,78.8,0.0,5.9,394.0,118.2
964,2025-02-03,8,2,57.3,0.0,6.1,275.04,80.22
965,2025-02-03,10,2,77.2,0.0,4.0,370.56,108.08
966,2025-02-03,12,4,89.1,0.0,7.0,516.78,169.29
967,2025-02-03,19,5,22.6,0.0,9.5,158.2,51.98
968,2025-02-03,11,3,80.8,0.0,8.0,525.2,169.68
969,2025-02-04,1,3,28.0,0.0,10.2,182.0,58.8
970,2025-02-04,25,1,41.8,0.0,8.9,188.1,50.16
971,2025-02-04,3,4,96.7,0.0,7.4,560.86,183.73
972,2025-02-04,29,2,81.7,0.0,3.4,392.16,114.38
973,2025-02-04,22,3,61.5,0.0,5.3,399.75,129.15
974,2025-02-04,20,5,62.4,0.0,4.8,436.8,143.52
975,2025-02-04,19,5,43.9,16.7,10.6,190.4,100.97
976,2025-02-04,29,4,78.4,0.0,3.9,454.72,148.96
977,2025-02-04,21,1,22.9,0.0,1.8,103.05,27.48
978,2025-02-04,5,3,80.8,0.0,6.5,525.2,169.68
979,2025-02-04,2,4,80.8,0.0,6.5,468.64,153.52
980,2025-02-04,19,4,95.7,0.0,10.9,555.06,181.83
981,2025-02-04,3,4,50.7,0.0,6.4,294.06,96.33
982,2025-02-04,30,2,69.9,0.0,3.5,335.52,97.86
983,2025-02-04,11,6,62.2,0.0,3.5,311.0,93.3
984,2025-02-04,1,4,95.3,0.0,4.6,552.74,181.07
985,2025-02-04,8,5,63.4,0.0,10.6,443.8,145.82
986,2025-02-04,22,1,27.4,0.0,5.2,123.3,32.88
987,2025-02-05,7,3,91.4,0.0,4.9,594.1,191.94
988,2025-02-05,6,1,83.2,0.0,4.7,374.4,99.84
989,2025-02-05,5,3,57.0,0.0,1.3,370.5,119.7
990,2025-02-05,5,1,67.6,0.0,7.3,304.2,81.12
991,2025-02-05,28,3,54.1,21.0,9.1,215.15,113.61
992,2025-02-05,5,5,64.4,0.0,4.6,450.8,148.12
993,2025-02-05,30,2,63.6,0.0,4.0,305.28,89.04
994,2025-02-05,26,6,26.7,0.0,2.5,133.5,40.05
995,2025-02-05,23,3,43.3,0.0,6.0,281.45,90.93
996,2025-02-05,7,5,86.7,0.0,9.4,606.9,199.41
997,2025-02-05,6,6,78.0,0.0,3.4,390.0,117.0
998,2025-02-05,2,2,45.3,0.0,5.3,217.44,63.42
999,2025-02-05,20,2,52.9,0.0,11.0,253.92,74.06
1000,2025-02-05,23,5,34.1,0.0,5.3,238.7,78.43
1001,2025-02-05,30,1,85.7,0.0,7.6,385.65,102.84
1002,2025-02-05,12,5,38.6,0.0,7.6,270.2,88.78
1003,2025-02-05,22,1,92.9,0.0,4.7,418.05,111.48
1004,2025-02-05,28,2,36.3,0.0,4.3,174.24,50.82
1005,2025-02-05,20,3,72.8,0.0,7.6,473.2,152.88
1006,2025-02-05,1,4,51.5,0.0,4.1,298.7,97.85
1007,2025-02-05,4,2,54.9,0.0,1.0,263.52,76.86
1008,2025-02-05,24,4,98.9,0.0,6.5,573.62,187.91
1009,2025-02-05,7,1,89.5,0.0,6.6,402.75,107.4
1010,2025-02-05,3,1,76.8,0.0,6.6,345.6,92.16
1011,2025-02-05,15,4,61.1,0.0,6.5,354.38,116.09
1012,2025-02-05,2,6,46.9,0.0,4.4,234.5,70.35
1013,2025-02-05,6,3,80.7,0.0,7.5,524.55,169.47
1014,2025-02-05,21,1,31.1,0.0,5.9,139.95,37.32
1015,2025-02-05,26,6,39.4,0.0,4.5,197.0,59.1
1016,2025-02-05,29,2,88.5,21.9,9.3,319.68,123.9
1017,2025-02-05,5,5,87.8,0.0,4.0,614.6,201.94
1018,2025-02-05,13,5,30.9,0.0,2.8,216.3,71.07
1019,2025-02-05,15,3,83.9,0.0,1.3,545.35,176.19
1020,2025-02-05,17,3,51.5,12.9,11.1,250.9,108.15
1021,2025-02-06,15,5,90.2,0.0,10.7,631.4,207.46
1022,2025-02-06,3,3,41.7,0.0,8.4,271.05,87.57
1023,2025-02-06,15,6,70.9,0.0,5.4,354.5,106.35
1024,2025-02-06,26,4,72.2,0.0,8.7,418.76,137.18
1025,2025-02-06,25,5,28.3,0.0,10.9,198.1,65.09
1026,2025-02-06,26,6,76.2,0.0,6.6,381.0,114.3
1027,2025-02-06,14,2,83.4,0.0,7.7,400.32,116.76
1028,2025-02-06,15,3,29.7,0.0,6.9,193.05,62.37
1029,2025-02-06,9,4,35.4,0.0,8.0,205.32,67.26
1030,2025-02-06,22,2,34.7,0.0,4.2,166.56,48.58
1031,2025-02-06,10,3,85.6,0.0,7.5,556.4,179.76
1032,2025-02-06,8,5,49.6,0.0,4.6,347.2,114.08
1033,2025-02-06,6,2,60.9,0.0,6.3,292.32,85.26
1034,2025-02-06,3,2,77.7,0.0,6.6,372.96,108.78
1035,2025-02-06,8,5,74.9,0.0,6.6,524.3,172.27
1036,2025-02-06,18,2,85.7,0.0,4.5,411.36,119.98
1037,2025-02-06,17,3,67.2,0.0,3.9,436.8,141.12
1038,2025-02-06,26,6,54.2,0.0,4.7,271.0,81.3
1039,2025-02-06,14,6,42.4,0.0,2.0,212.0,63.6
1040,2025-02-06,9,2,91.2,0.0,7.7,437.76,127.68
1041,2025-02-06,5,4,95.8,0.0,1.5,555.64,182.02
1042,2025-02-06,1,4,20.0,0.0,6.8,116.0,38.0
1043,2025-02-06,20,1,52.9,0.0,7.3,238.05,63.48
1044,2025-02-06,29,6,59.0,0.0,6.7,295.0,88.5
1045,2025-02-06,18,5,32.8,0.0,10.7,229.6,75.44
1046,2025-02-06,22,2,54.2,0.0,8.5,260.16,75.88
1047,2025-02-06,4,1,88.0,19.5,10.4,308.25,105.6
1048,2025-02-06,10,2,64.6,0.0,4.5,310.08,90.44
1049,2025-02-07,29,5,50.4,0.0,8.6,352.8,115.92
1050,2025-02-07,6,4,38.6,0.0,5.1,223.88,73.34
1051,2025-02-07,2,3,20.9,0.0,7.4,135.85,43.89
1052,2025-02-07,24,5,71.1,0.0,7.9,497.7,163.53
1053,2025-02-07,13,1,88.0,0.0,8.7,396.0,105.6
1054,2025-02-07,5,1,89.4,0.0,2.7,402.3,107.28
1055,2025-02-07,27,5,27.9,5.9,9.8,154.0,64.17
1056,2025-02-07,26,2,76.0,23.3,7.4,252.96,106.4
1057,2025-02-07,19,3,46.5,0.0,3.0,302.25,97.65
1058,2025-02-07,26,1,61.0,0.0,3.0,274.5,73.2
1059,2025-02-07,18,5,82.5,0.0,7.1,577.5,189.75
1060,2025-02-07,13,4,79.3,0.0,7.4,459.94,150.67
1061,2025-02-07,30,3,27.1,0.0,6.4,176.15,56.91
1062,2025-02-07,28,4,77.3,0.0,10.0,448.34,146.87
1063,2025-02-07,27,5,27.7,0.0,3.3,193.9,63.71
1064,2025-02-07,3,2,81.1,0.0,8.5,389.28,113.54
1065,2025-02-07,14,6,46.4,0.0,3.6,232.0,69.6
1066,2025-02-07,11,1,72.0,0.0,7.3,324.0,86.4
1067,2025-02-07,23,5,25.5,0.0,5.1,178.5,58.65
1068,2025-02-07,26,6,32.0,0.0,7.5,160.0,48.0
1069,2025-02-07,28,6,46.6,0.0,5.3,233.0,69.9
1070,2025-02-07,10,6,45.2,0.0,8.5,226.0,67.8
1071,2025-02-08,12,5,21.4,0.0,1.3,149.8,49.22
1072,2025-02-08,25,1,66.6,0.0,2.2,299.7,79.92
1073,2025-02-08,9,3,58.9,0.0,7.5,382.85,123.69
1074,2025-02-08,13,1,39.0,0.0,4.6,175.5,46.8
1075,2025-02-08,12,2,90.6,0.0,3.9,434.88,126.84
1076,2025-02-08,26,6,58.3,0.0,4.8,291.5,87.45
1077,2025-02-08,25,2,77.7,0.0,3.9,372.96,108.78
1078,2025-02-08,11,3,95.8,0.0,5.0,622.7,201.18
1079,2025-02-08,14,3,77.2,0.0,10.4,501.8,162.12
1080,2025-02-08,12,6,38.3,0.0,7.1,191.5,57.45
1081,2025-02-08,11,6,60.3,0.0,6.7,301.5,90.45
1082,2025-02-08,10,2,69.2,0.0,0.1,332.16,96.88
1083,2025-02-08,8,1,50.9,0.0,7.5,229.05,61.08
1084,2025-02-08,26,4,33.5,0.0,2.3,194.3,63.65
1085,2025-02-08,20,2,26.0,7.2,10.2,90.24,36.4
1086,2025-02-08,15,5,99.5,15.2,11.9,590.1,228.85
1087,2025-02-08,1,4,93.8,0.0,8.3,544.04,178.22
1088,2025-02-08,10,6,48.9,0.0,7.9,244.5,73.35
1089,2025-02-08,7,3,43.3,0.0,5.3,281.45,90.93
1090,2025-02-08,16,3,72.2,0.0,4.6,469.3,151.62
1091,2025-02-08,23,2,73.5,0.0,5.7,352.8,102.9
1092,2025-02-08,10,3,45.0,0.0,8.0,292.5,94.5
1093,2025-02-08,22,6,78.6,0.0,5.7,393.0,117.9
1094,2025-02-08,1,6,90.2,0.0,1.2,451.0,135.3
1095,2025-02-08,5,2,40.7,0.0,6.6,195.36,56.98
1096,2025-02-08,27,1,99.9,0.0,6.3,449.55,119.88
1097,2025-02-08,15,3,26.9,0.0,6.1,174.85,56.49
1098,2025-02-08,30,4,83.2,0.0,3.1,482.56,158.08
1099,2025-02-08,8,1,28.1,0.0,5.0,126.45,33.72
1100,2025-02-08,27,5,28.4,0.0,5.9,198.8,65.32
1101,2025-02-08,10,6,49.5,0.0,12.6,247.5,74.25
1102,2025-02-08,11,4,79.6,0.0,8.6,461.68,151.24
1103,2025-02-08,3,2,54.2,0.0,5.3,260.16,75.88
1104,2025-02-08,1,6,96.2,0.0,7.2,481.0,144.3
1105,2025-02-09,1,6,75.2,0.0,7.4,376.0,112.8
1106,2025-02-09,28,4,28.0,0.0,1.9,162.4,53.2
1107,2025-02-09,2,6,81.7,0.0,1.9,408.5,122.55
1108,2025-02-09,2,2,29.6,0.0,8.2,142.08,41.44
1109,2025-02-09,1,2,85.7,0.0,3.8,411.36,119.98
1110,2025-02-09,12,6,31.3,0.0,3.6,156.5,46.95
1111,2025-02-09,25,4,73.8,0.0,6.9,428.04,140.22
1112,2025-02-09,23,6,22.8,0.0,-0.6,114.0,34.2
1113,2025-02-09,1,4,73.7,0.0,8.0,427.46,140.03
1114,2025-02-09,9,6,32.8,0.0,1.4,164.0,49.2
1115,2025-02-09,28,2,77.0,0.0,6.9,369.6,107.8
1116,2025-02-09,19,2,98.8,0.0,6.4,474.24,138.32
1117,2025-02-09,7,4,51.4,0.0,3.8,298.12,97.66
1118,2025-02-09,12,1,28.7,0.0,7.8,129.15,34.44
1119,2025-02-09,7,6,27.4,0.0,8.1,137.0,41.1
1120,2025-02-09,27,3,45.1,0.0,6.4,293.15,94.71
1121,2025-02-09,21,4,36.9,0.0,7.1,214.02,70.11
1122,2025-02-09,9,3,90.8,0.0,9.7,590.2,190.68
1123,2025-02-09,5,6,52.6,0.0,4.3,263.0,78.9
1124,2025-02-09,19,3,64.3,0.0,3.0,417.95,135.03
1125,2025-02-09,17,5,67.3,0.0,4.2,471.1,154.79
1126,2025-02-09,21,4,51.2,0.0,7.8,296.96,97.28
1127,2025-02-09,6,5,49.2,0.0,3.7,344.4,113.16
1128,2025-02-09,8,6,33.9,0.0,8.0,169.5,50.85
1129,2025-02-09,14,3,24.8,0.0,6.1,161.2,52.08
1130,2025-02-09,19,3,95.1,0.0,3.2,618.15,199.71
1131,2025-02-09,12,2,67.4,0.0,6.8,323.52,94.36
1132,2025-02-10,25,5,38.2,0.0,3.0,267.4,87.86
1133,2025-02-10,2,5,29.4,0.0,7.8,205.8,67.62
1134,2025-02-10,8,5,34.7,0.0,2.5,242.9,79.81
1135,2025-02-10,28,1,58.5,0.0,7.8,263.25,70.2
1136,2025-02-10,1,2,52.7,0.0,7.8,252.96,73.78
1137,2025-02-10,14,6,94.5,0.0,7.0,472.5,141.75
1138,2025-02-10,9,4,35.3,0.0,12.7,204.74,67.07
1139,2025-02-10,11,6,53.3,0.0,5.2,266.5,79.95
1140,2025-02-10,12,2,75.3,0.0,8.0,361.44,105.42
1141,2025-02-10,10,1,96.7,32.7,8.0,288.0,116.04
1142,2025-02-10,26,3,60.9,0.0,6.4,395.85,127.89
1143,2025-02-10,24,3,46.2,0.0,10.7,300.3,97.02
1144,2025-02-10,4,3,63.9,0.0,5.4,415.35,134.19
1145,2025-02-10,22,2,59.0,0.0,2.7,283.2,82.6
1146,2025-02-10,19,1,20.5,0.0,2.3,92.25,24.6
1147,2025-02-10,19,5,55.1,0.0,7.5,385.7,126.73
1148,2025-02-10,9,4,25.4,0.0,8.4,147.32,48.26
1149,2025-02-10,23,1,37.6,0.0,5.3,169.2,45.12
1150,2025-02-10,18,1,27.8,0.0,8.3,125.1,33.36
1151,2025-02-10,29,1,69.0,0.0,5.5,310.5,82.8
1152,2025-02-10,2,3,45.3,14.6,9.3,199.55,95.13
1153,2025-02-10,9,6,29.9,0.0,9.3,149.5,44.85
1154,2025-02-10,21,4,69.9,0.0,-1.9,405.42,132.81
1155,2025-02-11,26,1,43.2,0.0,9.0,194.4,51.84
1156,2025-02-11,1,2,75.6,0.0,8.4,362.88,105.84
1157,2025-02-11,9,4,81.4,0.0,3.3,472.12,154.66
1158,2025-02-11,20,4,80.4,0.0,2.8,466.32,152.76
1159,2025-02-11,22,1,31.6,0.0,10.1,142.2,37.92
1160,2025-02-11,16,4,90.8,0.0,9.1,526.64,172.52
1161,2025-02-11,5,6,67.3,0.0,10.5,336.5,100.95
1162,2025-02-11,11,4,58.3,0.0,5.6,338.14,110.77
1163,2025-02-11,12,6,72.2,0.0,2.9,361.0,108.3
1164,2025-02-11,2,4,21.3,0.0,4.7,123.54,40.47
1165,2025-02-11,27,5,39.4,0.0,6.9,275.8,90.62
1166,2025-02-11,16,5,70.9,0.0,3.3,496.3,163.07
1167,2025-02-11,15,5,46.7,0.0,3.4,326.9,107.41
1168,2025-02-11,16,6,60.3,0.0,5.1,301.5,90.45
1169,2025-02-11,5,2,92.1,0.0,4.8,442.08,128.94
1170,2025-02-11,3,3,24.5,0.0,3.0,159.25,51.45
1171,2025-02-11,1,3,28.2,0.0,4.0,183.3,59.22
1172,2025-02-11,5,6,20.6,0.0,4.8,103.0,30.9
1173,2025-02-11,11,6,58.9,0.0,6.4,294.5,88.35
1174,2025-02-11,30,2,56.2,0.0,7.2,269.76,78.68
1175,2025-02-11,14,4,57.6,0.0,7.7,334.08,109.44
1176,2025-02-11,29,1,89.7,0.0,8.4,403.65,107.64
1177,2025-02-11,18,1,85.7,0.0,8.4,385.65,102.84
1178,2025-02-11,26,1,49.4,0.0,10.4,222.3,59.28
1179,2025-02-11,7,2,23.0,0.0,7.3,110.4,32.2
1180,2025-02-11,22,4,23.3,0.0,5.6,135.14,44.27
1181,2025-02-11,24,1,28.1,0.0,3.3,126.45,33.72
1182,2025-02-11,16,1,70.1,0.0,4.0,315.45,84.12
1183,2025-02-11,19,5,26.3,0.0,1.3,184.1,60.49
1184,2025-02-11,18,4,54.7,0.0,6.8,317.26,103.93
1185,2025-02-12,4,4,30.4,0.0,7.8,176.32,57.76
1186,2025-02-12,20,1,48.4,0.0,4.0,217.8,58.08
1187,2025-02-12,11,5,54.7,21.3,9.3,233.8,125.81
1188,2025-02-12,13,4,93.6,0.0,3.5,542.88,177.84
1189,2025-02-12,19,1,90.9,0.0,8.6,409.05,109.08
1190,2025-02-12,30,2,78.6,0.0,5.1,377.28,110.04
1191,2025-02-12,26,6,27.6,0.0,3.7,138.0,41.4
1192,2025-02-12,18,4,68.8,0.0,8.5,399.04,130.72
1193,2025-02-12,7,4,85.7,0.0,4.6,497.06,162.83
1194,2025-02-12,12,5,78.1,0.0,3.3,546.7,179.63
1195,2025-02-12,18,5,28.2,8.5,10.0,137.9,64.86
1196,2025-02-12,29,6,78.1,0.0,8.0,390.5,117.15
1197,2025-02-12,1,4,29.5,0.0,6.2,171.1,56.05
1198,2025-02-12,18,3,58.0,0.0,6.8,377.0,121.8
1199,2025-02-12,17,6,84.1,0.0,10.4,420.5,126.15
1200,2025-02-12,22,2,56.8,0.0,4.2,272.64,79.52
1201,2025-02-12,10,4,31.7,0.0,3.9,183.86,60.23
1202,2025-02-12,20,5,61.3,0.0,8.5,429.1,140.99
1203,2025-02-12,4,4,86.1,0.0,3.8,499.38,163.59
1204,2025-02-12,11,6,47.5,0.0,6.3,237.5,71.25
1205,2025-02-12,15,3,30.4,0.0,8.7,197.6,63.84
1206,2025-02-12,20,5,58.4,0.0,6.7,408.8,134.32
1207,2025-02-12,22,4,48.2,0.0,4.8,279.56,91.58
1208,2025-02-12,29,5,94.0,0.0,7.1,658.0,216.2
1209,2025-02-12,11,5,61.0,0.0,2.5,427.0,140.3
1210,2025-02-13,26,1,40.9,0.0,4.2,184.05,49.08
1211,2025-02-13,7,2,46.9,0.0,1.5,225.12,65.66
1212,2025-02-13,18,4,49.2,0.0,7.4,285.36,93.48
1213,2025-02-13,12,2,26.3,0.0,2.9,126.24,36.82
1214,2025-02-13,27,6,45.4,0.0,5.2,227.0,68.1
1215,2025-02-13,21,4,46.9,0.0,6.6,272.02,89.11
1216,2025-02-13,2,6,36.3,0.0,5.0,181.5,54.45
1217,2025-02-13,2,4,80.3,0.0,6.9,465.74,152.57
1218,2025-02-13,17,4,52.2,0.0,2.7,302.76,99.18
1219,2025-02-13,10,3,80.4,22.5,9.8,376.35,168.84
1220,2025-02-13,21,6,90.9,0.0,5.4,454.5,136.35
1221,2025-02-13,4,6,24.9,0.0,4.8,124.5,37.35
1222,2025-02-13,10,3,80.4,0.0,6.0,522.6,168.84
1223,2025-02-13,27,6,76.4,0.0,4.5,382.0,114.6
1224,2025-02-13,15,2,90.5,0.0,9.7,434.4,126.7
1225,2025-02-13,21,5,69.3,0.0,2.6,485.1,159.39
1226,2025-02-14,25,5,69.4,0.0,3.4,485.8,159.62
1227,2025-02-14,19,6,54.1,0.0,5.5,270.5,81.15
1228,2025-02-14,1,2,25.9,0.0,6.0,124.32,36.26
1229,2025-02-14,11,5,56.9,0.0,7.5,398.3,130.87
1230,2025-02-14,12,5,94.5,16.1,7.1,548.8,217.35
1231,2025-02-14,8,2,32.8,0.0,2.6,157.44,45.92
1232,2025-02-14,18,1,92.2,0.0,8.2,414.9,110.64
1233,2025-02-14,25,4,56.2,0.0,4.9,325.96,106.78
1234,2025-02-14,12,6,95.0,0.0,4.9,475.0,142.5
1235,2025-02-14,11,2,95.7,0.0,8.6,459.36,133.98
1236,2025-02-14,20,5,58.4,0.0,5.6,408.8,134.32
1237,2025-02-14,13,3,91.0,0.0,6.8,591.5,191.1
1238,2025-02-14,19,6,34.4,0.0,6.0,172.0,51.6
1239,2025-02-14,20,4,58.6,0.0,3.6,339.88,111.34
1240,2025-02-14,25,5,46.4,0.0,6.0,324.8,106.72
1241,2025-02-14,29,3,78.7,0.0,5.5,511.55,165.27
1242,2025-02-14,7,1,21.2,0.0,5.3,95.4,25.44
1243,2025-02-14,28,6,56.5,0.0,5.7,282.5,84.75
1244,2025-02-14,1,3,97.8,0.0,4.6,635.7,205.38
1245,2025-02-14,24,1,56.8,0.0,4.8,255.6,68.16
1246,2025-02-14,4,6,87.1,0.0,8.3,435.5,130.65
1247,2025-02-14,24,4,45.2,0.0,6.0,262.16,85.88
1248,2025-02-14,4,5,81.5,0.0,9.8,570.5,187.45
1249,2025-02-14,2,2,94.2,0.0,3.7,452.16,131.88
1250,2025-02-14,3,6,60.4,0.0,5.7,302.0,90.6
1251,2025-02-14,28,1,52.8,0.0,6.1,237.6,63.36
1252,2025-02-14,21,6,75.4,0.0,9.6,377.0,113.1
1253,2025-02-14,25,2,84.6,0.0,7.0,406.08,118.44
1254,2025-02-14,19,2,69.0,0.0,5.5,331.2,96.6
1255,2025-02-14,28,2,39.0,0.0,3.0,187.2,54.6
1256,2025-02-14,28,2,98.5,0.0,3.5,472.8,137.9
1257,2025-02-14,30,2,87.2,0.0,6.0,418.56,122.08
1258,2025-02-14,20,2,23.4,0.0,10.5,112.32,32.76
1259,2025-02-14,9,3,67.2,0.0,8.8,436.8,141.12
1260,2025-02-14,12,6,41.7,0.0,5.0,208.5,62.55
1261,2025-02-14,19,6,25.2,0.0,5.2,126.0,37.8
1262,2025-02-14,20,1,76.0,0.0,9.5,342.0,91.2
1263,2025-02-14,23,3,62.9,0.0,6.8,408.85,132.09
1264,2025-02-14,14,5,87.9,0.0,7.0,615.3,202.17
1265,2025-02-14,20,3,40.4,0.0,9.2,262.6,84.84
1266,2025-02-14,1,2,41.6,0.0,1.4,199.68,58.24
1267,2025-02-14,28,6,22.6,0.0,4.6,113.0,33.9
1268,2025-02-14,10,4,56.2,0.0,6.4,325.96,106.78
1269,2025-02-14,18,1,81.2,0.0,6.2,365.4,97.44
1270,2025-02-14,29,5,31.4,0.0,6.7,219.8,72.22
1271,2025-02-15,2,1,66.5,8.5,12.1,261.0,79.8
1272,2025-02-15,28,2,31.8,0.0,3.8,152.64,44.52
1273,2025-02-15,7,6,34.8,0.0,5.4,174.0,52.2
1274,2025-02-15,16,1,29.9,0.0,6.5,134.55,35.88
1275,2025-02-15,4,5,53.3,0.0,5.2,373.1,122.59
1276,2025-02-15,18,4,80.5,0.0,2.0,466.9,152.95
1277,2025-02-15,30,5,67.3,0.0,10.1,471.1,154.79
1278,2025-02-15,14,6,20.3,0.0,5.5,101.5,30.45
1279,2025-02-15,16,3,94.8,0.0,6.4,616.2,199.08
1280,2025-02-15,24,1,41.7,0.0,8.5,187.65,50.04
1281,2025-02-15,15,4,55.1,0.0,9.5,319.58,104.69
1282,2025-02-15,3,5,79.7,0.0,6.0,557.9,183.31
1283,2025-02-15,15,2,55.1,0.0,6.0,264.48,77.14
1284,2025-02-15,16,2,63.3,0.0,12.3,303.84,88.62
1285,2025-02-15,22,1,73.4,0.0,5.9,330.3,88.08
1286,2025-02-15,2,6,52.4,0.0,6.4,262.0,78.6
1287,2025-02-15,1,1,86.0,0.0,3.8,387.0,103.2
1288,2025-02-15,23,5,55.8,0.0,6.2,390.6,128.34
1289,2025-02-15,17,1,61.7,0.0,9.0,277.65,74.04
1290,2025-02-15,29,1,99.8,0.0,5.7,449.1,119.76
1291,2025-02-15,17,6,42.9,11.3,9.4,158.0,64.35
1292,2025-02-15,10,2,84.1,0.0,2.9,403.68,117.74
1293,2025-02-15,18,1,97.9,0.0,5.8,440.55,117.48
1294,2025-02-15,8,4,45.5,0.0,6.0,263.9,86.45
1295,2025-02-15,9,6,74.8,0.0,-2.0,374.0,112.2
1296,2025-02-15,18,4,28.4,0.0,5.5,164.72,53.96
1297,2025-02-15,22,4,95.6,0.0,7.8,554.48,181.64
1298,2025-02-15,30,2,37.4,0.0,4.7,179.52,52.36
1299,2025-02-15,1,4,37.7,0.0,8.1,218.66,71.63
1300,2025-02-15,26,1,33.0,0.0,3.6,148.5,39.6
1301,2025-02-15,15,5,37.0,0.0,8.0,259.0,85.1
1302,2025-02-15,21,2,53.0,0.0,-0.2,254.4,74.2
1303,2025-02-15,12,5,45.2,0.0,8.9,316.4,103.96
1304,2025-02-16,21,5,68.4,0.0,2.6,478.8,157.32
1305,2025-02-16,13,6,50.8,0.0,6.0,254.0,76.2
1306,2025-02-16,11,1,94.5,0.0,9.2,425.25,113.4
1307,2025-02-16,29,4,51.0,0.0,3.9,295.8,96.9
1308,2025-02-16,10,3,46.7,0.0,9.1,303.55,98.07
1309,2025-02-16,4,2,87.6,0.0,1.5,420.48,122.64
1310,2025-02-16,30,1,48.5,0.0,6.7,218.25,58.2
1311,2025-02-16,17,6,94.4,0.0,3.9,472.0,141.6
1312,2025-02-16,2,3,58.7,0.0,5.4,381.55,123.27
1313,2025-02-16,4,2,29.8,0.0,3.9,143.04,41.72
1314,2025-02-16,22,5,75.6,0.0,7.0,529.2,173.88
1315,2025-02-16,30,6,93.9,0.0,9.1,469.5,140.85
1316,2025-02-16,23,2,84.1,0.0,8.2,403.68,117.74
1317,2025-02-16,23,5,51.0,0.0,2.6,357.0,117.3
1318,2025-02-16,14,4,69.7,0.0,3.7,404.26,132.43
1319,2025-02-16,22,4,30.6,0.0,6.9,177.48,58.14
1320,2025-02-16,26,5,54.8,0.0,7.6,383.6,126.04
1321,2025-02-16,27,2,93.7,0.0,5.7,449.76,131.18
1322,2025-02-16,30,3,56.0,0.0,2.9,364.0,117.6
1323,2025-02-16,10,4,44.7,0.0,10.4,259.26,84.93
1324,2025-02-16,14,2,87.9,0.0,5.8,421.92,123.06
1325,2025-02-16,8,2,48.6,0.0,8.7,233.28,68.04
1326,2025-02-16,12,5,30.4,0.0,7.4,212.8,69.92
1327,2025-02-16,22,1,36.9,0.0,7.2,166.05,44.28
1328,2025-02-16,29,5,43.2,0.0,5.9,302.4,99.36
1329,2025-02-16,30,3,96.1,0.0,5.6,624.65,201.81
1330,2025-02-16,14,2,72.7,0.0,9.8,348.96,101.78
1331,2025-02-16,19,2,47.7,0.0,5.9,228.96,66.78
1332,2025-02-16,22,4,56.2,0.0,8.5,325.96,106.78
1333,2025-02-16,24,3,83.5,0.0,4.2,542.75,175.35
1334,2025-02-16,18,3,68.7,0.0,4.5,446.55,144.27
1335,2025-02-16,16,2,24.7,0.0,4.5,118.56,34.58
1336,2025-02-16,18,5,81.0,0.0,2.5,567.0,186.3
1337,2025-02-16,29,2,97.5,0.0,7.6,468.0,136.5
1338,2025-02-17,22,6,34.5,0.0,6.8,172.5,51.75
1339,2025-02-17,26,6,89.4,0.0,3.4,447.0,134.1
1340,2025-02-17,28,4,42.8,0.0,6.7,248.24,81.32
1341,2025-02-17,14,3,26.9,0.0,8.7,174.85,56.49
1342,2025-02-17,21,5,71.2,9.1,10.9,434.7,163.76
1343,2025-02-17,17,5,25.7,0.0,4.1,179.9,59.11
1344,2025-02-17,9,6,30.9,0.0,2.4,154.5,46.35
1345,2025-02-17,19,3,75.4,0.0,6.9,490.1,158.34
1346,2025-02-17,8,5,49.0,0.0,9.7,343.0,112.7
1347,2025-02-17,12,4,94.6,0.0,7.6,548.68,179.74
1348,2025-02-17,22,2,25.5,0.0,5.6,122.4,35.7
1349,2025-02-17,22,3,57.9,0.0,4.1,376.35,121.59
1350,2025-02-17,15,2,99.6,0.0,5.1,478.08,139.44
1351,2025-02-17,11,1,68.1,9.4,12.2,264.15,81.72
1352,2025-02-17,22,5,30.0,0.0,7.2,210.0,69.0
1353,2025-02-17,10,1,81.8,0.0,6.4,368.1,98.16
1354,2025-02-17,6,1,27.5,0.0,5.2,123.75,33.0
1355,2025-02-17,8,6,81.8,0.0,7.6,409.0,122.7
1356,2025-02-17,4,1,21.6,4.0,10.2,79.2,25.92
1357,2025-02-17,30,1,99.7,0.0,4.8,448.65,119.64
1358,2025-02-17,2,5,70.0,0.0,7.0,490.0,161.0
1359,2025-02-17,1,1,27.1,0.0,1.3,121.95,32.52
1360,2025-02-17,19,5,30.2,0.0,4.2,211.4,69.46
1361,2025-02-17,29,3,82.3,0.0,4.5,534.95,172.83
1362,2025-02-17,10,2,66.1,0.0,5.0,317.28,92.54
1363,2025-02-17,28,5,63.6,0.0,5.0,445.2,146.28
1364,2025-02-17,29,1,48.3,0.0,4.0,217.35,57.96
1365,2025-02-17,18,6,80.2,0.0,4.6,401.0,120.3
1366,2025-02-17,14,1,34.1,0.0,8.3,153.45,40.92
1367,2025-02-17,25,4,92.6,0.0,3.6,537.08,175.94
1368,2025-02-17,28,2,52.9,0.0,9.9,253.92,74.06
1369,2025-02-17,22,6,54.1,0.0,4.3,270.5,81.15
1370,2025-02-17,10,3,61.1,0.0,0.9,397.15,128.31
1371,2025-02-18,4,1,59.7,0.0,-0.4,268.65,71.64
1372,2025-02-18,4,3,71.7,0.0,4.7,466.05,150.57
1373,2025-02-18,1,5,24.5,0.0,9.8,171.5,56.35
1374,2025-02-18,1,5,88.5,0.0,4.9,619.5,203.55
1375,2025-02-18,6,3,51.2,0.0,6.6,332.8,107.52
1376,2025-02-18,17,5,52.8,0.0,7.5,369.6,121.44
1377,2025-02-18,23,3,30.6,0.0,6.3,198.9,64.26
1378,2025-02-18,18,5,73.3,0.0,3.6,513.1,168.59
1379,2025-02-18,21,2,36.8,0.0,7.6,176.64,51.52
1380,2025-02-18,8,4,24.8,0.0,7.4,143.84,47.12
1381,2025-02-18,10,4,79.3,0.0,5.4,459.94,150.67
1382,2025-02-18,1,6,51.2,0.0,4.5,256.0,76.8
1383,2025-02-18,29,2,42.0,0.0,7.1,201.6,58.8
1384,2025-02-18,2,2,45.7,0.0,2.8,219.36,63.98
1385,2025-02-18,23,2,20.2,0.0,5.7,96.96,28.28
1386,2025-02-18,23,5,68.6,0.0,2.7,480.2,157.78
1387,2025-02-18,11,6,97.1,0.0,8.7,485.5,145.65
1388,2025-02-18,7,1,85.1,0.0,10.2,382.95,102.12
1389,2025-02-18,15,6,76.3,0.0,7.9,381.5,114.45
1390,2025-02-18,17,5,50.0,0.0,8.7,350.0,115.0
1391,2025-02-18,16,6,55.6,0.0,8.8,278.0,83.4
1392,2025-02-18,12,6,72.1,0.0,1.7,360.5,108.15
1393,2025-02-18,2,3,35.9,0.0,1.3,233.35,75.39
1394,2025-02-18,11,2,29.5,0.0,9.8,141.6,41.3
1395,2025-02-18,27,6,84.0,0.0,6.9,420.0,126.0
1396,2025-02-18,30,4,99.8,0.0,1.9,578.84,189.62
1397,2025-02-18,12,3,89.5,0.0,5.7,581.75,187.95
1398,2025-02-18,28,2,32.5,0.0,0.6,156.0,45.5
1399,2025-02-18,20,6,76.3,0.0,8.4,381.5,114.45
1400,2025-02-19,24,6,90.8,0.0,11.7,454.0,136.2
1401,2025-02-19,17,3,81.1,0.0,9.5,527.15,170.31
1402,2025-02-19,25,3,38.8,0.0,6.1,252.2,81.48
1403,2025-02-19,5,2,67.9,0.0,10.1,325.92,95.06
1404,2025-02-19,27,6,89.0,0.0,6.2,445.0,133.5
1405,2025-02-19,26,4,60.7,0.0,12.8,352.06,115.33
1406,2025-02-19,6,2,33.3,0.0,8.6,159.84,46.62
1407,2025-02-19,29,4,26.9,10.5,7.6,95.12,51.11
1408,2025-02-19,20,2,72.8,0.0,4.2,349.44,101.92
1409,2025-02-19,28,5,95.3,0.0,3.4,667.1,219.19
1410,2025-02-19,1,6,64.2,0.0,6.9,321.0,96.3
1411,2025-02-19,5,2,75.0,0.0,4.9,360.0,105.0
1412,2025-02-19,3,4,51.8,0.0,7.2,300.44,98.42
1413,2025-02-19,10,3,96.6,0.0,8.4,627.9,202.86
1414,2025-02-19,3,1,48.8,0.0,2.7,219.6,58.56
1415,2025-02-19,3,6,83.2,22.1,5.6,305.5,124.8
1416,2025-02-19,24,6,50.8,5.6,7.2,226.0,76.2
1417,2025-02-19,6,6,78.9,0.0,5.1,394.5,118.35
1418,2025-02-19,9,5,95.4,31.2,5.7,449.4,219.42
1419,2025-02-19,27,5,27.8,0.0,7.9,194.6,63.94
1420,2025-02-19,26,6,83.7,0.0,9.2,418.5,125.55
1421,2025-02-19,20,5,91.4,0.0,6.2,639.8,210.22
1422,2025-02-19,28,1,25.8,0.0,5.8,116.1,30.96
1423,2025-02-19,20,1,47.0,0.0,6.5,211.5,56.4
1424,2025-02-19,2,3,53.9,0.0,5.1,350.35,113.19
1425,2025-02-19,2,4,79.8,0.0,6.2,462.84,151.62
1426,2025-02-19,27,1,24.3,0.0,12.2,109.35,29.16
1427,2025-02-19,12,2,96.3,0.0,4.9,462.24,134.82
1428,2025-02-19,28,5,74.7,0.0,6.4,522.9,171.81
1429,2025-02-19,13,1,96.3,0.0,1.4,433.35,115.56
1430,2025-02-20,27,2,88.3,0.0,9.9,423.84,123.62
1431,2025-02-20,24,5,51.0,0.0,7.6,357.0,117.3
1432,2025-02-20,20,2,78.3,0.0,7.5,375.84,109.62
1433,2025-02-20,19,4,25.4,0.0,2.6,147.32,48.26
1434,2025-02-20,5,3,99.3,0.0,8.9,645.45,208.53
1435,2025-02-20,26,2,99.1,0.0,5.1,475.68,138.74
1436,2025-02-20,1,5,67.3,0.0,6.4,471.1,154.79
1437,2025-02-20,14,4,64.3,0.0,3.9,372.94,122.17
1438,2025-02-20,23,3,64.1,0.0,7.5,416.65,134.61
1439,2025-02-20,15,2,52.4,0.0,4.8,251.52,73.36
1440,2025-02-20,7,1,56.5,0.0,6.9,254.25,67.8
1441,2025-02-20,10,1,66.4,0.0,6.7,298.8,79.68
1442,2025-02-20,1,5,38.2,0.0,3.0,267.4,87.86
1443,2025-02-20,22,3,46.4,0.0,5.2,301.6,97.44
1444,2025-02-20,17,6,24.9,0.0,11.8,124.5,37.35
1445,2025-02-20,24,5,70.9,0.0,1.4,496.3,163.07
1446,2025-02-20,7,3,80.8,0.0,7.7,525.2,169.68
1447,2025-02-20,21,3,31.5,0.0,4.9,204.75,66.15
1448,2025-02-20,28,3,56.4,0.0,3.4,366.6,118.44
1449,2025-02-20,23,3,80.1,0.0,6.7,520.65,168.21
1450,2025-02-20,16,3,28.7,0.0,7.5,186.55,60.27
1451,2025-02-20,21,1,99.0,0.0,5.0,445.5,118.8
1452,2025-02-20,17,1,36.6,0.0,8.0,164.7,43.92
1453,2025-02-20,18,4,75.4,0.0,4.7,437.32,143.26
1454,2025-02-20,26,5,84.4,0.0,4.1,590.8,194.12
1455,2025-02-20,27,6,66.4,0.0,9.2,332.0,99.6
1456,2025-02-20,13,1,25.5,0.0,9.0,114.75,30.6
1457,2025-02-21,26,6,91.0,0.0,7.8,455.0,136.5
1458,2025-02-21,19,3,36.2,0.0,5.3,235.3,76.02
1459,2025-02-21,16,3,61.2,0.0,8.2,397.8,128.52
1460,2025-02-21,3,1,99.6,0.0,4.4,448.2,119.52
1461,2025-02-21,17,1,82.9,0.0,6.0,373.05,99.48
1462,2025-02-21,19,4,24.8,0.0,10.5,143.84,47.12
1463,2025-02-21,1,1,84.0,0.0,4.0,378.0,100.8
1464,2025-02-21,26,3,42.0,0.0,8.8,273.0,88.2
1465,2025-02-21,25,4,86.1,0.0,3.1,499.38,163.59
1466,2025-02-21,7,4,61.1,0.0,6.9,354.38,116.09
1467,2025-02-21,6,4,42.5,0.0,4.0,246.5,80.75
1468,2025-02-21,30,2,61.8,0.0,13.2,296.64,86.52
1469,2025-02-21,27,6,90.7,0.0,6.3,453.5,136.05
1470,2025-02-21,14,6,58.3,0.0,8.0,291.5,87.45
1471,2025-02-21,13,1,65.5,0.0,4.4,294.75,78.6
1472,2025-02-21,25,4,88.4,0.0,3.5,512.72,167.96
1473,2025-02-21,22,6,58.6,0.0,7.4,293.0,87.9
1474,2025-02-21,25,4,20.3,0.0,9.3,117.74,38.57
1475,2025-02-21,22,2,33.8,0.0,3.7,162.24,47.32
1476,2025-02-21,22,2,97.5,0.0,3.0,468.0,136.5
1477,2025-02-21,1,1,59.5,0.0,6.9,267.75,71.4
1478,2025-02-21,26,3,96.1,0.0,3.5,624.65,201.81
1479,2025-02-22,26,5,52.8,0.0,9.6,369.6,121.44
1480,2025-02-22,29,2,60.3,0.0,6.3,289.44,84.42
1481,2025-02-22,3,3,47.5,0.0,5.3,308.75,99.75
1482,2025-02-22,20,1,20.9,0.0,7.2,94.05,25.08
1483,2025-02-22,24,6,65.9,0.0,6.3,329.5,98.85
1484,2025-02-22,29,1,73.7,0.0,7.2,331.65,88.44
1485,2025-02-22,28,1,33.4,0.0,5.5,150.3,40.08
1486,2025-02-22,29,2,40.2,0.0,8.6,192.96,56.28
1487,2025-02-22,28,2,72.2,0.0,2.2,346.56,101.08
1488,2025-02-22,11,3,88.2,0.0,6.0,573.3,185.22
1489,2025-02-22,10,6,69.1,0.0,8.6,345.5,103.65
1490,2025-02-22,21,2,88.2,0.0,7.0,423.36,123.48
1491,2025-02-22,19,3,85.2,0.0,7.0,553.8,178.92
1492,2025-02-22,14,1,70.8,0.0,8.0,318.6,84.96
1493,2025-02-22,12,2,68.6,0.0,8.5,329.28,96.04
1494,2025-02-22,17,4,92.5,0.0,7.3,536.5,175.75
1495,2025-02-22,2,1,33.8,0.0,4.2,152.1,40.56
1496,2025-02-22,11,3,91.6,0.0,7.2,595.4,192.36
1497,2025-02-22,3,1,25.7,0.0,6.6,115.65,30.84
1498,2025-02-22,3,6,21.8,0.0,5.9,109.0,32.7
1499,2025-02-22,9,5,23.5,0.0,3.7,164.5,54.05
1500,2025-02-22,5,2,92.8,0.0,8.3,445.44,129.92
1501,2025-02-22,18,4,79.0,0.0,10.7,458.2,150.1
1502,2025-02-22,14,2,76.2,0.0,7.9,365.76,106.68
1503,2025-02-22,16,6,60.0,0.0,12.7,300.0,90.0
1504,2025-02-23,29,4,89.4,0.0,7.6,518.52,169.86
1505,2025-02-23,26,3,88.5,0.0,3.3,575.25,185.85
1506,2025-02-23,14,1,52.3,0.0,1.1,235.35,62.76
1507,2025-02-23,12,5,25.9,0.0,2.8,181.3,59.57
1508,2025-02-23,1,5,29.2,0.0,4.1,204.4,67.16
1509,2025-02-23,16,1,66.8,0.0,4.6,300.6,80.16
1510,2025-02-23,28,4,89.7,0.0,6.6,520.26,170.43
1511,2025-02-23,24,3,37.7,0.0,8.7,245.05,79.17
1512,2025-02-23,12,1,98.0,0.0,7.7,441.0,117.6
1513,2025-02-23,22,1,34.1,0.0,4.7,153.45,40.92
1514,2025-02-23,15,5,86.2,0.0,6.3,603.4,198.26
1515,2025-02-23,18,1,20.6,0.0,6.8,92.7,24.72
1516,2025-02-23,3,1,42.0,0.0,1.8,189.0,50.4
1517,2025-02-23,16,2,55.3,0.0,7.8,265.44,77.42
1518,2025-02-23,14,4,40.4,0.0,10.3,234.32,76.76
1519,2025-02-23,29,1,98.4,0.0,7.3,442.8,118.08
1520,2025-02-23,26,5,24.4,6.8,10.3,123.2,56.12
1521,2025-02-23,10,4,47.9,0.0,9.3,277.82,91.01
1522,2025-02-23,6,4,82.6,0.0,4.0,479.08,156.94
1523,2025-02-23,3,6,95.9,0.0,3.9,479.5,143.85
1524,2025-02-23,17,1,54.0,0.0,8.1,243.0,64.8
1525,2025-02-23,2,5,59.6,0.0,7.9,417.2,137.08
1526,2025-02-23,24,6,32.6,0.0,6.8,163.0,48.9
1527,2025-02-23,21,2,33.3,0.0,8.5,159.84,46.62
1528,2025-02-23,17,2,99.8,0.0,6.7,479.04,139.72
1529,2025-02-23,7,3,50.9,0.0,3.0,330.85,106.89
1530,2025-02-23,13,5,58.4,0.0,6.1,408.8,134.32
1531,2025-02-23,16,5,32.9,0.0,4.6,230.3,75.67
1532,2025-02-23,23,2,81.9,0.0,8.9,393.12,114.66
1533,2025-02-23,25,4,36.9,0.0,4.9,214.02,70.11
1534,2025-02-23,7,3,77.6,0.0,5.3,504.4,162.96
1535,2025-02-23,4,4,76.3,0.0,3.7,442.54,144.97
1536,2025-02-23,14,5,74.6,0.0,4.5,522.2,171.58
1537,2025-02-23,6,2,82.0,0.0,4.0,393.6,114.8
1538,2025-02-23,10,6,70.8,0.0,7.9,354.0,106.2
1539,2025-02-23,23,2,49.2,0.0,3.7,236.16,68.88
1540,2025-02-23,3,6,41.8,0.0,4.1,209.0,62.7
1541,2025-02-23,13,4,87.9,0.0,5.8,509.82,167.01
1542,2025-02-23,27,3,39.4,0.0,6.6,256.1,82.74
1543,2025-02-23,14,6,98.4,0.0,5.5,492.0,147.6
1544,2025-02-23,10,2,25.7,0.0,4.1,123.36,35.98
1545,2025-02-23,18,5,74.8,0.0,8.0,523.6,172.04
1546,2025-02-23,9,5,28.1,0.0,4.3,196.7,64.63
1547,2025-02-23,2,2,92.7,0.0,7.3,444.96,129.78
1548,2025-02-23,22,4,90.4,0.0,6.8,524.32,171.76
1549,2025-02-24,16,1,22.5,0.0,9.7,101.25,27.0
1550,2025-02-24,25,1,62.2,0.0,5.8,279.9,74.64
1551,2025-02-24,4,4,64.9,0.0,2.6,376.42,123.31
1552,2025-02-24,30,5,57.0,0.0,3.8,399.0,131.1
1553,2025-02-24,2,5,42.5,0.0,6.2,297.5,97.75
1554,2025-02-24,21,1,41.7,0.0,0.8,187.65,50.04
1555,2025-02-24,21,3,55.1,0.0,6.1,358.15,115.71
1556,2025-02-24,28,2,29.8,0.0,12.2,143.04,41.72
1557,2025-02-24,1,6,84.0,0.0,8.1,420.0,126.0
1558,2025-02-24,21,4,39.7,0.0,7.8,230.26,75.43
1559,2025-02-24,12,1,93.3,0.0,7.0,419.85,111.96
1560,2025-02-24,11,2,32.1,0.0,6.9,154.08,44.94
1561,2025-02-24,16,3,43.9,0.0,6.6,285.35,92.19
1562,2025-02-24,26,2,96.9,0.0,7.9,465.12,135.66
1563,2025-02-24,1,3,63.1,0.0,4.5,410.15,132.51
1564,2025-02-24,19,2,24.8,0.0,8.1,119.04,34.72
1565,2025-02-24,27,1,80.2,0.0,8.5,360.9,96.24
1566,2025-02-24,26,4,49.2,0.0,7.0,285.36,93.48
1567,2025-02-24,4,5,40.3,0.0,6.8,282.1,92.69
1568,2025-02-24,2,2,67.4,0.0,1.3,323.52,94.36
1569,2025-02-25,5,4,54.4,0.0,7.5,315.52,103.36
1570,2025-02-25,21,3,32.9,0.0,4.3,213.85,69.09
1571,2025-02-25,9,3,37.8,0.0,8.3,245.7,79.38
1572,2025-02-25,5,5,71.3,0.0,6.4,499.1,163.99
1573,2025-02-25,14,3,68.6,0.0,9.2,445.9,144.06
1574,2025-02-25,26,4,30.2,0.0,6.6,175.16,57.38
1575,2025-02-25,14,4,92.7,0.0,3.9,537.66,176.13
1576,2025-02-25,11,4,37.6,0.0,8.7,218.08,71.44
1577,2025-02-25,11,1,61.9,0.0,8.2,278.55,74.28
1578,2025-02-25,4,4,72.0,0.0,7.1,417.6,136.8
1579,2025-02-25,2,1,86.6,0.0,7.8,389.7,103.92
1580,2025-02-25,15,5,46.3,0.0,3.3,324.1,106.49
1581,2025-02-25,1,6,85.9,0.0,4.9,429.5,128.85
1582,2025-02-25,23,6,95.2,0.0,3.5,476.0,142.8
1583,2025-02-25,11,4,98.9,0.0,6.4,573.62,187.91
1584,2025-02-25,29,3,39.1,0.0,7.5,254.15,82.11
1585,2025-02-25,11,3,37.2,0.0,2.3,241.8,78.12
1586,2025-02-25,17,5,30.3,0.0,9.9,212.1,69.69
1587,2025-02-25,11,2,43.0,0.0,1.8,206.4,60.2
1588,2025-02-25,12,2,55.7,0.0,10.6,267.36,77.98
1589,2025-02-25,15,5,34.7,0.0,4.3,242.9,79.81
1590,2025-02-25,21,6,84.2,0.0,2.9,421.0,126.3
1591,2025-02-25,9,1,20.5,0.0,6.5,92.25,24.6
1592,2025-02-25,1,6,80.2,0.0,7.2,401.0,120.3
1593,2025-02-25,1,5,96.3,0.0,2.9,674.1,221.49
1594,2025-02-25,16,1,58.2,0.0,4.2,261.9,69.84
1595,2025-02-25,24,2,95.5,0.0,2.6,458.4,133.7
1596,2025-02-26,16,1,27.9,0.0,7.8,125.55,33.48
1597,2025-02-26,19,4,74.8,0.0,4.9,433.84,142.12
1598,2025-02-26,19,3,64.3,0.0,5.5,417.95,135.03
1599,2025-02-26,7,2,43.2,0.0,6.4,207.36,60.48
1600,2025-02-26,17,5,69.2,0.0,5.5,484.4,159.16
1601,2025-02-26,24,1,95.7,0.0,6.7,430.65,114.84
1602,2025-02-26,6,6,27.1,0.0,6.1,135.5,40.65
1603,2025-02-26,10,6,76.8,0.0,4.6,384.0,115.2
1604,2025-02-26,3,3,45.0,0.0,4.4,292.5,94.5
1605,2025-02-26,22,3,20.8,0.0,6.8,135.2,43.68
1606,2025-02-26,11,6,21.0,0.0,6.9,105.0,31.5
1607,2025-02-26,25,5,95.4,0.0,4.2,667.8,219.42
1608,2025-02-26,16,4,83.4,0.0,3.1,483.72,158.46
1609,2025-02-26,10,2,91.3,0.0,9.7,438.24,127.82
1610,2025-02-26,27,1,67.7,0.0,7.2,304.65,81.24
1611,2025-02-26,3,5,33.1,0.0,4.6,231.7,76.13
1612,2025-02-26,11,2,27.1,0.0,4.9,130.08,37.94
1613,2025-02-26,6,1,39.8,0.0,7.8,179.1,47.76
1614,2025-02-26,30,1,70.0,0.0,9.1,315.0,84.0
1615,2025-02-26,13,6,37.3,0.0,5.9,186.5,55.95
1616,2025-02-26,16,5,44.9,0.0,6.5,314.3,103.27
1617,2025-02-26,1,5,33.7,0.0,3.6,235.9,77.51
1618,2025-02-26,22,3,31.6,0.0,8.2,205.4,66.36
1619,2025-02-26,4,2,60.7,0.0,5.9,291.36,84.98
1620,2025-02-26,2,1,93.1,0.0,10.2,418.95,111.72
1621,2025-02-26,19,6,91.8,0.0,2.3,459.0,137.7
1622,2025-02-26,8,3,38.9,0.0,1.4,252.85,81.69
1623,2025-02-26,15,4,59.2,0.0,8.2,343.36,112.48
1624,2025-02-26,21,6,28.5,0.0,6.4,142.5,42.75
1625,2025-02-26,7,2,32.3,0.0,8.7,155.04,45.22
1626,2025-02-26,9,3,79.1,0.0,4.6,514.15,166.11
1627,2025-02-26,30,5,71.3,0.0,1.7,499.1,163.99
1628,2025-02-26,24,6,92.9,0.0,4.3,464.5,139.35
1629,2025-02-27,16,4,37.5,0.0,6.0,217.5,71.25
1630,2025-02-27,1,2,20.4,0.0,5.7,97.92,28.56
1631,2025-02-27,11,1,37.6,0.0,8.4,169.2,45.12
1632,2025-02-27,5,4,99.0,0.0,5.8,574.2,188.1
1633,2025-02-27,19,2,78.1,0.0,3.5,374.88,109.34
1634,2025-02-27,18,5,47.9,0.0,5.4,335.3,110.17
1635,2025-02-27,25,4,39.1,0.0,5.1,226.78,74.29
1636,2025-02-27,5,3,44.1,0.0,6.8,286.65,92.61
1637,2025-02-27,15,4,55.1,0.0,4.3,319.58,104.69
1638,2025-02-27,17,2,20.2,0.0,2.3,96.96,28.28
1639,2025-02-27,23,2,21.6,0.0,5.3,103.68,30.24
1640,2025-02-27,27,3,91.0,0.0,4.7,591.5,191.1
1641,2025-02-27,23,6,71.3,0.0,10.4,356.5,106.95
1642,2025-02-27,24,5,59.4,0.0,6.5,415.8,136.62
1643,2025-02-27,29,1,92.1,0.0,4.7,414.45,110.52
1644,2025-02-27,12,5,20.3,0.0,3.1,142.1,46.69
1645,2025-02-27,16,3,26.5,0.0,3.3,172.25,55.65
1646,2025-02-27,29,6,80.0,0.0,7.1,400.0,120.0
1647,2025-02-27,10,2,99.8,0.0,3.8,479.04,139.72
1648,2025-02-27,18,2,27.8,0.0,5.5,133.44,38.92
1649,2025-02-28,21,4,89.8,0.0,10.1,520.84,170.62
1650,2025-02-28,2,4,84.0,0.0,9.4,487.2,159.6
1651,2025-02-28,26,4,46.9,0.0,6.0,272.02,89.11
1652,2025-02-28,9,5,43.7,0.0,4.4,305.9,100.51
1653,2025-02-28,2,6,29.1,0.0,5.8,145.5,43.65
1654,2025-02-28,24,1,85.2,0.0,3.8,383.4,102.24
1655,2025-02-28,17,4,46.0,0.0,7.3,266.8,87.4
1656,2025-02-28,10,4,38.6,0.0,6.5,223.88,73.34
1657,2025-02-28,28,3,39.9,0.0,10.2,259.35,83.79
1658,2025-02-28,15,3,85.4,0.0,9.6,555.1,179.34
1659,2025-02-28,17,3,34.0,0.0,3.6,221.0,71.4
1660,2025-02-28,16,2,50.8,0.0,3.9,243.84,71.12
1661,2025-02-28,17,5,77.3,0.0,4.8,541.1,177.79
1662,2025-02-28,3,4,22.7,0.0,11.8,131.66,43.13
1663,2025-02-28,17,2,34.0,0.0,6.9,163.2,47.6
1664,2025-02-28,9,4,85.9,0.0,6.3,498.22,163.21
1665,2025-02-28,5,5,98.0,38.8,9.6,414.4,225.4
1666,2025-02-28,11,2,93.7,0.0,9.5,449.76,131.18
1667,2025-02-28,16,4,62.7,0.0,8.1,363.66,119.13
1668,2025-02-28,18,5,67.1,0.0,8.3,469.7,154.33
1669,2025-02-28,7,4,73.4,0.0,5.0,425.72,139.46
1670,2025-02-28,2,5,88.8,0.0,6.8,621.6,204.24
1671,2025-02-28,21,4,51.9,0.0,9.5,301.02,98.61
1672,2025-02-28,5,4,61.5,0.0,9.6,356.7,116.85
1673,2025-02-28,5,4,47.3,0.0,11.3,274.34,89.87
1674,2025-02-28,28,3,94.5,0.0,7.2,614.25,198.45
1675,2025-02-28,3,1,45.1,0.0,5.8,202.95,54.12
1676,2025-02-28,21,1,75.9,0.0,7.9,341.55,91.08
1677,2025-02-28,6,1,64.6,0.0,8.1,290.7,77.52
1678,2025-02-28,11,2,44.9,0.0,7.1,215.52,62.86
1679,2025-02-28,28,3,36.2,0.0,10.2,235.3,76.02
1680,2025-03-01,13,6,86.1,0.0,5.8,430.5,129.15
1681,2025-03-01,14,5,39.8,0.0,10.4,278.6,91.54
1682,2025-03-01,6,5,96.7,0.0,2.8,676.9,222.41
1683,2025-03-01,15,3,50.0,0.0,1.0,325.0,105.0
1684,2025-03-01,24,3,99.2,0.0,7.7,644.8,208.32
1685,2025-03-01,24,1,47.0,0.0,4.8,211.5,56.4
1686,2025-03-01,1,2,76.2,0.0,10.0,365.76,106.68
1687,2025-03-01,10,1,93.5,0.0,3.3,420.75,112.2
1688,2025-03-01,13,3,22.7,0.0,9.0,147.55,47.67
1689,2025-03-01,30,4,47.6,0.0,8.9,276.08,90.44
1690,2025-03-01,29,6,59.8,0.0,6.4,299.0,89.7
1691,2025-03-01,19,4,79.5,0.0,10.0,461.1,151.05
1692,2025-03-01,26,2,59.7,0.0,4.0,286.56,83.58
1693,2025-03-01,12,1,34.7,0.0,2.0,156.15,41.64
1694,2025-03-01,12,5,73.7,24.3,7.6,345.8,169.51
1695,2025-03-01,19,6,20.1,0.0,9.2,100.5,30.15
1696,2025-03-01,22,1,65.6,0.0,1.9,295.2,78.72
1697,2025-03-01,16,4,66.9,0.0,8.1,388.02,127.11
1698,2025-03-01,5,3,65.6,0.0,6.7,426.4,137.76
1699,2025-03-01,23,1,86.6,9.0,1.0,349.2,103.92
1700,2025-03-01,27,1,54.1,0.0,11.1,243.45,64.92
1701,2025-03-01,30,6,89.2,0.0,7.7,446.0,133.8
1702,2025-03-01,7,6,92.6,0.0,7.2,463.0,138.9
1703,2025-03-01,30,3,89.2,0.0,2.1,579.8,187.32
1704,2025-03-01,30,6,75.3,0.0,2.3,376.5,112.95
1705,2025-03-01,21,2,68.2,0.0,2.7,327.36,95.48
1706,2025-03-01,30,5,91.8,0.0,8.5,642.6,211.14
1707,2025-03-01,6,5,92.8,0.0,9.0,649.6,213.44
1708,2025-03-01,23,1,36.2,0.0,6.6,162.9,43.44
1709,2025-03-01,21,6,48.2,0.0,6.7,241.0,72.3
1710,2025-03-01,13,1,71.5,0.0,4.7,321.75,85.8
1711,2025-03-01,7,3,58.9,0.0,6.2,382.85,123.69
1712,2025-03-01,30,6,68.5,0.0,4.8,342.5,102.75
1713,2025-03-01,15,1,93.2,0.0,6.2,419.4,111.84
1714,2025-03-01,17,4,32.0,0.0,8.9,185.6,60.8
1715,2025-03-01,26,6,86.7,25.6,10.6,305.5,130.05
1716,2025-03-01,7,4,47.5,6.1,10.7,240.12,90.25
1717,2025-03-01,7,2,36.4,14.5,5.0,105.12,50.96
1718,2025-03-01,8,4,44.0,0.0,2.0,255.2,83.6
1719,2025-03-01,22,5,32.4,0.0,4.1,226.8,74.52
1720,2025-03-01,15,6,40.0,0.0,8.4,200.0,60.0
1721,2025-03-01,8,4,94.2,0.0,7.3,546.36,178.98
1722,2025-03-01,4,4,70.7,0.0,4.5,410.06,134.33
1723,2025-03-02,5,2,49.8,0.0,4.1,239.04,69.72
1724,2025-03-02,15,2,88.5,0.0,7.9,424.8,123.9
1725,2025-03-02,7,2,62.4,0.0,8.0,299.52,87.36
1726,2025-03-02,22,3,52.9,0.0,7.0,343.85,111.09
1727,2025-03-02,2,2,82.1,0.0,7.6,394.08,114.94
1728,2025-03-02,9,3,98.2,0.0,6.0,638.3,206.22
1729,2025-03-02,29,4,24.7,0.0,0.3,143.26,46.93
1730,2025-03-02,24,6,80.0,0.0,3.7,400.0,120.0
1731,2025-03-02,25,4,83.6,0.0,4.8,484.88,158.84
1732,2025-03-02,4,3,55.0,0.0,8.8,357.5,115.5
1733,2025-03-02,16,6,76.6,12.9,8.4,318.5,114.9
1734,2025-03-02,12,2,86.1,0.0,5.6,413.28,120.54
1735,2025-03-02,8,3,62.6,0.0,6.8,406.9,131.46
1736,2025-03-02,26,4,37.2,0.0,8.8,215.76,70.68
1737,2025-03-02,11,1,46.7,0.0,5.9,210.15,56.04
1738,2025-03-02,17,5,91.3,0.0,6.9,639.1,209.99
1739,2025-03-02,9,6,49.0,0.0,11.3,245.0,73.5
1740,2025-03-02,16,4,47.8,0.0,5.0,277.24,90.82
1741,2025-03-02,6,5,92.2,0.0,5.7,645.4,212.06
1742,2025-03-02,11,1,25.7,0.0,7.3,115.65,30.84
1743,2025-03-02,12,2,90.5,0.0,9.6,434.4,126.7
1744,2025-03-02,7,5,45.6,0.0,-0.6,319.2,104.88
1745,2025-03-02,3,6,60.2,0.0,5.2,301.0,90.3
1746,2025-03-02,25,5,80.4,0.0,2.7,562.8,184.92
1747,2025-03-02,6,5,56.9,0.0,1.6,398.3,130.87
1748,2025-03-02,26,4,61.5,0.0,5.7,356.7,116.85
1749,2025-03-02,1,6,21.5,0.0,5.1,107.5,32.25
1750,2025-03-02,12,4,53.4,0.0,2.8,309.72,101.46
1751,2025-03-02,25,2,22.0,0.0,9.0,105.6,30.8
1752,2025-03-02,16,3,87.7,0.0,5.2,570.05,184.17
1753,2025-03-02,14,2,25.5,0.0,6.7,122.4,35.7
1754,2025-03-02,6,3,99.3,0.0,3.6,645.45,208.53
1755,2025-03-02,24,5,92.5,27.1,4.8,457.8,212.75
1756,2025-03-02,5,6,57.3,0.0,5.7,286.5,85.95
1757,2025-03-02,8,5,51.5,0.0,10.2,360.5,118.45
1758,2025-03-02,7,3,98.3,0.0,7.7,638.95,206.43
1759,2025-03-03,13,6,26.6,0.0,4.3,133.0,39.9
1760,2025-03-03,21,2,92.7,0.0,6.5,444.96,129.78
1761,2025-03-03,2,5,34.1,0.0,8.3,238.7,78.43
1762,2025-03-03,27,6,64.1,0.0,4.8,320.5,96.15
1763,2025-03-03,30,6,70.8,0.0,6.6,354.0,106.2
1764,2025-03-03,30,6,78.3,0.0,2.5,391.5,117.45
1765,2025-03-03,22,6,37.2,0.0,6.7,186.0,55.8
1766,2025-03-03,8,1,78.8,0.0,3.1,354.6,94.56
1767,2025-03-03,29,2,58.5,0.0,9.3,280.8,81.9
1768,2025-03-03,26,6,71.9,0.0,5.2,359.5,107.85
1769,2025-03-03,25,6,49.2,0.0,6.0,246.0,73.8
1770,2025-03-03,9,4,87.3,0.0,6.3,506.34,165.87
1771,2025-03-03,12,6,74.8,0.0,5.2,374.0,112.2
1772,2025-03-03,17,4,44.3,0.0,9.1,256.94,84.17
1773,2025-03-03,8,4,81.0,0.0,4.0,469.8,153.9
1774,2025-03-03,13,3,75.3,0.0,8.2,489.45,158.13
1775,2025-03-03,18,4,60.2,0.0,6.0,349.16,114.38
1776,2025-03-03,20,5,30.0,0.0,2.4,210.0,69.0
1777,2025-03-03,25,1,85.5,0.0,3.0,384.75,102.6
1778,2025-03-03,12,5,93.4,0.0,5.9,653.8,214.82
1779,2025-03-03,16,1,95.2,19.6,11.4,340.2,114.24
1780,2025-03-03,14,1,39.9,0.0,6.1,179.55,47.88
1781,2025-03-03,27,5,91.5,0.0,11.5,640.5,210.45
1782,2025-03-03,27,3,64.1,0.0,9.1,416.65,134.61
1783,2025-03-03,27,6,39.5,0.0,-1.7,197.5,59.25
1784,2025-03-03,5,1,73.1,0.0,4.2,328.95,87.72
1785,2025-03-03,20,2,82.2,0.0,9.0,394.56,115.08
1786,2025-03-03,11,4,66.2,0.0,5.6,383.96,125.78
1787,2025-03-04,6,3,55.9,0.0,3.8,363.35,117.39
1788,2025-03-04,17,4,81.4,0.0,9.9,472.12,154.66
1789,2025-03-04,2,5,35.6,0.0,7.9,249.2,81.88
1790,2025-03-04,6,5,53.0,0.0,5.0,371.0,121.9
1791,2025-03-04,5,2,43.6,0.0,3.7,209.28,61.04
1792,2025-03-04,4,1,74.2,25.8,8.3,217.8,89.04
1793,2025-03-04,11,5,86.0,0.0,7.8,602.0,197.8
1794,2025-03-04,28,3,66.2,23.0,9.5,280.8,139.02
1795,2025-03-04,15,4,97.5,0.0,8.5,565.5,185.25
1796,2025-03-04,20,2,80.1,0.0,6.5,384.48,112.14
1797,2025-03-04,26,2,35.8,0.0,9.7,171.84,50.12
1798,2025-03-04,22,3,25.1,0.0,7.4,163.15,52.71
1799,2025-03-04,14,5,44.7,0.0,7.5,312.9,102.81
1800,2025-03-04,24,6,34.5,0.0,8.1,172.5,51.75
1801,2025-03-04,8,3,23.8,0.0,6.2,154.7,49.98
1802,2025-03-04,17,5,68.6,0.0,7.2,480.2,157.78
1803,2025-03-04,29,6,70.0,0.0,7.2,350.0,105.0
1804,2025-03-04,18,1,37.6,0.0,0.5,169.2,45.12
1805,2025-03-04,7,1,90.2,0.0,8.4,405.9,108.24
1806,2025-03-04,18,3,97.7,0.0,7.9,635.05,205.17
1807,2025-03-04,4,5,86.4,0.0,6.2,604.8,198.72
1808,2025-03-04,13,2,69.5,0.0,5.3,333.6,97.3
1809,2025-03-04,3,1,47.4,0.0,5.0,213.3,56.88
1810,2025-03-04,9,4,65.2,0.0,3.7,378.16,123.88
1811,2025-03-04,3,6,88.8,0.0,5.1,444.0,133.2
1812,2025-03-04,22,5,56.0,0.0,3.3,392.0,128.8
1813,2025-03-04,3,3,42.1,0.0,8.4,273.65,88.41
1814,2025-03-05,14,5,43.5,0.0,5.4,304.5,100.05
1815,2025-03-05,14,5,62.6,0.0,7.7,438.2,143.98
1816,2025-03-05,16,4,68.2,0.0,5.8,395.56,129.58
1817,2025-03-05,21,4,69.2,0.0,8.3,401.36,131.48
1818,2025-03-05,19,3,46.6,0.0,5.4,302.9,97.86
1819,2025-03-05,2,6,98.3,0.0,0.3,491.5,147.45
1820,2025-03-05,6,6,89.3,10.7,9.5,393.0,133.95
1821,2025-03-05,6,1,23.3,0.0,7.3,104.85,27.96
1822,2025-03-05,27,3,76.3,0.0,7.5,495.95,160.23
1823,2025-03-05,27,6,52.5,0.0,9.1,262.5,78.75
1824,2025-03-05,28,2,29.1,0.0,7.9,139.68,40.74
1825,2025-03-05,18,2,47.9,0.0,4.8,229.92,67.06
1826,2025-03-05,15,5,41.2,0.0,7.0,288.4,94.76
1827,2025-03-05,21,3,43.6,0.0,4.2,283.4,91.56
1828,2025-03-05,23,3,37.1,0.0,6.3,241.15,77.91
1829,2025-03-05,30,5,76.7,0.0,5.8,536.9,176.41
1830,2025-03-05,5,6,93.4,0.0,7.9,467.0,140.1
1831,2025-03-05,10,5,30.9,0.0,4.8,216.3,71.07
1832,2025-03-05,29,6,34.0,0.0,6.4,170.0,51.0
1833,2025-03-05,14,5,43.7,0.0,2.0,305.9,100.51
1834,2025-03-05,3,3,22.1,0.0,8.3,143.65,46.41
1835,2025-03-05,7,6,38.0,0.0,9.2,190.0,57.0
1836,2025-03-05,16,6,32.6,0.0,5.1,163.0,48.9
1837,2025-03-05,23,4,27.4,0.0,2.7,158.92,52.06
1838,2025-03-05,12,4,34.5,0.0,6.4,200.1,65.55
1839,2025-03-05,5,1,68.8,0.0,3.4,309.6,82.56
1840,2025-03-05,21,1,90.8,0.0,3.8,408.6,108.96
1841,2025-03-05,23,4,60.5,0.0,7.3,350.9,114.95
1842,2025-03-05,20,3,28.2,0.0,7.4,183.3,59.22
1843,2025-03-06,22,3,24.1,0.0,8.8,156.65,50.61
1844,2025-03-06,10,2,34.0,0.0,8.1,163.2,47.6
1845,2025-03-06,30,2,47.2,0.0,3.7,226.56,66.08
1846,2025-03-06,15,6,67.1,23.5,8.0,218.0,100.65
1847,2025-03-06,10,3,32.9,0.0,7.5,213.85,69.09
1848,2025-03-06,9,5,71.7,0.0,3.7,501.9,164.91
1849,2025-03-06,1,4,81.7,0.0,6.1,473.86,155.23
1850,2025-03-06,1,4,52.8,0.0,4.7,306.24,100.32
1851,2025-03-06,26,1,59.2,0.0,6.1,266.4,71.04
1852,2025-03-06,21,4,95.0,0.0,6.7,551.0,180.5
1853,2025-03-06,17,1,36.6,0.0,5.6,164.7,43.92
1854,2025-03-06,8,1,52.8,6.7,9.8,207.45,63.36
1855,2025-03-06,20,2,75.5,0.0,6.5,362.4,105.7
1856,2025-03-06,12,1,39.3,0.0,5.0,176.85,47.16
1857,2025-03-06,9,6,44.6,0.0,3.7,223.0,66.9
1858,2025-03-06,28,3,90.2,0.0,3.5,586.3,189.42
1859,2025-03-06,23,4,38.9,0.0,4.8,225.62,73.91
1860,2025-03-06,15,4,92.9,0.0,2.5,538.82,176.51
1861,2025-03-06,21,6,36.3,0.0,5.2,181.5,54.45
1862,2025-03-06,26,1,91.3,16.2,4.0,337.95,109.56
1863,2025-03-06,28,2,22.0,0.0,2.3,105.6,30.8
1864,2025-03-06,7,2,47.4,0.0,0.4,227.52,66.36
1865,2025-03-06,23,1,80.5,0.0,8.6,362.25,96.6
1866,2025-03-06,22,3,90.9,0.0,3.6,590.85,190.89
1867,2025-03-06,27,2,54.0,0.0,4.7,259.2,75.6
1868,2025-03-06,1,6,25.8,0.0,6.2,129.0,38.7
1869,2025-03-07,2,2,73.6,0.0,9.3,353.28,103.04
1870,2025-03-07,22,6,96.7,0.0,3.8,483.5,145.05
1871,2025-03-07,17,1,46.8,0.0,4.3,210.6,56.16
1872,2025-03-07,6,3,35.6,0.0,3.4,231.4,74.76
1873,2025-03-07,17,3,94.5,0.0,7.4,614.25,198.45
1874,2025-03-07,9,6,62.6,0.0,6.8,313.0,93.9
1875,2025-03-07,6,6,79.6,0.0,7.5,398.0,119.4
1876,2025-03-07,10,5,20.4,0.0,3.6,142.8,46.92
1877,2025-03-07,2,5,26.3,0.0,5.0,184.1,60.49
1878,2025-03-07,23,3,83.5,0.0,3.3,542.75,175.35
1879,2025-03-07,22,2,53.5,12.5,10.1,196.8,74.9
1880,2025-03-07,30,6,63.8,0.0,6.0,319.0,95.7
1881,2025-03-07,4,5,84.8,0.0,7.1,593.6,195.04
1882,2025-03-07,13,2,92.5,0.0,1.8,444.0,129.5
1883,2025-03-07,14,3,90.9,32.8,9.8,377.65,190.89
1884,2025-03-07,2,2,22.8,0.0,5.7,109.44,31.92
1885,2025-03-07,15,3,72.3,0.0,6.3,469.95,151.83
1886,2025-03-07,21,3,54.5,0.0,5.5,354.25,114.45
1887,2025-03-07,2,1,52.0,0.0,8.8,234.0,62.4
1888,2025-03-07,13,6,45.7,12.2,5.3,167.5,68.55
1889,2025-03-07,7,4,22.5,0.0,6.8,130.5,42.75
1890,2025-03-07,19,4,43.0,0.0,7.2,249.4,81.7
1891,2025-03-07,19,6,47.3,0.0,7.4,236.5,70.95
1892,2025-03-07,17,2,46.0,0.0,1.9,220.8,64.4
1893,2025-03-08,12,5,54.9,0.0,7.7,384.3,126.27
1894,2025-03-08,19,1,48.5,0.0,4.3,218.25,58.2
1895,2025-03-08,23,2,80.8,0.0,8.6,387.84,113.12
1896,2025-03-08,8,3,88.7,0.0,9.4,576.55,186.27
1897,2025-03-08,28,6,44.2,0.0,3.8,221.0,66.3
1898,2025-03-08,10,1,41.3,0.0,8.3,185.85,49.56
1899,2025-03-08,7,5,75.7,0.0,7.4,529.9,174.11
1900,2025-03-08,28,4,93.9,0.0,5.2,544.62,178.41
1901,2025-03-08,20,6,88.6,0.0,8.3,443.0,132.9
1902,2025-03-08,3,6,40.7,0.0,5.6,203.5,61.05
1903,2025-03-08,8,5,86.7,0.0,7.0,606.9,199.41
1904,2025-03-08,18,4,71.2,0.0,6.7,412.96,135.28
1905,2025-03-08,10,4,48.6,0.0,4.8,281.88,92.34
1906,2025-03-08,11,6,77.3,0.0,7.8,386.5,115.95
1907,2025-03-08,18,4,84.8,0.0,7.7,491.84,161.12
1908,2025-03-08,18,4,49.9,0.0,5.5,289.42,94.81
1909,2025-03-08,24,6,40.6,0.0,5.5,203.0,60.9
1910,2025-03-08,8,4,74.3,0.0,7.2,430.94,141.17
1911,2025-03-08,10,1,85.9,29.8,6.8,252.45,103.08
1912,2025-03-08,15,4,97.2,0.0,3.3,563.76,184.68
1913,2025-03-08,12,5,30.5,0.0,3.0,213.5,70.15
1914,2025-03-08,24,2,39.2,0.0,6.6,188.16,54.88
1915,2025-03-08,27,3,84.8,0.0,4.5,551.2,178.08
1916,2025-03-08,17,2,83.6,0.0,9.5,401.28,117.04
1917,2025-03-08,3,5,64.1,0.0,2.6,448.7,147.43
1918,2025-03-08,9,1,83.7,0.0,4.8,376.65,100.44
1919,2025-03-08,16,1,96.5,0.0,3.8,434.25,115.8
1920,2025-03-08,30,6,68.4,22.6,9.6,229.0,102.6
1921,2025-03-08,5,1,64.9,0.0,3.9,292.05,77.88
1922,2025-03-08,3,2,83.6,0.0,4.6,401.28,117.04
1923,2025-03-08,24,4,32.8,0.0,6.2,190.24,62.32
1924,2025-03-08,23,6,54.8,0.0,6.7,274.0,82.2
1925,2025-03-08,5,5,95.4,0.0,5.4,667.8,219.42
1926,2025-03-08,22,4,96.7,0.0,4.9,560.86,183.73
1927,2025-03-08,2,1,86.8,0.0,5.8,390.6,104.16
1928,2025-03-08,14,4,34.8,0.0,2.8,201.84,66.12
1929,2025-03-08,26,6,31.3,8.3,9.8,115.0,46.95
1930,2025-03-08,19,3,78.7,0.0,3.6,511.55,165.27
1931,2025-03-08,3,2,82.1,0.0,12.0,394.08,114.94
1932,2025-03-08,21,3,96.9,0.0,7.4,629.85,203.49
1933,2025-03-08,5,3,41.5,0.0,8.1,269.75,87.15
1934,2025-03-08,8,6,27.2,0.0,4.6,136.0,40.8
1935,2025-03-08,24,3,69.1,0.0,4.7,449.15,145.11
1936,2025-03-08,28,6,46.0,0.0,4.9,230.0,69.0
1937,2025-03-08,4,3,30.2,10.1,9.2,130.65,63.42
1938,2025-03-08,20,1,24.1,0.0,0.3,108.45,28.92
1939,2025-03-08,3,4,93.6,0.0,10.5,542.88,177.84
1940,2025-03-08,5,5,43.6,0.0,7.2,305.2,100.28
1941,2025-03-09,4,4,64.1,0.0,5.8,371.78,121.79
1942,2025-03-09,29,2,90.2,0.0,3.0,432.96,126.28
1943,2025-03-09,17,1,34.7,0.0,9.6,156.15,41.64
1944,2025-03-09,21,4,67.2,0.0,6.2,389.76,127.68
1945,2025-03-09,19,5,41.0,0.0,8.3,287.0,94.3
1946,2025-03-09,13,4,54.8,5.6,1.8,285.36,104.12
1947,2025-03-09,26,5,68.4,0.0,11.0,478.8,157.32
1948,2025-03-09,21,1,51.0,0.0,6.1,229.5,61.2
1949,2025-03-09,11,5,35.1,0.0,10.5,245.7,80.73
1950,2025-03-09,13,3,25.1,0.0,8.9,163.15,52.71
1951,2025-03-09,13,4,86.1,0.0,8.4,499.38,163.59
1952,2025-03-09,16,5,46.0,0.0,2.5,322.0,105.8
1953,2025-03-09,11,1,40.1,0.0,6.1,180.45,48.12
1954,2025-03-09,11,4,27.5,0.0,6.9,159.5,52.25
1955,2025-03-09,1,5,92.8,17.9,10.0,524.3,213.44
1956,2025-03-09,12,5,80.6,0.0,3.3,564.2,185.38
1957,2025-03-09,18,5,50.3,0.0,6.0,352.1,115.69
1958,2025-03-09,25,5,61.7,0.0,5.1,431.9,141.91
1959,2025-03-09,7,4,83.4,0.0,4.3,483.72,158.46
1960,2025-03-09,12,4,37.4,0.0,5.1,216.92,71.06
1961,2025-03-09,16,3,73.6,0.0,3.0,478.4,154.56
1962,2025-03-09,22,2,29.8,0.0,7.6,143.04,41.72
1963,2025-03-09,22,3,70.9,0.0,7.4,460.85,148.89
1964,2025-03-09,10,2,40.7,0.0,4.5,195.36,56.98
1965,2025-03-09,1,1,84.5,0.0,3.8,380.25,101.4
1966,2025-03-09,29,3,99.5,0.0,6.3,646.75,208.95
1967,2025-03-09,5,3,81.6,0.0,7.9,530.4,171.36
1968,2025-03-09,2,6,31.5,0.0,0.3,157.5,47.25
1969,2025-03-09,25,3,80.5,0.0,4.5,523.25,169.05
1970,2025-03-09,7,3,84.4,0.0,11.8,548.6,177.24
1971,2025-03-09,16,4,31.0,0.0,6.4,179.8,58.9
1972,2025-03-10,2,3,66.6,0.0,2.4,432.9,139.86
1973,2025-03-10,27,1,54.0,0.0,3.7,243.0,64.8
1974,2025-03-10,20,1,39.3,0.0,3.8,176.85,47.16
1975,2025-03-10,22,6,76.1,0.0,8.4,380.5,114.15
1976,2025-03-10,24,3,33.5,0.0,4.5,217.75,70.35
1977,2025-03-10,18,5,26.8,0.0,6.4,187.6,61.64
1978,2025-03-10,25,3,88.1,0.0,3.5,572.65,185.01
1979,2025-03-10,4,2,79.8,0.0,4.5,383.04,111.72
1980,2025-03-10,26,2,80.4,0.0,5.4,385.92,112.56
1981,2025-03-10,3,1,34.6,0.0,5.8,155.7,41.52
1982,2025-03-10,26,5,42.0,0.0,7.4,294.0,96.6
1983,2025-03-10,6,5,69.1,0.0,6.8,483.7,158.93
1984,2025-03-10,23,2,52.0,0.0,8.0,249.6,72.8
1985,2025-03-10,15,1,21.9,0.0,4.0,98.55,26.28
1986,2025-03-10,28,4,95.8,0.0,6.1,555.64,182.02
1987,2025-03-10,9,5,25.8,0.0,5.5,180.6,59.34
1988,2025-03-10,21,3,57.1,6.4,12.5,329.55,119.91
1989,2025-03-10,13,2,60.2,0.0,10.5,288.96,84.28
1990,2025-03-10,7,5,48.4,0.0,9.4,338.8,111.32
1991,2025-03-11,5,5,55.2,0.0,6.5,386.4,126.96
1992,2025-03-11,1,2,27.7,0.0,5.7,132.96,38.78
1993,2025-03-11,4,6,65.7,0.0,7.2,328.5,98.55
1994,2025-03-11,7,1,76.2,0.0,6.2,342.9,91.44
1995,2025-03-11,27,4,72.0,0.0,5.9,417.6,136.8
1996,2025-03-11,1,1,67.1,0.0,7.2,301.95,80.52
1997,2025-03-11,22,3,32.8,0.0,4.8,213.2,68.88
1998,2025-03-11,24,4,27.8,0.0,9.0,161.24,52.82
1999,2025-03-11,14,6,37.2,0.0,4.5,186.0,55.8
2000,2025-03-11,10,2,20.9,2.2,5.4,89.76,29.26
2001,2025-03-11,26,3,66.7,0.0,7.3,433.55,140.07
2002,2025-03-11,19,6,32.7,0.0,7.1,163.5,49.05
2003,2025-03-11,3,4,43.7,0.0,5.4,253.46,83.03
2004,2025-03-11,17,3,69.3,0.0,8.4,450.45,145.53
2005,2025-03-11,19,4,51.5,0.0,5.9,298.7,97.85
2006,2025-03-11,12,1,33.1,0.0,6.2,148.95,39.72
2007,2025-03-11,23,1,81.0,0.0,5.4,364.5,97.2
2008,2025-03-11,4,5,74.9,0.0,7.5,524.3,172.27
2009,2025-03-11,23,6,52.5,0.0,8.0,262.5,78.75
2010,2025-03-11,27,6,40.6,0.0,7.8,203.0,60.9
2011,2025-03-12,12,4,57.4,0.0,5.1,332.92,109.06
2012,2025-03-12,3,3,80.6,0.0,0.7,523.9,169.26
2013,2025-03-12,16,6,90.1,0.0,7.0,450.5,135.15
2014,2025-03-12,9,1,53.3,0.0,5.8,239.85,63.96
2015,2025-03-12,24,5,42.3,0.0,4.5,296.1,97.29
2016,2025-03-12,18,6,31.7,0.0,8.1,158.5,47.55
2017,2025-03-12,20,2,55.0,0.0,8.6,264.0,77.0
2018,2025-03-12,9,4,29.2,0.0,5.5,169.36,55.48
2019,2025-03-12,13,1,73.3,12.6,9.3,273.15,87.96
2020,2025-03-12,18,5,61.9,0.0,5.5,433.3,142.37
2021,2025-03-12,5,5,66.5,0.0,2.8,465.5,152.95
2022,2025-03-12,8,3,88.7,0.0,5.4,576.55,186.27
2023,2025-03-12,7,3,61.0,0.0,8.8,396.5,128.1
2024,2025-03-12,18,1,64.5,0.0,8.1,290.25,77.4
2025,2025-03-12,9,6,43.1,0.0,4.7,215.5,64.65
2026,2025-03-12,17,2,74.2,0.0,6.6,356.16,103.88
2027,2025-03-12,2,2,54.3,0.0,10.9,260.64,76.02
2028,2025-03-12,22,4,48.9,0.0,3.8,283.62,92.91
2029,2025-03-12,27,6,96.2,0.0,-2.1,481.0,144.3
2030,2025-03-12,6,1,50.7,0.0,3.5,228.15,60.84
2031,2025-03-12,2,2,83.6,0.0,4.0,401.28,117.04
2032,2025-03-12,26,2,76.3,0.0,6.7,366.24,106.82
2033,2025-03-12,11,2,70.2,0.0,8.9,336.96,98.28
2034,2025-03-12,21,4,97.9,0.0,6.6,567.82,186.01
2035,2025-03-12,14,3,86.4,0.0,6.8,561.6,181.44
2036,2025-03-12,9,4,57.6,0.0,5.4,334.08,109.44
2037,2025-03-12,24,2,33.7,0.0,4.8,161.76,47.18
2038,2025-03-12,23,2,32.2,0.0,8.9,154.56,45.08
2039,2025-03-12,20,1,57.8,0.0,3.7,260.1,69.36
2040,2025-03-12,12,6,33.9,6.6,4.2,136.5,50.85
2041,2025-03-13,27,6,70.4,0.0,4.8,352.0,105.6
2042,2025-03-13,13,6,53.2,0.0,5.3,266.0,79.8
2043,2025-03-13,15,5,22.6,0.0,-0.9,158.2,51.98
2044,2025-03-13,6,1,51.8,0.0,5.8,233.1,62.16
2045,2025-03-13,15,4,53.3,0.0,6.3,309.14,101.27
2046,2025-03-13,30,1,53.8,0.0,5.3,242.1,64.56
2047,2025-03-13,23,1,75.1,0.0,5.8,337.95,90.12
2048,2025-03-13,13,4,59.5,0.0,4.6,345.1,113.05
2049,2025-03-13,12,1,46.2,0.0,8.9,207.9,55.44
2050,2025-03-13,14,5,37.9,0.0,7.8,265.3,87.17
2051,2025-03-13,10,1,84.8,0.0,5.8,381.6,101.76
2052,2025-03-13,14,2,53.3,0.0,1.5,255.84,74.62
2053,2025-03-13,25,2,99.7,0.0,4.9,478.56,139.58
2054,2025-03-13,20,2,65.3,0.0,7.6,313.44,91.42
2055,2025-03-13,4,2,42.3,0.0,2.0,203.04,59.22
2056,2025-03-13,16,2,80.1,0.0,9.5,384.48,112.14
2057,2025-03-13,28,6,33.8,0.0,4.9,169.0,50.7
2058,2025-03-13,3,6,33.7,0.0,6.3,168.5,50.55
2059,2025-03-13,8,3,55.0,0.0,-0.1,357.5,115.5
2060,2025-03-13,3,2,23.8,0.0,-0.5,114.24,33.32
2061,2025-03-13,16,2,63.7,0.0,5.1,305.76,89.18
2062,2025-03-14,9,6,60.7,7.6,11.1,265.5,91.05
2063,2025-03-14,1,2,49.3,0.0,5.0,236.64,69.02
2064,2025-03-14,15,5,57.2,0.0,5.0,400.4,131.56
2065,2025-03-14,2,2,24.3,0.0,5.6,116.64,34.02
2066,2025-03-14,12,5,81.9,0.0,3.2,573.3,188.37
2067,2025-03-14,13,5,97.9,0.0,9.1,685.3,225.17
2068,2025-03-14,13,2,95.5,0.0,4.1,458.4,133.7
2069,2025-03-14,25,2,37.8,0.0,3.5,181.44,52.92
2070,2025-03-14,6,1,88.1,0.0,8.6,396.45,105.72
2071,2025-03-14,6,2,87.4,0.0,5.0,419.52,122.36
2072,2025-03-14,12,2,74.9,0.0,10.0,359.52,104.86
2073,2025-03-14,17,3,29.3,0.0,8.8,190.45,61.53
2074,2025-03-14,16,1,21.5,0.0,6.9,96.75,25.8
2075,2025-03-14,15,2,70.3,0.0,7.4,337.44,98.42
2076,2025-03-14,21,5,72.3,0.0,5.8,506.1,166.29
2077,2025-03-14,5,2,75.4,0.0,7.3,361.92,105.56
2078,2025-03-14,23,4,44.5,0.0,6.1,258.1,84.55
2079,2025-03-14,27,4,51.9,0.0,1.8,301.02,98.61
2080,2025-03-14,12,5,25.5,0.0,6.9,178.5,58.65
2081,2025-03-14,13,1,55.8,0.0,2.2,251.1,66.96
2082,2025-03-14,1,5,23.8,5.8,11.3,126.0,54.74
2083,2025-03-14,11,5,75.8,0.0,5.7,530.6,174.34
2084,2025-03-14,14,3,85.0,0.0,6.2,552.5,178.5
2085,2025-03-14,13,6,26.7,9.5,-0.1,86.0,40.05
2086,2025-03-14,20,1,23.7,0.0,4.1,106.65,28.44
2087,2025-03-14,10,4,78.3,8.5,14.0,404.84,148.77
2088,2025-03-14,28,4,77.5,25.0,13.9,304.5,147.25
2089,2025-03-14,28,2,98.0,0.0,8.2,470.4,137.2
2090,2025-03-14,26,6,42.3,0.0,2.1,211.5,63.45
2091,2025-03-14,30,5,56.3,0.0,2.3,394.1,129.49
2092,2025-03-14,16,3,67.3,0.0,10.3,437.45,141.33
2093,2025-03-14,26,2,73.8,0.0,1.6,354.24,103.32
2094,2025-03-14,10,2,49.8,0.0,4.0,239.04,69.72
2095,2025-03-14,22,1,75.2,0.0,6.0,338.4,90.24
2096,2025-03-14,2,4,45.1,0.0,5.9,261.58,85.69
2097,2025-03-14,9,6,59.6,0.0,2.1,298.0,89.4
2098,2025-03-14,13,1,70.5,0.0,3.0,317.25,84.6
2099,2025-03-14,20,3,40.6,0.0,7.3,263.9,85.26
2100,2025-03-14,8,1,64.4,0.0,4.3,289.8,77.28
2101,2025-03-15,3,4,25.5,0.0,5.4,147.9,48.45
2102,2025-03-15,3,2,35.7,0.0,8.7,171.36,49.98
2103,2025-03-15,10,6,73.0,0.0,4.7,365.0,109.5
2104,2025-03-15,13,4,54.2,0.0,8.8,314.36,102.98
2105,2025-03-15,15,3,45.3,0.0,2.4,294.45,95.13
2106,2025-03-15,18,6,66.6,0.0,4.6,333.0,99.9
2107,2025-03-15,9,1,63.4,0.0,8.9,285.3,76.08
2108,2025-03-15,28,4,74.4,22.5,11.0,301.02,141.36
2109,2025-03-15,18,2,30.2,0.0,3.4,144.96,42.28
2110,2025-03-15,11,5,80.8,0.0,8.1,565.6,185.84
2111,2025-03-15,28,4,46.3,0.0,6.9,268.54,87.97
2112,2025-03-15,26,2,27.9,0.0,4.2,133.92,39.06
2113,2025-03-15,13,2,79.9,0.0,2.1,383.52,111.86
2114,2025-03-15,15,4,46.0,0.0,4.9,266.8,87.4
2115,2025-03-15,25,2,52.6,0.0,6.5,252.48,73.64
2116,2025-03-15,16,4,59.9,0.0,8.8,347.42,113.81
2117,2025-03-15,15,2,52.3,0.0,6.7,251.04,73.22
2118,2025-03-15,24,1,42.8,8.4,4.5,154.8,51.36
2119,2025-03-15,10,4,28.5,0.0,10.4,165.3,54.15
2120,2025-03-15,17,3,81.2,0.0,5.8,527.8,170.52
2121,2025-03-15,8,1,82.4,0.0,8.8,370.8,98.88
2122,2025-03-15,10,1,36.2,0.0,8.7,162.9,43.44
2123,2025-03-15,16,2,37.8,0.0,2.4,181.44,52.92
2124,2025-03-15,12,5,41.7,10.8,9.1,216.3,95.91
2125,2025-03-15,26,2,91.4,0.0,6.5,438.72,127.96
2126,2025-03-15,22,2,58.1,0.0,4.4,278.88,81.34
2127,2025-03-15,25,6,89.9,0.0,6.1,449.5,134.85
2128,2025-03-15,19,5,20.8,0.0,4.7,145.6,47.84
2129,2025-03-16,7,2,54.3,0.0,3.2,260.64,76.02
2130,2025-03-16,16,5,37.9,0.0,2.5,265.3,87.17
2131,2025-03-16,24,3,86.4,0.0,4.9,561.6,181.44
2132,2025-03-16,27,2,48.8,0.0,2.8,234.24,68.32
2133,2025-03-16,21,4,75.4,0.0,2.9,437.32,143.26
2134,2025-03-16,10,6,53.1,0.0,8.0,265.5,79.65
2135,2025-03-16,24,4,26.8,0.0,7.1,155.44,50.92
2136,2025-03-16,24,6,32.1,0.0,7.1,160.5,48.15
2137,2025-03-16,12,5,75.6,0.0,5.6,529.2,173.88
2138,2025-03-16,3,5,60.6,0.0,2.9,424.2,139.38
2139,2025-03-16,13,4,35.1,0.0,7.8,203.58,66.69
2140,2025-03-16,22,2,93.6,0.0,8.8,449.28,131.04
2141,2025-03-16,14,5,68.0,0.0,8.0,476.0,156.4
2142,2025-03-16,13,4,67.0,0.0,7.0,388.6,127.3
2143,2025-03-16,19,4,37.3,0.0,7.4,216.34,70.87
2144,2025-03-16,18,4,92.5,0.0,5.1,536.5,175.75
2145,2025-03-16,24,6,48.5,0.0,4.2,242.5,72.75
2146,2025-03-16,19,6,21.8,0.0,1.9,109.0,32.7
2147,2025-03-16,2,6,97.3,0.0,9.6,486.5,145.95
2148,2025-03-16,4,2,79.5,0.0,6.0,381.6,111.3
2149,2025-03-16,16,5,92.9,0.0,8.3,650.3,213.67
2150,2025-03-16,21,3,73.2,0.0,2.5,475.8,153.72
2151,2025-03-16,3,2,90.1,0.0,4.4,432.48,126.14
2152,2025-03-16,8,3,44.4,0.0,12.3,288.6,93.24
2153,2025-03-17,7,6,72.1,0.0,5.5,360.5,108.15
2154,2025-03-17,27,4,32.8,0.0,7.0,190.24,62.32
2155,2025-03-17,13,5,43.6,0.0,5.3,305.2,100.28
2156,2025-03-17,8,5,60.3,0.0,9.8,422.1,138.69
2157,2025-03-17,18,3,46.8,0.0,2.3,304.2,98.28
2158,2025-03-17,28,5,52.7,0.0,3.0,368.9,121.21
2159,2025-03-17,4,2,95.1,0.0,2.7,456.48,133.14
2160,2025-03-17,30,3,73.2,27.0,6.8,300.3,153.72
2161,2025-03-17,17,3,35.1,0.0,9.9,228.15,73.71
2162,2025-03-17,20,3,29.9,0.0,4.6,194.35,62.79
2163,2025-03-17,12,6,23.5,0.0,5.7,117.5,35.25
2164,2025-03-17,21,5,91.8,0.0,8.4,642.6,211.14
2165,2025-03-17,10,2,29.7,0.0,4.9,142.56,41.58
2166,2025-03-17,15,5,46.7,0.0,7.0,326.9,107.41
2167,2025-03-17,24,5,26.1,0.0,4.5,182.7,60.03
2168,2025-03-17,30,3,82.1,0.0,7.5,533.65,172.41
2169,2025-03-17,1,1,47.6,0.0,8.0,214.2,57.12
2170,2025-03-17,20,3,47.8,0.0,8.8,310.7,100.38
2171,2025-03-18,13,4,78.1,0.0,5.6,452.98,148.39
2172,2025-03-18,5,5,30.6,0.0,9.3,214.2,70.38
2173,2025-03-18,18,4,63.2,0.0,3.0,366.56,120.08
2174,2025-03-18,9,4,83.8,0.0,3.4,486.04,159.22
2175,2025-03-18,1,6,79.5,0.0,7.7,397.5,119.25
2176,2025-03-18,25,3,22.4,0.0,4.1,145.6,47.04
2177,2025-03-18,16,5,79.5,0.0,4.2,556.5,182.85
2178,2025-03-18,3,4,93.8,0.0,7.1,544.04,178.22
2179,2025-03-18,2,6,77.6,0.0,3.9,388.0,116.4
2180,2025-03-18,15,2,53.1,0.0,7.7,254.88,74.34
2181,2025-03-18,1,6,66.3,0.0,4.4,331.5,99.45
2182,2025-03-18,1,4,32.6,0.0,9.4,189.08,61.94
2183,2025-03-18,22,3,94.4,0.0,5.6,613.6,198.24
2184,2025-03-18,28,6,59.1,0.0,7.7,295.5,88.65
2185,2025-03-18,30,5,81.3,0.0,5.3,569.1,186.99
2186,2025-03-18,28,1,88.0,0.0,8.9,396.0,105.6
2187,2025-03-18,15,1,93.7,0.0,6.5,421.65,112.44
2188,2025-03-18,4,2,23.1,0.0,5.3,110.88,32.34
2189,2025-03-18,7,6,45.3,0.0,4.9,226.5,67.95
2190,2025-03-18,3,2,64.3,0.0,6.3,308.64,90.02
2191,2025-03-18,30,3,34.6,13.0,3.3,140.4,72.66
2192,2025-03-18,29,3,94.1,0.0,10.7,611.65,197.61
2193,2025-03-18,2,1,95.7,0.0,2.3,430.65,114.84
2194,2025-03-18,9,1,97.7,0.0,6.6,439.65,117.24
2195,2025-03-18,25,4,48.2,0.0,4.6,279.56,91.58
2196,2025-03-18,10,6,72.4,0.0,6.6,362.0,108.6
2197,2025-03-18,19,5,46.8,0.0,6.6,327.6,107.64
2198,2025-03-18,28,2,35.6,0.0,5.2,170.88,49.84
2199,2025-03-18,21,1,69.0,0.0,5.4,310.5,82.8
2200,2025-03-18,1,3,51.1,5.5,9.3,296.4,107.31
2201,2025-03-18,20,5,74.3,0.0,8.4,520.1,170.89
2202,2025-03-19,12,5,92.2,0.0,4.7,645.4,212.06
2203,2025-03-19,16,1,54.7,0.0,4.7,246.15,65.64
2204,2025-03-19,20,1,43.9,0.0,6.2,197.55,52.68
2205,2025-03-19,7,6,58.9,0.0,5.6,294.5,88.35
2206,2025-03-19,25,2,54.4,0.0,4.1,261.12,76.16
2207,2025-03-19,16,3,52.0,0.0,6.5,338.0,109.2
2208,2025-03-19,10,1,32.2,0.0,2.0,144.9,38.64
2209,2025-03-19,16,1,90.6,0.0,5.0,407.7,108.72
2210,2025-03-19,28,5,61.2,0.0,6.7,428.4,140.76
2211,2025-03-19,8,1,85.8,0.0,8.4,386.1,102.96
2212,2025-03-19,20,4,36.9,0.0,7.5,214.02,70.11
2213,2025-03-19,13,2,28.5,0.0,6.0,136.8,39.9
2214,2025-03-19,17,4,79.5,0.0,2.5,461.1,151.05
2215,2025-03-19,3,6,85.7,0.0,11.7,428.5,128.55
2216,2025-03-19,13,6,21.0,0.0,0.9,105.0,31.5
2217,2025-03-19,11,1,91.2,0.0,8.3,410.4,109.44
2218,2025-03-19,21,6,80.4,0.0,5.1,402.0,120.6
2219,2025-03-19,5,3,91.7,0.0,7.1,596.05,192.57
2220,2025-03-20,2,4,96.7,0.0,7.4,560.86,183.73
2221,2025-03-20,27,5,93.2,0.0,5.1,652.4,214.36
2222,2025-03-20,22,3,20.6,0.0,7.2,133.9,43.26
2223,2025-03-20,11,5,44.1,0.0,9.0,308.7,101.43
2224,2025-03-20,25,1,86.2,0.0,7.3,387.9,103.44
2225,2025-03-20,17,6,85.8,0.0,4.0,429.0,128.7
2226,2025-03-20,29,3,27.9,0.0,5.2,181.35,58.59
2227,2025-03-20,7,5,83.7,0.0,3.5,585.9,192.51
2228,2025-03-20,20,3,86.9,0.0,1.7,564.85,182.49
2229,2025-03-20,21,2,21.8,3.6,6.9,87.36,30.52
2230,2025-03-20,17,6,20.8,0.0,5.7,104.0,31.2
2231,2025-03-20,7,2,80.5,0.0,4.1,386.4,112.7
2232,2025-03-20,25,5,46.9,0.0,7.9,328.3,107.87
2233,2025-03-20,18,6,94.0,0.0,5.5,470.0,141.0
2234,2025-03-20,10,4,47.4,0.0,8.1,274.92,90.06
2235,2025-03-20,7,4,71.7,0.0,5.4,415.86,136.23
2236,2025-03-20,10,3,98.1,0.0,7.0,637.65,206.01
2237,2025-03-20,29,5,26.3,0.0,5.0,184.1,60.49
2238,2025-03-20,20,1,71.7,0.0,4.2,322.65,86.04
2239,2025-03-20,5,6,87.4,0.0,8.0,437.0,131.1
2240,2025-03-20,2,2,68.5,0.0,6.0,328.8,95.9
2241,2025-03-20,18,2,84.0,0.0,6.3,403.2,117.6
2242,2025-03-21,9,6,59.0,0.0,9.9,295.0,88.5
2243,2025-03-21,13,5,23.9,0.0,6.7,167.3,54.97
2244,2025-03-21,2,6,65.0,0.0,3.8,325.0,97.5
2245,2025-03-21,26,1,59.5,0.0,6.8,267.75,71.4
2246,2025-03-21,19,6,63.1,0.0,6.7,315.5,94.65
2247,2025-03-21,23,4,68.7,0.0,7.5,398.46,130.53
2248,2025-03-21,15,4,63.4,0.0,6.9,367.72,120.46
2249,2025-03-21,11,3,27.2,0.0,6.1,176.8,57.12
2250,2025-03-21,9,2,78.2,0.0,6.6,375.36,109.48
2251,2025-03-21,18,4,26.9,0.0,4.8,156.02,51.11
2252,2025-03-21,24,3,95.2,0.0,7.5,618.8,199.92
2253,2025-03-21,19,2,86.9,0.0,7.3,417.12,121.66
2254,2025-03-21,15,5,58.9,0.0,5.1,412.3,135.47
2255,2025-03-21,25,6,77.0,0.0,7.2,385.0,115.5
2256,2025-03-21,12,2,95.8,0.0,6.9,459.84,134.12
2257,2025-03-21,4,3,30.6,0.0,8.5,198.9,64.26
2258,2025-03-21,19,4,72.4,0.0,9.0,419.92,137.56
2259,2025-03-21,21,6,41.7,0.0,5.3,208.5,62.55
2260,2025-03-21,10,6,68.9,12.4,6.4,282.5,103.35
2261,2025-03-21,20,2,66.5,0.0,7.7,319.2,93.1
2262,2025-03-21,6,1,91.8,0.0,5.6,413.1,110.16
2263,2025-03-21,11,1,21.2,0.0,5.6,95.4,25.44
2264,2025-03-21,15,6,26.9,0.0,5.8,134.5,40.35
2265,2025-03-21,2,4,50.1,0.0,5.3,290.58,95.19
2266,2025-03-21,3,3,66.4,0.0,7.2,431.6,139.44
2267,2025-03-21,9,4,37.8,0.0,8.7,219.24,71.82
2268,2025-03-21,24,5,59.9,0.0,7.9,419.3,137.77
2269,2025-03-21,3,4,39.8,0.0,2.0,230.84,75.62
2270,2025-03-21,10,4,37.5,0.0,5.5,217.5,71.25
2271,2025-03-21,17,2,62.2,0.0,6.9,298.56,87.08
2272,2025-03-21,18,5,98.4,0.0,8.1,688.8,226.32
2273,2025-03-21,25,3,92.4,0.0,5.1,600.6,194.04
2274,2025-03-21,27,4,66.1,0.0,11.0,383.38,125.59
2275,2025-03-21,2,5,31.2,0.0,4.8,218.4,71.76
2276,2025-03-21,4,5,57.1,0.0,8.1,399.7,131.33
2277,2025-03-21,3,2,73.2,0.0,4.8,351.36,102.48
2278,2025-03-22,19,1,47.2,0.0,4.1,212.4,56.64
2279,2025-03-22,4,4,28.4,0.0,7.9,164.72,53.96
2280,2025-03-22,3,1,66.7,0.0,4.2,300.15,80.04
2281,2025-03-22,19,5,82.8,0.0,7.2,579.6,190.44
2282,2025-03-22,2,4,22.9,0.0,0.6,132.82,43.51
2283,2025-03-22,28,1,29.0,0.0,5.7,130.5,34.8
2284,2025-03-22,8,1,51.2,0.0,6.5,230.4,61.44
2285,2025-03-22,21,4,67.9,0.0,8.2,393.82,129.01
2286,2025-03-22,1,6,64.6,0.0,7.7,323.0,96.9
2287,2025-03-22,18,4,64.1,0.0,4.8,371.78,121.79
2288,2025-03-22,29,4,55.9,0.0,7.4,324.22,106.21
2289,2025-03-22,8,2,93.8,0.0,4.2,450.24,131.32
2290,2025-03-22,30,5,37.6,0.0,5.2,263.2,86.48
2291,2025-03-22,7,2,72.3,0.0,7.6,347.04,101.22
2292,2025-03-22,7,4,78.6,0.0,3.6,455.88,149.34
2293,2025-03-22,30,4,61.5,0.0,7.0,356.7,116.85
2294,2025-03-22,30,5,58.5,0.0,8.1,409.5,134.55
2295,2025-03-22,20,1,95.9,0.0,8.2,431.55,115.08
2296,2025-03-22,20,4,70.7,0.0,2.9,410.06,134.33
2297,2025-03-22,16,5,51.8,0.0,4.1,362.6,119.14
2298,2025-03-22,10,6,68.7,0.0,8.2,343.5,103.05
2299,2025-03-22,7,5,33.1,0.0,3.8,231.7,76.13
2300,2025-03-22,2,5,72.5,0.0,8.6,507.5,166.75
2301,2025-03-22,8,3,63.6,0.0,8.9,413.4,133.56
2302,2025-03-22,6,2,37.6,0.0,1.6,180.48,52.64
2303,2025-03-22,25,5,24.3,0.0,6.3,170.1,55.89
2304,2025-03-22,23,1,85.0,0.0,12.9,382.5,102.0
2305,2025-03-22,2,3,36.5,0.0,6.7,237.25,76.65
2306,2025-03-22,18,4,97.0,0.0,6.5,562.6,184.3
2307,2025-03-22,8,3,55.8,0.0,3.8,362.7,117.18
2308,2025-03-22,16,1,99.3,0.0,6.5,446.85,119.16
2309,2025-03-22,17,5,45.0,0.0,-1.4,315.0,103.5
2310,2025-03-22,6,3,55.2,0.0,6.0,358.8,115.92
2311,2025-03-22,24,4,57.4,0.0,8.7,332.92,109.06
2312,2025-03-22,2,2,65.3,0.0,4.9,313.44,91.42
2313,2025-03-22,30,5,43.4,0.0,6.0,303.8,99.82
2314,2025-03-22,18,2,98.6,0.0,5.3,473.28,138.04
2315,2025-03-22,11,1,46.6,0.0,5.9,209.7,55.92
2316,2025-03-22,13,6,34.2,0.0,7.6,171.0,51.3
2317,2025-03-22,24,2,89.2,0.0,4.5,428.16,124.88
2318,2025-03-22,10,1,34.0,0.0,8.3,153.0,40.8
2319,2025-03-22,29,6,31.7,0.0,4.7,158.5,47.55
2320,2025-03-22,9,6,76.5,0.0,7.7,382.5,114.75
2321,2025-03-22,23,6,96.8,0.0,8.7,484.0,145.2
2322,2025-03-22,16,4,57.0,0.0,11.1,330.6,108.3
2323,2025-03-22,30,3,91.9,0.0,6.6,597.35,192.99
2324,2025-03-23,3,5,97.6,0.0,7.2,683.2,224.48
2325,2025-03-23,30,4,52.8,0.0,10.2,306.24,100.32
2326,2025-03-23,21,3,36.7,0.0,7.0,238.55,77.07
2327,2025-03-23,2,6,26.3,0.0,6.7,131.5,39.45
2328,2025-03-23,11,5,69.5,0.0,7.9,486.5,159.85
2329,2025-03-23,2,4,77.4,0.0,3.2,448.92,147.06
2330,2025-03-23,19,5,37.9,0.0,1.4,265.3,87.17
2331,2025-03-23,12,3,27.3,0.0,9.6,177.45,57.33
2332,2025-03-23,14,4,32.3,0.0,6.7,187.34,61.37
2333,2025-03-23,23,1,82.0,0.0,6.8,369.0,98.4
2334,2025-03-23,12,2,97.9,0.0,10.6,469.92,137.06
2335,2025-03-23,7,6,82.1,0.0,7.8,410.5,123.15
2336,2025-03-23,20,6,69.1,0.0,9.1,345.5,103.65
2337,2025-03-23,14,3,20.6,0.0,7.9,133.9,43.26
2338,2025-03-23,13,2,70.9,0.0,8.8,340.32,99.26
2339,2025-03-23,17,2,67.8,0.0,8.5,325.44,94.92
2340,2025-03-23,17,2,62.2,0.0,6.5,298.56,87.08
2341,2025-03-23,6,6,86.5,0.0,9.9,432.5,129.75
2342,2025-03-23,16,3,44.0,0.0,7.0,286.0,92.4
2343,2025-03-23,5,6,93.8,0.0,7.3,469.0,140.7
2344,2025-03-23,22,1,77.1,0.0,10.8,346.95,92.52
2345,2025-03-23,3,6,91.9,0.0,3.6,459.5,137.85
2346,2025-03-23,17,1,87.9,0.0,2.7,395.55,105.48
2347,2025-03-23,14,1,94.3,0.0,6.5,424.35,113.16
2348,2025-03-23,7,2,30.7,0.0,4.3,147.36,42.98
2349,2025-03-23,3,6,96.1,0.0,9.0,480.5,144.15
2350,2025-03-23,28,4,26.6,3.5,9.2,133.98,50.54
2351,2025-03-23,2,6,44.9,0.0,8.8,224.5,67.35
2352,2025-03-23,8,4,88.8,0.0,7.8,515.04,168.72
2353,2025-03-23,8,6,62.5,0.0,5.7,312.5,93.75
2354,2025-03-23,16,2,48.8,6.5,9.3,203.04,68.32
2355,2025-03-23,10,1,49.1,0.0,1.1,220.95,58.92
2356,2025-03-23,13,2,63.4,0.0,4.2,304.32,88.76
2357,2025-03-24,27,3,85.5,0.0,7.3,555.75,179.55
2358,2025-03-24,15,1,83.7,0.0,7.2,376.65,100.44
2359,2025-03-24,15,1,76.2,0.0,3.9,342.9,91.44
2360,2025-03-24,30,4,95.0,0.0,8.6,551.0,180.5
2361,2025-03-24,24,5,71.1,0.0,7.3,497.7,163.53
2362,2025-03-24,19,2,53.8,0.0,6.7,258.24,75.32
2363,2025-03-24,6,2,32.4,0.0,6.9,155.52,45.36
2364,2025-03-24,11,4,44.5,0.0,8.6,258.1,84.55
2365,2025-03-24,17,1,98.5,0.0,9.0,443.25,118.2
2366,2025-03-24,4,5,89.1,0.0,3.4,623.7,204.93
2367,2025-03-24,8,3,94.6,23.7,3.7,460.85,198.66
2368,2025-03-24,21,6,65.7,0.0,4.0,328.5,98.55
2369,2025-03-24,10,6,80.7,0.0,3.7,403.5,121.05
2370,2025-03-24,7,5,53.6,0.0,6.3,375.2,123.28
2371,2025-03-24,18,4,51.2,0.0,5.4,296.96,97.28
2372,2025-03-24,16,1,96.9,0.0,8.3,436.05,116.28
2373,2025-03-24,2,6,41.8,0.0,4.6,209.0,62.7
2374,2025-03-24,16,3,31.6,0.0,7.3,205.4,66.36
2375,2025-03-24,15,2,23.9,0.0,8.3,114.72,33.46
2376,2025-03-24,17,4,66.3,0.0,10.4,384.54,125.97
2377,2025-03-24,29,3,50.6,0.0,11.4,328.9,106.26
2378,2025-03-24,16,5,89.4,0.0,8.0,625.8,205.62
2379,2025-03-24,16,1,44.6,0.0,7.4,200.7,53.52
2380,2025-03-24,17,4,35.5,0.0,4.0,205.9,67.45
2381,2025-03-24,1,3,53.1,0.0,10.8,345.15,111.51
2382,2025-03-24,6,3,81.2,0.0,0.8,527.8,170.52
2383,2025-03-24,3,4,54.4,0.0,4.9,315.52,103.36
2384,2025-03-24,26,2,98.4,0.0,7.4,472.32,137.76
2385,2025-03-25,28,1,49.2,0.0,5.4,221.4,59.04
2386,2025-03-25,6,6,54.7,0.0,4.2,273.5,82.05
2387,2025-03-25,9,5,34.6,0.0,3.6,242.2,79.58
2388,2025-03-25,12,1,36.8,0.0,9.8,165.6,44.16
2389,2025-03-25,7,5,41.4,13.0,4.0,198.8,95.22
2390,2025-03-25,29,6,36.1,0.0,4.1,180.5,54.15
2391,2025-03-25,18,3,34.0,0.0,5.5,221.0,71.4
2392,2025-03-25,11,4,41.1,0.0,7.6,238.38,78.09
2393,2025-03-25,15,1,58.1,0.0,8.3,261.45,69.72
2394,2025-03-25,26,6,59.2,0.0,7.1,296.0,88.8
2395,2025-03-25,10,6,88.8,0.0,5.0,444.0,133.2
2396,2025-03-25,22,5,36.8,0.0,9.9,257.6,84.64
2397,2025-03-25,15,2,75.5,0.0,7.7,362.4,105.7
2398,2025-03-25,9,6,42.6,0.0,8.6,213.0,63.9
2399,2025-03-25,6,6,66.7,0.0,8.0,333.5,100.05
2400,2025-03-25,7,6,20.8,0.0,7.4,104.0,31.2
2401,2025-03-25,12,4,38.2,0.0,3.8,221.56,72.58
2402,2025-03-25,14,4,52.9,0.0,6.4,306.82,100.51
2403,2025-03-25,19,3,27.8,0.0,6.6,180.7,58.38
2404,2025-03-25,28,1,92.1,0.0,10.8,414.45,110.52
2405,2025-03-26,11,6,89.4,0.0,3.4,447.0,134.1
2406,2025-03-26,14,1,72.7,0.0,4.5,327.15,87.24
2407,2025-03-26,22,1,73.2,0.0,3.9,329.4,87.84
2408,2025-03-26,27,6,67.1,0.0,6.8,335.5,100.65
2409,2025-03-26,3,6,23.1,0.0,4.3,115.5,34.65
2410,2025-03-26,14,4,78.0,0.0,4.9,452.4,148.2
2411,2025-03-26,23,6,24.6,0.0,5.7,123.0,36.9
2412,2025-03-26,10,5,27.5,0.0,7.3,192.5,63.25
2413,2025-03-26,4,4,26.9,0.0,5.6,156.02,51.11
2414,2025-03-26,14,2,20.9,0.0,4.8,100.32,29.26
2415,2025-03-26,23,2,98.8,0.0,7.0,474.24,138.32
2416,2025-03-26,8,6,71.7,0.0,2.1,358.5,107.55
2417,2025-03-26,2,4,49.8,0.0,6.0,288.84,94.62
2418,2025-03-26,24,1,64.0,0.0,-0.2,288.0,76.8
2419,2025-03-26,5,4,31.5,0.0,7.1,182.7,59.85
2420,2025-03-26,8,4,29.5,0.0,10.7,171.1,56.05
2421,2025-03-26,22,2,79.0,20.9,3.4,278.88,110.6
2422,2025-03-26,26,6,33.8,0.0,4.9,169.0,50.7
2423,2025-03-26,16,3,61.5,0.0,6.5,399.75,129.15
2424,2025-03-26,9,1,55.5,0.0,4.7,249.75,66.6
2425,2025-03-26,24,1,52.2,0.0,7.6,234.9,62.64
2426,2025-03-26,11,4,28.2,8.5,9.3,114.26,53.58
2427,2025-03-26,22,6,50.8,0.0,3.3,254.0,76.2
2428,2025-03-26,24,5,36.4,0.0,9.1,254.8,83.72
2429,2025-03-26,30,4,22.8,0.0,2.7,132.24,43.32
2430,2025-03-26,11,2,99.3,0.0,7.9,476.64,139.02
2431,2025-03-26,7,5,23.5,0.0,4.6,164.5,54.05
2432,2025-03-27,12,6,59.8,0.0,8.1,299.0,89.7
2433,2025-03-27,8,6,28.5,0.0,1.9,142.5,42.75
2434,2025-03-27,16,6,35.4,0.0,5.9,177.0,53.1
2435,2025-03-27,6,3,48.7,0.0,7.3,316.55,102.27
2436,2025-03-27,19,2,56.4,0.0,7.4,270.72,78.96
2437,2025-03-27,11,5,99.2,0.0,6.4,694.4,228.16
2438,2025-03-27,5,2,49.3,0.0,6.2,236.64,69.02
2439,2025-03-27,4,3,39.2,0.0,9.8,254.8,82.32
2440,2025-03-27,6,6,87.0,0.0,3.0,435.0,130.5
2441,2025-03-27,14,2,62.1,0.0,6.2,298.08,86.94
2442,2025-03-27,4,2,22.8,0.0,6.8,109.44,31.92
2443,2025-03-27,19,2,36.1,0.0,8.6,173.28,50.54
2444,2025-03-27,9,2,84.7,0.0,3.8,406.56,118.58
2445,2025-03-27,17,2,98.7,0.0,6.4,473.76,138.18
2446,2025-03-27,25,6,67.2,0.0,3.0,336.0,100.8
2447,2025-03-27,20,3,85.7,0.0,5.5,557.05,179.97
2448,2025-03-27,4,3,86.8,21.5,10.1,424.45,182.28
2449,2025-03-27,22,6,60.6,0.0,8.8,303.0,90.9
2450,2025-03-28,12,6,47.9,0.0,5.7,239.5,71.85
2451,2025-03-28,27,2,62.6,11.0,11.9,247.68,87.64
2452,2025-03-28,2,6,95.6,0.0,6.5,478.0,143.4
2453,2025-03-28,10,4,21.3,0.0,7.1,123.54,40.47
2454,2025-03-28,22,6,97.2,0.0,6.5,486.0,145.8
2455,2025-03-28,15,1,69.5,0.0,8.5,312.75,83.4
2456,2025-03-28,10,6,57.4,0.0,11.2,287.0,86.1
2457,2025-03-28,28,2,76.0,0.0,5.8,364.8,106.4
2458,2025-03-28,11,6,80.8,0.0,2.1,404.0,121.2
2459,2025-03-28,25,1,23.6,0.0,7.0,106.2,28.32
2460,2025-03-28,26,6,56.0,0.0,4.3,280.0,84.0
2461,2025-03-28,14,5,63.8,0.0,7.3,446.6,146.74
2462,2025-03-28,22,5,55.3,20.0,9.8,247.1,127.19
2463,2025-03-28,9,1,83.6,0.0,6.6,376.2,100.32
2464,2025-03-28,16,3,48.5,0.0,4.2,315.25,101.85
2465,2025-03-28,16,5,71.4,0.0,9.1,499.8,164.22
2466,2025-03-28,18,6,32.0,0.0,4.6,160.0,48.0
2467,2025-03-28,4,4,53.4,0.0,9.2,309.72,101.46
2468,2025-03-28,9,1,85.6,0.0,3.4,385.2,102.72
2469,2025-03-28,29,1,49.0,8.3,9.3,183.15,58.8
2470,2025-03-28,5,6,58.5,0.0,5.8,292.5,87.75
2471,2025-03-28,17,3,76.0,0.0,1.8,494.0,159.6
2472,2025-03-28,4,4,70.4,0.0,4.4,408.32,133.76
2473,2025-03-28,1,1,75.8,0.0,2.4,341.1,90.96
2474,2025-03-28,15,2,48.3,0.0,8.9,231.84,67.62
2475,2025-03-29,10,2,22.2,0.0,4.0,106.56,31.08
2476,2025-03-29,24,1,90.7,0.0,10.2,408.15,108.84
2477,2025-03-29,1,3,38.5,0.0,5.2,250.25,80.85
2478,2025-03-29,18,6,52.9,0.0,4.5,264.5,79.35
2479,2025-03-29,22,4,56.3,0.0,3.2,326.54,106.97
2480,2025-03-29,9,6,55.9,0.0,5.8,279.5,83.85
2481,2025-03-29,17,4,70.9,0.0,-0.9,411.22,134.71
2482,2025-03-29,30,4,88.3,0.0,5.6,512.14,167.77
2483,2025-03-29,18,4,63.7,0.0,5.5,369.46,121.03
2484,2025-03-29,17,6,75.5,0.0,8.4,377.5,113.25
2485,2025-03-29,12,6,82.1,0.0,5.4,410.5,123.15
2486,2025-03-29,25,6,91.9,0.0,6.6,459.5,137.85
2487,2025-03-29,30,4,97.1,0.0,5.4,563.18,184.49
2488,2025-03-29,25,2,66.2,0.0,8.6,317.76,92.68
2489,2025-03-29,28,1,50.4,12.6,7.6,170.1,60.48
2490,2025-03-29,14,4,74.9,0.0,9.8,434.42,142.31
2491,2025-03-29,26,2,57.4,0.0,3.8,275.52,80.36
2492,2025-03-29,4,3,74.0,0.0,7.0,481.0,155.4
2493,2025-03-29,14,2,79.9,0.0,7.1,383.52,111.86
2494,2025-03-29,7,5,84.9,0.0,7.0,594.3,195.27
2495,2025-03-29,23,3,69.0,0.0,8.2,448.5,144.9
2496,2025-03-29,26,4,95.4,0.0,5.2,553.32,181.26
2497,2025-03-29,4,2,64.0,0.0,7.1,307.2,89.6
2498,2025-03-29,26,6,96.5,0.0,4.7,482.5,144.75
2499,2025-03-29,30,5,34.8,0.0,4.8,243.6,80.04
2500,2025-03-29,30,2,22.7,0.0,3.3,108.96,31.78
2501,2025-03-29,29,5,51.0,0.0,1.8,357.0,117.3
2502,2025-03-29,10,6,35.7,0.0,5.5,178.5,53.55
2503,2025-03-29,15,2,24.1,0.0,6.8,115.68,33.74
2504,2025-03-29,7,1,38.2,0.0,8.5,171.9,45.84
2505,2025-03-29,21,5,56.5,0.0,8.6,395.5,129.95
2506,2025-03-30,1,4,58.8,16.3,7.5,246.5,111.72
2507,2025-03-30,27,6,58.0,0.0,5.8,290.0,87.0
2508,2025-03-30,17,3,54.3,0.0,5.1,352.95,114.03
2509,2025-03-30,5,3,46.4,0.0,4.0,301.6,97.44
2510,2025-03-30,30,2,63.5,0.0,2.5,304.8,88.9
2511,2025-03-30,14,1,25.5,0.0,7.5,114.75,30.6
2512,2025-03-30,21,5,24.9,0.0,7.2,174.3,57.27
2513,2025-03-30,13,2,39.9,4.2,4.0,171.36,55.86
2514,2025-03-30,30,2,67.2,0.0,7.0,322.56,94.08
2515,2025-03-30,3,4,21.5,0.0,6.9,124.7,40.85
2516,2025-03-30,13,6,28.3,0.0,6.0,141.5,42.45
2517,2025-03-30,22,3,67.1,0.0,2.0,436.15,140.91
2518,2025-03-30,8,2,78.8,0.0,6.0,378.24,110.32
2519,2025-03-30,4,1,78.5,0.0,6.6,353.25,94.2
2520,2025-03-30,5,6,97.1,0.0,5.1,485.5,145.65
2521,2025-03-30,10,6,68.7,0.0,3.0,343.5,103.05
2522,2025-03-30,3,1,34.0,0.0,6.1,153.0,40.8
2523,2025-03-30,9,2,67.8,0.0,5.8,325.44,94.92
2524,2025-03-30,9,3,47.8,0.0,5.6,310.7,100.38
2525,2025-03-30,11,4,31.9,0.0,8.8,185.02,60.61
2526,2025-03-30,25,3,57.4,0.0,5.7,373.1,120.54
2527,2025-03-30,28,6,78.0,0.0,5.2,390.0,117.0
2528,2025-03-30,2,4,91.7,0.0,4.8,531.86,174.23
2529,2025-03-30,28,6,48.9,0.0,8.6,244.5,73.35
2530,2025-03-30,8,2,45.1,0.0,2.7,216.48,63.14
2531,2025-03-30,14,1,45.4,0.0,4.3,204.3,54.48
2532,2025-03-30,4,4,46.4,0.0,5.4,269.12,88.16
2533,2025-03-30,5,6,78.9,0.0,5.4,394.5,118.35
2534,2025-03-30,29,5,59.7,0.0,6.6,417.9,137.31
2535,2025-03-30,19,4,25.8,0.0,7.0,149.64,49.02
2536,2025-03-30,3,2,61.9,0.0,5.7,297.12,86.66
2537,2025-03-30,1,4,20.9,0.0,6.7,121.22,39.71
2538,2025-03-30,17,6,63.1,0.0,8.3,315.5,94.65
2539,2025-03-30,12,2,26.9,0.0,6.7,129.12,37.66
2540,2025-03-30,22,2,52.1,0.0,3.0,250.08,72.94
2541,2025-03-30,23,2,54.7,0.0,7.7,262.56,76.58
2542,2025-03-30,18,2,95.3,0.0,9.7,457.44,133.42
2543,2025-03-30,2,1,68.4,0.0,7.4,307.8,82.08
2544,2025-03-30,8,4,72.5,0.0,6.2,420.5,137.75
2545,2025-03-30,15,1,67.0,0.0,10.4,301.5,80.4
2546,2025-03-30,16,1,27.9,0.0,6.3,125.55,33.48
2547,2025-03-30,25,2,81.0,0.0,9.1,388.8,113.4
2548,2025-03-30,16,2,42.5,0.0,0.6,204.0,59.5
2549,2025-03-30,12,5,20.7,0.0,5.2,144.9,47.61
2550,2025-03-30,4,1,32.2,0.0,5.7,144.9,38.64
2551,2025-03-30,11,3,68.4,0.0,8.3,444.6,143.64
2552,2025-03-30,13,3,30.2,0.0,6.0,196.3,63.42
2553,2025-03-30,3,1,61.9,0.0,4.6,278.55,74.28
2554,2025-03-30,10,2,70.6,17.3,9.4,255.84,98.84
2555,2025-03-30,28,1,66.8,0.0,1.1,300.6,80.16
2556,2025-03-30,25,5,38.5,14.6,8.3,167.3,88.55
2557,2025-03-31,21,5,27.2,0.0,6.5,190.4,62.56
2558,2025-03-31,7,2,99.6,0.0,4.2,478.08,139.44
2559,2025-03-31,29,1,48.5,0.0,5.5,218.25,58.2
2560,2025-03-31,8,5,80.8,0.0,8.4,565.6,185.84
2561,2025-03-31,4,5,85.5,8.7,7.3,537.6,196.65
2562,2025-03-31,12,5,56.4,0.0,3.5,394.8,129.72
2563,2025-03-31,11,3,56.7,0.0,5.7,368.55,119.07
2564,2025-03-31,30,4,39.5,0.0,5.6,229.1,75.05
2565,2025-03-31,11,6,68.4,0.0,2.8,342.0,102.6
2566,2025-03-31,11,2,36.9,0.0,2.9,177.12,51.66
2567,2025-03-31,20,4,99.9,0.0,8.2,579.42,189.81
2568,2025-03-31,24,3,89.6,0.0,9.7,582.4,188.16
2569,2025-03-31,1,4,72.2,0.0,4.9,418.76,137.18
2570,2025-03-31,24,5,51.9,0.0,2.6,363.3,119.37
2571,2025-03-31,28,3,66.4,0.0,7.6,431.6,139.44
2572,2025-03-31,28,4,89.6,0.0,0.7,519.68,170.24
2573,2025-03-31,21,2,29.4,0.0,10.7,141.12,41.16
2574,2025-03-31,2,2,25.2,9.0,9.7,77.76,35.28
2575,2025-03-31,5,3,44.0,0.0,3.8,286.0,92.4
2576,2025-03-31,21,5,97.8,0.0,2.0,684.6,224.94
2577,2025-03-31,14,1,35.2,0.0,-0.4,158.4,42.24
2578,2025-04-01,4,3,68.3,0.0,8.0,443.95,143.43
2579,2025-04-01,29,2,75.5,0.0,2.0,362.4,105.7
2580,2025-04-01,10,6,96.8,0.0,5.8,484.0,145.2
2581,2025-04-01,14,3,26.4,0.0,9.3,171.6,55.44
2582,2025-04-01,24,3,31.3,0.0,5.5,203.45,65.73
2583,2025-04-01,6,5,75.5,0.0,8.8,528.5,173.65
2584,2025-04-01,23,5,82.0,0.0,9.2,574.0,188.6
2585,2025-04-01,4,6,31.9,0.0,6.6,159.5,47.85
2586,2025-04-01,2,5,83.0,0.0,6.1,581.0,190.9
2587,2025-04-01,24,3,62.0,0.0,5.0,403.0,130.2
2588,2025-04-01,24,4,77.6,0.0,2.7,450.08,147.44
2589,2025-04-01,28,3,43.0,0.0,6.5,279.5,90.3
2590,2025-04-01,12,1,91.1,0.0,2.5,409.95,109.32
2591,2025-04-01,15,6,88.9,0.0,8.9,444.5,133.35
2592,2025-04-01,16,1,58.5,0.0,8.1,263.25,70.2
2593,2025-04-01,25,3,63.7,17.1,6.6,302.9,133.77
2594,2025-04-01,11,6,40.3,0.0,5.4,201.5,60.45
2595,2025-04-01,4,4,33.2,0.0,7.8,192.56,63.08
2596,2025-04-01,18,5,43.3,0.0,3.2,303.1,99.59
2597,2025-04-01,18,2,55.9,0.0,5.1,268.32,78.26
2598,2025-04-01,30,3,50.3,0.0,0.5,326.95,105.63
2599,2025-04-01,15,5,41.6,0.0,3.0,291.2,95.68
2600,2025-04-01,8,3,54.6,0.0,3.1,354.9,114.66
2601,2025-04-01,28,2,41.4,0.0,8.9,198.72,57.96
2602,2025-04-01,20,6,33.2,0.0,3.9,166.0,49.8
2603,2025-04-01,6,2,61.4,9.6,12.5,248.64,85.96
2604,2025-04-01,18,5,89.6,0.0,4.2,627.2,206.08
2605,2025-04-01,18,3,30.8,0.0,5.7,200.2,64.68
2606,2025-04-01,6,1,73.8,0.0,3.2,332.1,88.56
2607,2025-04-01,16,3,65.5,0.0,6.0,425.75,137.55
2608,2025-04-01,11,4,22.8,0.0,9.1,132.24,43.32
2609,2025-04-02,22,4,52.9,0.0,4.5,306.82,100.51
2610,2025-04-02,9,1,29.4,0.0,1.2,132.3,35.28
2611,2025-04-02,12,1,22.6,8.2,11.7,64.8,27.12
2612,2025-04-02,19,5,90.4,0.0,8.0,632.8,207.92
2613,2025-04-02,23,2,65.1,0.0,7.8,312.48,91.14
2614,2025-04-02,2,1,21.8,0.0,6.5,98.1,26.16
2615,2025-04-02,15,5,97.0,0.0,6.0,679.0,223.1
2616,2025-04-02,16,2,81.7,0.0,5.5,392.16,114.38
2617,2025-04-02,24,5,37.5,0.0,9.2,262.5,86.25
2618,2025-04-02,20,1,91.4,0.0,5.4,411.3,109.68
2619,2025-04-02,30,4,31.8,3.5,5.6,164.14,60.42
2620,2025-04-02,19,2,66.6,0.0,5.1,319.68,93.24
2621,2025-04-02,9,2,47.7,0.0,4.0,228.96,66.78
2622,2025-04-02,18,5,34.5,0.0,6.8,241.5,79.35
2623,2025-04-02,8,5,61.5,0.0,4.1,430.5,141.45
2624,2025-04-02,27,6,78.7,0.0,8.2,393.5,118.05
2625,2025-04-02,14,4,95.5,0.0,5.9,553.9,181.45
2626,2025-04-02,7,4,81.4,0.0,5.4,472.12,154.66
2627,2025-04-02,22,5,51.2,0.0,7.9,358.4,117.76
2628,2025-04-02,15,4,41.0,0.0,2.7,237.8,77.9
2629,2025-04-02,26,2,33.4,0.0,6.5,160.32,46.76
2630,2025-04-02,7,5,71.0,0.0,2.4,497.0,163.3
2631,2025-04-02,16,5,44.5,12.5,9.1,224.0,102.35
2632,2025-04-02,11,3,73.0,0.0,3.9,474.5,153.3
2633,2025-04-02,25,4,29.6,0.0,7.6,171.68,56.24
2634,2025-04-02,25,2,58.6,0.0,6.9,281.28,82.04
2635,2025-04-02,25,1,31.2,0.0,5.2,140.4,37.44
2636,2025-04-02,5,2,36.3,0.0,5.9,174.24,50.82
2637,2025-04-03,17,1,25.7,0.0,1.1,115.65,30.84
2638,2025-04-03,25,3,89.6,0.0,7.1,582.4,188.16
2639,2025-04-03,1,4,74.7,0.0,5.1,433.26,141.93
2640,2025-04-03,6,6,78.5,0.0,-1.1,392.5,117.75
2641,2025-04-03,13,4,70.8,0.0,7.5,410.64,134.52
2642,2025-04-03,6,6,64.8,0.0,4.7,324.0,97.2
2643,2025-04-03,13,6,73.1,0.0,5.3,365.5,109.65
2644,2025-04-03,14,2,27.4,0.0,6.6,131.52,38.36
2645,2025-04-03,8,3,68.9,0.0,4.8,447.85,144.69
2646,2025-04-03,12,1,38.9,0.0,6.5,175.05,46.68
2647,2025-04-03,5,1,81.9,0.0,5.2,368.55,98.28
2648,2025-04-03,15,3,99.4,0.0,7.3,646.1,208.74
2649,2025-04-03,17,5,88.8,25.4,9.9,443.8,204.24
2650,2025-04-03,3,2,51.9,0.0,10.6,249.12,72.66
2651,2025-04-03,10,5,25.6,0.0,3.0,179.2,58.88
2652,2025-04-03,27,3,54.7,0.0,3.9,355.55,114.87
2653,2025-04-03,19,6,88.9,0.0,1.8,444.5,133.35
2654,2025-04-03,27,3,34.8,0.0,5.7,226.2,73.08
2655,2025-04-03,16,2,52.7,0.0,6.6,252.96,73.78
2656,2025-04-03,28,6,44.7,0.0,5.6,223.5,67.05
2657,2025-04-03,20,3,95.4,0.0,9.9,620.1,200.34
2658,2025-04-04,22,4,95.5,0.0,2.3,553.9,181.45
2659,2025-04-04,4,4,39.7,0.0,6.6,230.26,75.43
2660,2025-04-04,1,6,40.9,0.0,6.6,204.5,61.35
2661,2025-04-04,9,5,67.4,12.6,10.9,383.6,155.02
2662,2025-04-04,20,5,69.9,22.6,9.9,331.1,160.77
2663,2025-04-04,30,6,84.2,0.0,5.3,421.0,126.3
2664,2025-04-04,10,5,83.8,0.0,7.9,586.6,192.74
2665,2025-04-04,5,6,57.6,0.0,3.3,288.0,86.4
2666,2025-04-04,12,5,65.2,0.0,2.2,456.4,149.96
2667,2025-04-04,16,6,88.8,0.0,7.8,444.0,133.2
2668,2025-04-04,26,5,78.5,0.0,8.2,549.5,180.55
2669,2025-04-04,21,3,65.4,0.0,4.6,425.1,137.34
2670,2025-04-04,19,2,81.0,0.0,4.9,388.8,113.4
2671,2025-04-04,1,3,97.7,0.0,1.6,635.05,205.17
2672,2025-04-04,4,3,89.2,0.0,5.0,579.8,187.32
2673,2025-04-04,27,5,98.1,0.0,8.8,686.7,225.63
2674,2025-04-04,4,4,27.2,0.0,6.8,157.76,51.68
2675,2025-04-04,5,5,27.8,0.0,2.6,194.6,63.94
2676,2025-04-04,22,6,45.4,0.0,8.8,227.0,68.1
2677,2025-04-04,21,1,67.5,0.0,6.7,303.75,81.0
2678,2025-04-04,10,4,44.1,0.0,10.5,255.78,83.79
2679,2025-04-04,2,1,72.5,0.0,5.5,326.25,87.0
2680,2025-04-04,5,2,77.8,0.0,2.9,373.44,108.92
2681,2025-04-04,10,5,66.7,0.0,7.2,466.9,153.41
2682,2025-04-04,15,6,34.3,0.0,11.3,171.5,51.45
2683,2025-04-04,13,1,40.8,0.0,3.7,183.6,48.96
2684,2025-04-04,18,4,29.7,9.2,5.6,118.9,56.43
2685,2025-04-04,4,4,53.7,0.0,8.1,311.46,102.03
2686,2025-04-04,27,3,28.9,0.0,4.1,187.85,60.69
2687,2025-04-04,3,5,48.0,0.0,5.8,336.0,110.4
2688,2025-04-04,8,4,44.2,0.0,7.0,256.36,83.98
2689,2025-04-04,19,6,95.0,0.0,8.8,475.0,142.5
2690,2025-04-04,23,5,58.5,0.0,5.2,409.5,134.55
2691,2025-04-04,18,1,26.4,0.0,7.0,118.8,31.68
2692,2025-04-04,5,5,77.2,0.0,5.8,540.4,177.56
2693,2025-04-04,18,2,97.3,0.0,8.9,467.04,136.22
2694,2025-04-04,6,3,96.2,0.0,8.6,625.3,202.02
2695,2025-04-04,11,5,58.1,0.0,5.4,406.7,133.63
2696,2025-04-04,30,1,89.8,0.0,5.2,404.1,107.76
2697,2025-04-04,18,6,88.6,0.0,7.9,443.0,132.9
2698,2025-04-04,21,5,94.3,0.0,5.2,660.1,216.89
2699,2025-04-04,27,4,33.6,0.0,7.5,194.88,63.84
2700,2025-04-04,19,3,25.0,0.0,4.3,162.5,52.5
2701,2025-04-04,20,4,86.7,0.0,8.1,502.86,164.73
2702,2025-04-04,27,1,60.1,0.0,9.0,270.45,72.12
2703,2025-04-04,21,6,85.7,0.0,7.8,428.5,128.55
2704,2025-04-04,18,3,20.9,0.0,-0.1,135.85,43.89
2705,2025-04-04,12,1,36.3,0.0,7.9,163.35,43.56
2706,2025-04-04,1,3,97.1,35.3,5.6,401.7,203.91
2707,2025-04-05,22,3,42.6,0.0,5.5,276.9,89.46
2708,2025-04-05,1,1,75.5,0.0,4.1,339.75,90.6
2709,2025-04-05,23,2,40.0,0.0,6.3,192.0,56.0
2710,2025-04-05,15,5,72.4,26.1,11.0,324.1,166.52
2711,2025-04-05,2,6,64.5,0.0,-1.3,322.5,96.75
2712,2025-04-05,21,1,48.9,0.0,3.3,220.05,58.68
2713,2025-04-05,14,4,70.2,0.0,5.8,407.16,133.38
2714,2025-04-05,21,4,51.3,0.0,3.6,297.54,97.47
2715,2025-04-05,25,3,43.9,0.0,4.6,285.35,92.19
2716,2025-04-05,12,2,23.8,0.0,5.5,114.24,33.32
2717,2025-04-05,9,1,68.2,0.0,8.0,306.9,81.84
2718,2025-04-05,1,5,75.9,0.0,9.1,531.3,174.57
2719,2025-04-05,10,3,55.3,0.0,5.5,359.45,116.13
2720,2025-04-05,21,3,20.0,0.0,5.5,130.0,42.0
2721,2025-04-05,12,4,35.2,0.0,5.1,204.16,66.88
2722,2025-04-05,19,5,64.8,0.0,5.7,453.6,149.04
2723,2025-04-05,5,5,61.5,0.0,6.1,430.5,141.45
2724,2025-04-05,22,6,25.7,0.0,7.8,128.5,38.55
2725,2025-04-05,9,5,43.2,0.0,5.5,302.4,99.36
2726,2025-04-05,7,2,78.2,26.1,7.7,250.08,109.48
2727,2025-04-05,24,1,62.0,0.0,3.7,279.0,74.4
2728,2025-04-05,18,2,58.3,0.0,7.0,279.84,81.62
2729,2025-04-05,14,3,36.6,0.0,4.9,237.9,76.86
2730,2025-04-05,10,3,87.9,0.0,7.3,571.35,184.59
2731,2025-04-06,24,2,74.8,0.0,7.4,359.04,104.72
2732,2025-04-06,18,3,41.9,0.0,6.8,272.35,87.99
2733,2025-04-06,13,4,23.6,0.0,7.8,136.88,44.84
2734,2025-04-06,10,5,82.8,13.9,3.1,482.3,190.44
2735,2025-04-06,26,5,30.0,0.0,3.4,210.0,69.0
2736,2025-04-06,13,3,34.1,0.0,7.1,221.65,71.61
2737,2025-04-06,21,5,94.4,0.0,5.2,660.8,217.12
2738,2025-04-06,13,3,39.9,0.0,1.8,259.35,83.79
2739,2025-04-06,28,4,75.3,0.0,7.4,436.74,143.07
2740,2025-04-06,4,6,47.0,0.0,7.0,235.0,70.5
2741,2025-04-06,15,5,66.9,0.0,-0.4,468.3,153.87
2742,2025-04-06,24,2,74.0,8.5,9.7,314.4,103.6
2743,2025-04-06,20,3,84.0,0.0,3.6,546.0,176.4
2744,2025-04-06,29,1,48.7,14.5,9.8,153.9,58.44
2745,2025-04-06,1,4,71.5,0.0,7.7,414.7,135.85
2746,2025-04-06,11,3,83.3,0.0,5.0,541.45,174.93
2747,2025-04-06,1,4,90.7,0.0,6.7,526.06,172.33
2748,2025-04-06,21,1,84.5,0.0,3.4,380.25,101.4
2749,2025-04-06,10,2,44.0,0.0,6.3,211.2,61.6
2750,2025-04-06,21,2,47.8,0.0,8.4,229.44,66.92
2751,2025-04-06,15,4,91.8,0.0,2.8,532.44,174.42
2752,2025-04-06,13,5,21.7,0.0,8.0,151.9,49.91
2753,2025-04-06,27,6,49.2,0.0,6.8,246.0,73.8
2754,2025-04-06,12,5,61.3,0.0,9.5,429.1,140.99
2755,2025-04-07,7,1,59.8,0.0,4.8,269.1,71.76
2756,2025-04-07,28,6,33.5,0.0,3.2,167.5,50.25
2757,2025-04-07,12,1,70.0,0.0,4.2,315.0,84.0
2758,2025-04-07,26,3,48.3,0.0,4.6,313.95,101.43
2759,2025-04-07,20,1,79.2,0.0,2.8,356.4,95.04
2760,2025-04-07,22,3,41.3,0.0,4.4,268.45,86.73
2761,2025-04-07,24,5,87.2,0.0,4.0,610.4,200.56
2762,2025-04-07,24,4,37.2,0.0,3.1,215.76,70.68
2763,2025-04-07,20,5,40.3,0.0,5.3,282.1,92.69
2764,2025-04-07,18,3,44.8,0.0,4.3,291.2,94.08
2765,2025-04-07,24,3,60.4,0.0,9.7,392.6,126.84
2766,2025-04-07,15,3,87.4,0.0,7.6,568.1,183.54
2767,2025-04-07,17,1,60.7,0.0,2.7,273.15,72.84
2768,2025-04-07,29,5,28.3,0.0,5.6,198.1,65.09
2769,2025-04-07,8,3,55.3,0.0,10.9,359.45,116.13
2770,2025-04-07,27,5,52.1,0.0,7.5,364.7,119.83
2771,2025-04-07,1,2,75.5,0.0,4.9,362.4,105.7
2772,2025-04-07,10,3,45.0,0.0,2.4,292.5,94.5
2773,2025-04-07,21,6,73.7,0.0,5.3,368.5,110.55
2774,2025-04-07,2,4,96.0,0.0,2.4,556.8,182.4
2775,2025-04-07,2,1,30.8,0.0,1.5,138.6,36.96
2776,2025-04-07,11,5,38.2,0.0,4.8,267.4,87.86
2777,2025-04-07,8,6,93.6,0.0,2.7,468.0,140.4
2778,2025-04-07,24,4,75.5,0.0,7.4,437.9,143.45
2779,2025-04-07,12,3,96.0,0.0,3.4,624.0,201.6
2780,2025-04-07,30,2,71.2,0.0,10.2,341.76,99.68
2781,2025-04-07,26,4,82.8,0.0,7.9,480.24,157.32
2782,2025-04-07,9,3,42.4,0.0,5.5,275.6,89.04
2783,2025-04-07,27,1,48.4,0.0,5.7,217.8,58.08
2784,2025-04-07,11,3,74.5,0.0,6.9,484.25,156.45
2785,2025-04-07,1,2,63.4,0.0,3.0,304.32,88.76
2786,2025-04-07,6,2,32.3,0.0,4.6,155.04,45.22
2787,2025-04-08,7,2,57.9,0.0,4.1,277.92,81.06
2788,2025-04-08,28,3,80.7,20.9,4.4,388.7,169.47
2789,2025-04-08,21,3,94.2,0.0,6.1,612.3,197.82
2790,2025-04-08,12,2,73.8,0.0,6.2,354.24,103.32
2791,2025-04-08,3,2,55.2,0.0,2.8,264.96,77.28
2792,2025-04-08,27,1,44.6,0.0,5.1,200.7,53.52
2793,2025-04-08,4,1,28.6,0.0,6.6,128.7,34.32
2794,2025-04-08,5,5,99.4,0.0,7.2,695.8,228.62
2795,2025-04-08,19,3,99.2,0.0,5.6,644.8,208.32
2796,2025-04-08,28,1,80.1,0.0,4.5,360.45,96.12
2797,2025-04-08,18,3,41.2,0.0,4.3,267.8,86.52
2798,2025-04-08,3,4,82.6,0.0,8.6,479.08,156.94
2799,2025-04-08,27,2,34.2,0.0,4.3,164.16,47.88
2800,2025-04-08,17,5,65.4,0.0,3.7,457.8,150.42
2801,2025-04-08,17,5,44.5,0.0,7.6,311.5,102.35
2802,2025-04-08,28,3,42.0,0.0,2.0,273.0,88.2
2803,2025-04-08,13,6,74.5,0.0,8.0,372.5,111.75
2804,2025-04-08,24,4,35.1,0.0,4.3,203.58,66.69
2805,2025-04-08,14,2,94.9,0.0,4.6,455.52,132.86
2806,2025-04-08,7,2,97.2,0.0,3.1,466.56,136.08
2807,2025-04-08,18,1,46.9,0.0,4.0,211.05,56.28
2808,2025-04-08,21,3,85.8,0.0,3.8,557.7,180.18
2809,2025-04-08,13,5,83.6,0.0,4.5,585.2,192.28
2810,2025-04-09,29,6,77.8,0.0,5.1,389.0,116.7
2811,2025-04-09,29,1,94.0,0.0,8.2,423.0,112.8
2812,2025-04-09,29,3,42.4,0.0,0.5,275.6,89.04
2813,2025-04-09,15,1,40.1,0.0,3.2,180.45,48.12
2814,2025-04-09,1,5,76.0,0.0,5.6,532.0,174.8
2815,2025-04-09,26,2,66.8,0.0,3.3,320.64,93.52
2816,2025-04-09,8,2,81.2,0.0,3.8,389.76,113.68
2817,2025-04-09,19,5,53.1,0.0,3.7,371.7,122.13
2818,2025-04-09,24,6,35.2,0.0,7.6,176.0,52.8
2819,2025-04-09,19,1,96.7,0.0,4.0,435.15,116.04
2820,2025-04-09,11,1,92.3,18.9,4.8,330.3,110.76
2821,2025-04-09,27,4,83.3,0.0,8.2,483.14,158.27
2822,2025-04-09,18,3,40.9,0.0,6.5,265.85,85.89
2823,2025-04-09,26,6,85.0,0.0,6.9,425.0,127.5
2824,2025-04-09,4,5,37.0,0.0,6.6,259.0,85.1
2825,2025-04-09,15,3,42.3,0.0,7.3,274.95,88.83
2826,2025-04-09,7,5,39.3,0.0,7.0,275.1,90.39
2827,2025-04-09,30,1,71.1,0.0,4.9,319.95,85.32
2828,2025-04-09,14,3,41.8,0.0,6.5,271.7,87.78
2829,2025-04-09,13,1,87.5,0.0,6.2,393.75,105.0
2830,2025-04-09,9,2,35.9,0.0,2.1,172.32,50.26
2831,2025-04-09,29,3,70.1,0.0,7.7,455.65,147.21
2832,2025-04-09,28,2,34.7,0.0,3.6,166.56,48.58
2833,2025-04-09,15,3,36.1,0.0,6.9,234.65,75.81
2834,2025-04-09,27,4,84.1,0.0,2.3,487.78,159.79
2835,2025-04-09,28,1,37.2,0.0,7.1,167.4,44.64
2836,2025-04-09,27,3,43.9,0.0,7.5,285.35,92.19
2837,2025-04-10,19,4,33.5,0.0,4.0,194.3,63.65
2838,2025-04-10,8,3,23.7,0.0,10.5,154.05,49.77
2839,2025-04-10,4,3,35.7,0.0,6.7,232.05,74.97
2840,2025-04-10,30,4,72.1,9.0,10.5,365.98,136.99
2841,2025-04-10,10,5,61.7,0.0,2.6,431.9,141.91
2842,2025-04-10,21,2,26.7,0.0,8.7,128.16,37.38
2843,2025-04-10,3,4,70.8,0.0,3.6,410.64,134.52
2844,2025-04-10,2,5,90.7,0.0,7.4,634.9,208.61
2845,2025-04-10,19,6,78.5,0.0,-0.6,392.5,117.75
2846,2025-04-10,5,6,68.3,0.0,8.6,341.5,102.45
2847,2025-04-10,5,1,82.8,0.0,8.2,372.6,99.36
2848,2025-04-10,20,2,85.6,0.0,6.5,410.88,119.84
2849,2025-04-10,30,5,65.4,0.0,7.1,457.8,150.42
2850,2025-04-10,5,5,36.3,0.0,5.9,254.1,83.49
2851,2025-04-10,29,4,97.9,0.0,9.7,567.82,186.01
2852,2025-04-11,25,4,97.1,0.0,3.5,563.18,184.49
2853,2025-04-11,16,5,64.7,0.0,4.3,452.9,148.81
2854,2025-04-11,11,6,91.7,0.0,5.4,458.5,137.55
2855,2025-04-11,26,6,40.6,0.0,6.5,203.0,60.9
2856,2025-04-11,19,2,75.3,0.0,7.2,361.44,105.42
2857,2025-04-11,7,4,52.3,0.0,5.0,303.34,99.37
2858,2025-04-11,15,3,71.4,0.0,6.3,464.1,149.94
2859,2025-04-11,2,5,56.2,0.0,5.2,393.4,129.26
2860,2025-04-11,29,5,99.4,0.0,6.7,695.8,228.62
2861,2025-04-11,6,4,82.1,13.5,10.6,397.88,155.99
2862,2025-04-11,17,3,39.7,0.0,7.7,258.05,83.37
2863,2025-04-11,21,2,73.5,0.0,4.2,352.8,102.9
2864,2025-04-11,16,5,88.8,0.0,5.3,621.6,204.24
2865,2025-04-11,28,6,89.2,0.0,3.4,446.0,133.8
2866,2025-04-11,10,1,90.6,0.0,5.5,407.7,108.72
2867,2025-04-11,30,4,47.4,0.0,6.2,274.92,90.06
2868,2025-04-11,30,4,51.7,0.0,5.8,299.86,98.23
2869,2025-04-11,21,3,42.5,0.0,4.6,276.25,89.25
2870,2025-04-11,24,6,42.8,0.0,1.7,214.0,64.2
2871,2025-04-11,30,2,96.6,0.0,0.4,463.68,135.24
2872,2025-04-11,5,4,93.2,0.0,5.9,540.56,177.08
2873,2025-04-11,17,4,43.0,0.0,8.0,249.4,81.7
2874,2025-04-11,10,1,57.6,0.0,4.0,259.2,69.12
2875,2025-04-11,14,3,32.2,0.0,7.4,209.3,67.62
2876,2025-04-11,20,2,79.4,0.0,7.1,381.12,111.16
2877,2025-04-11,10,5,69.1,0.0,6.9,483.7,158.93
2878,2025-04-11,22,1,64.3,0.0,8.7,289.35,77.16
2879,2025-04-11,28,5,36.0,0.0,5.6,252.0,82.8
2880,2025-04-11,15,6,66.9,0.0,3.7,334.5,100.35
2881,2025-04-11,16,4,87.9,0.0,2.2,509.82,167.01
2882,2025-04-11,15,1,84.2,0.0,6.3,378.9,101.04
2883,2025-04-11,13,3,56.7,0.0,9.8,368.55,119.07
2884,2025-04-11,7,2,58.7,0.0,6.4,281.76,82.18
2885,2025-04-11,21,2,28.5,0.0,5.1,136.8,39.9
2886,2025-04-11,24,3,26.4,0.0,0.4,171.6,55.44
2887,2025-04-11,30,5,40.2,0.0,4.9,281.4,92.46
2888,2025-04-11,15,2,40.8,0.0,3.2,195.84,57.12
2889,2025-04-11,4,4,80.7,0.0,4.0,468.06,153.33
2890,2025-04-11,15,1,51.7,0.0,7.2,232.65,62.04
2891,2025-04-11,12,2,30.5,0.0,6.7,146.4,42.7
2892,2025-04-11,14,6,55.0,0.0,7.9,275.0,82.5
2893,2025-04-11,21,1,91.1,0.0,5.7,409.95,109.32
2894,2025-04-11,8,3,57.1,0.0,7.0,371.15,119.91
2895,2025-04-12,1,3,95.7,0.0,5.5,622.05,200.97
2896,2025-04-12,7,5,76.2,0.0,5.4,533.4,175.26
2897,2025-04-12,6,2,52.0,0.0,6.3,249.6,72.8
2898,2025-04-12,9,3,55.7,0.0,5.7,362.05,116.97
2899,2025-04-12,29,4,52.5,0.0,3.5,304.5,99.75
2900,2025-04-12,7,3,20.7,0.0,4.7,134.55,43.47
2901,2025-04-12,12,5,82.9,0.0,4.1,580.3,190.67
2902,2025-04-12,2,1,41.9,0.0,4.0,188.55,50.28
2903,2025-04-12,15,1,65.3,0.0,3.0,293.85,78.36
2904,2025-04-12,19,2,25.8,0.0,5.8,123.84,36.12
2905,2025-04-12,16,3,92.3,0.0,8.4,599.95,193.83
2906,2025-04-12,29,1,52.1,0.0,4.5,234.45,62.52
2907,2025-04-12,30,2,89.1,0.0,6.9,427.68,124.74
2908,2025-04-12,20,2,40.9,0.0,4.4,196.32,57.26
2909,2025-04-12,19,1,68.0,0.0,5.8,306.0,81.6
2910,2025-04-12,27,5,22.5,0.0,4.4,157.5,51.75
2911,2025-04-12,25,4,88.5,13.8,8.9,433.26,168.15
2912,2025-04-12,22,6,22.3,0.0,6.6,111.5,33.45
2913,2025-04-12,28,3,70.4,0.0,4.4,457.6,147.84
2914,2025-04-12,14,6,74.3,0.0,4.9,371.5,111.45
2915,2025-04-12,27,5,25.3,0.0,6.0,177.1,58.19
2916,2025-04-12,3,4,47.8,0.0,6.0,277.24,90.82
2917,2025-04-12,28,4,84.9,0.0,2.8,492.42,161.31
2918,2025-04-12,22,3,71.1,0.0,7.7,462.15,149.31
2919,2025-04-12,11,2,32.9,0.0,2.8,157.92,46.06
2920,2025-04-12,29,5,63.0,0.0,7.3,441.0,144.9
2921,2025-04-12,13,4,59.7,0.0,9.7,346.26,113.43
2922,2025-04-12,15,3,28.8,0.0,6.9,187.2,60.48
2923,2025-04-13,6,3,74.7,0.0,6.5,485.55,156.87
2924,2025-04-13,19,6,36.2,0.0,6.4,181.0,54.3
2925,2025-04-13,29,3,37.7,0.0,5.2,245.05,79.17
2926,2025-04-13,10,2,31.7,0.0,8.1,152.16,44.38
2927,2025-04-13,18,5,86.0,0.0,1.6,602.0,197.8
2928,2025-04-13,12,4,63.2,0.0,5.3,366.56,120.08
2929,2025-04-13,9,1,28.4,5.6,10.9,102.6,34.08
2930,2025-04-13,3,6,43.4,0.0,5.7,217.0,65.1
2931,2025-04-13,16,4,64.3,0.0,8.9,372.94,122.17
2932,2025-04-13,11,1,37.5,0.0,8.8,168.75,45.0
2933,2025-04-13,22,5,69.4,0.0,2.8,485.8,159.62
2934,2025-04-13,17,6,53.7,0.0,8.4,268.5,80.55
2935,2025-04-13,25,4,50.3,0.0,6.2,291.74,95.57
2936,2025-04-13,16,6,36.8,0.0,2.3,184.0,55.2
2937,2025-04-13,15,6,64.8,0.0,4.7,324.0,97.2
2938,2025-04-13,28,5,83.7,0.0,4.8,585.9,192.51
2939,2025-04-13,9,1,25.6,0.0,4.3,115.2,30.72
2940,2025-04-13,1,1,71.5,0.0,5.1,321.75,85.8
2941,2025-04-13,5,4,98.5,0.0,5.8,571.3,187.15
2942,2025-04-13,12,2,99.0,0.0,7.3,475.2,138.6
2943,2025-04-13,16,3,92.9,0.0,8.4,603.85,195.09
2944,2025-04-13,14,1,33.3,0.0,3.7,149.85,39.96
2945,2025-04-13,1,5,30.0,0.0,11.0,210.0,69.0
2946,2025-04-13,10,6,68.6,0.0,3.9,343.0,102.9
2947,2025-04-13,8,1,83.5,0.0,3.6,375.75,100.2
2948,2025-04-13,3,5,65.8,0.0,2.8,460.6,151.34
2949,2025-04-13,11,3,90.4,0.0,4.8,587.6,189.84
2950,2025-04-13,27,6,29.2,0.0,5.8,146.0,43.8
2951,2025-04-13,9,2,27.6,7.3,6.0,97.44,38.64
2952,2025-04-13,13,2,61.3,0.0,8.8,294.24,85.82
2953,2025-04-13,11,2,66.9,0.0,6.0,321.12,93.66
2954,2025-04-13,6,4,39.6,0.0,4.0,229.68,75.24
2955,2025-04-13,2,2,74.2,0.0,7.4,356.16,103.88
2956,2025-04-13,10,1,59.6,0.0,3.9,268.2,71.52
2957,2025-04-13,1,3,82.8,0.0,4.7,538.2,173.88
2958,2025-04-13,13,1,77.5,0.0,3.5,348.75,93.0
2959,2025-04-13,10,1,59.8,0.0,8.9,269.1,71.76
2960,2025-04-13,28,4,57.5,0.0,10.0,333.5,109.25
2961,2025-04-13,21,4,97.4,0.0,5.5,564.92,185.06
2962,2025-04-13,27,1,89.4,0.0,2.5,402.3,107.28
2963,2025-04-14,29,5,62.8,0.0,3.8,439.6,144.44
2964,2025-04-14,20,1,23.2,0.0,6.7,104.4,27.84
2965,2025-04-14,21,2,72.0,0.0,9.3,345.6,100.8
2966,2025-04-14,20,4,74.5,0.0,3.9,432.1,141.55
2967,2025-04-14,17,4,52.1,0.0,4.3,302.18,98.99
2968,2025-04-14,28,2,34.3,0.0,5.2,164.64,48.02
2969,2025-04-14,28,1,79.2,0.0,7.8,356.4,95.04
2970,2025-04-14,8,4,96.1,0.0,2.3,557.38,182.59
2971,2025-04-14,6,3,55.6,0.0,5.4,361.4,116.76
2972,2025-04-14,19,6,50.5,0.0,10.3,252.5,75.75
2973,2025-04-14,29,3,88.2,0.0,6.8,573.3,185.22
2974,2025-04-14,21,1,63.9,0.0,1.9,287.55,76.68
2975,2025-04-14,20,4,60.1,0.0,8.6,348.58,114.19
2976,2025-04-14,27,3,44.4,0.0,8.5,288.6,93.24
2977,2025-04-14,19,6,81.5,0.0,6.0,407.5,122.25
2978,2025-04-14,29,2,40.7,0.0,5.9,195.36,56.98
2979,2025-04-14,1,2,73.5,0.0,8.4,352.8,102.9
2980,2025-04-14,10,1,50.5,0.0,5.7,227.25,60.6
2981,2025-04-14,23,5,60.9,0.0,6.9,426.3,140.07
2982,2025-04-14,24,5,34.0,0.0,6.8,238.0,78.2
2983,2025-04-14,30,3,35.5,0.0,9.3,230.75,74.55
2984,2025-04-15,13,1,45.1,0.0,2.8,202.95,54.12
2985,2025-04-15,10,6,85.9,0.0,7.4,429.5,128.85
2986,2025-04-15,21,2,42.8,0.0,11.4,205.44,59.92
2987,2025-04-15,13,5,73.0,0.0,8.4,511.0,167.9
2988,2025-04-15,3,1,67.6,0.0,11.2,304.2,81.12
2989,2025-04-15,22,4,94.5,0.0,6.3,548.1,179.55
2990,2025-04-15,9,6,84.6,0.0,12.2,423.0,126.9
2991,2025-04-15,8,5,84.2,0.0,7.7,589.4,193.66
2992,2025-04-15,4,4,70.8,0.0,3.8,410.64,134.52
2993,2025-04-15,19,2,76.6,0.0,8.1,367.68,107.24
2994,2025-04-15,12,5,31.9,0.0,4.7,223.3,73.37
2995,2025-04-15,29,6,37.2,0.0,6.4,186.0,55.8
2996,2025-04-15,20,3,99.5,0.0,8.3,646.75,208.95
2997,2025-04-15,5,4,27.0,0.0,3.4,156.6,51.3
2998,2025-04-15,2,3,91.8,0.0,7.5,596.7,192.78
2999,2025-04-15,12,4,23.5,0.0,7.0,136.3,44.65
3000,2025-04-15,3,3,62.7,0.0,8.5,407.55,131.67
3001,2025-04-15,10,3,23.3,0.0,4.4,151.45,48.93
3002,2025-04-15,30,1,84.8,0.0,3.0,381.6,101.76
3003,2025-04-15,23,4,55.3,0.0,4.8,320.74,105.07
3004,2025-04-15,1,5,60.3,21.3,5.9,273.0,138.69
3005,2025-04-15,8,3,93.9,0.0,7.8,610.35,197.19
3006,2025-04-15,16,6,78.2,0.0,4.6,391.0,117.3
3007,2025-04-16,13,5,80.5,0.0,7.5,563.5,185.15
3008,2025-04-16,12,6,30.9,0.0,3.0,154.5,46.35
3009,2025-04-16,16,1,94.5,0.0,8.4,425.25,113.4
3010,2025-04-16,2,2,89.8,0.0,5.9,431.04,125.72
3011,2025-04-16,3,4,45.2,0.0,5.5,262.16,85.88
3012,2025-04-16,6,3,58.8,0.0,4.9,382.2,123.48
3013,2025-04-16,19,6,76.6,0.0,7.0,383.0,114.9
3014,2025-04-16,19,5,76.3,0.0,0.7,534.1,175.49
3015,2025-04-16,14,6,40.7,0.0,3.3,203.5,61.05
3016,2025-04-16,25,4,45.5,0.0,5.6,263.9,86.45
3017,2025-04-16,17,3,92.6,0.0,7.5,601.9,194.46
3018,2025-04-16,11,1,50.7,0.0,3.5,228.15,60.84
3019,2025-04-16,16,2,32.6,0.0,6.0,156.48,45.64
3020,2025-04-16,26,2,87.9,0.0,1.8,421.92,123.06
3021,2025-04-16,7,6,72.0,23.7,6.2,241.5,108.0
3022,2025-04-16,28,6,47.5,0.0,4.0,237.5,71.25
3023,2025-04-16,22,2,82.5,0.0,3.3,396.0,115.5
3024,2025-04-16,2,3,42.2,0.0,0.7,274.3,88.62
3025,2025-04-16,8,3,68.9,0.0,5.5,447.85,144.69
3026,2025-04-16,26,2,32.4,0.0,6.6,155.52,45.36
3027,2025-04-17,27,6,75.2,0.0,4.4,376.0,112.8
3028,2025-04-17,19,3,97.5,0.0,5.9,633.75,204.75
3029,2025-04-17,5,3,61.9,0.0,9.5,402.35,129.99
3030,2025-04-17,10,3,90.2,0.0,8.9,586.3,189.42
3031,2025-04-17,30,6,75.9,0.0,9.0,379.5,113.85
3032,2025-04-17,10,6,72.8,0.0,6.5,364.0,109.2
3033,2025-04-17,22,6,78.5,0.0,5.7,392.5,117.75
3034,2025-04-17,22,2,43.6,0.0,3.9,209.28,61.04
3035,2025-04-17,22,5,71.2,0.0,5.9,498.4,163.76
3036,2025-04-17,18,4,63.1,0.0,6.4,365.98,119.89
3037,2025-04-17,17,3,99.2,0.0,10.0,644.8,208.32
3038,2025-04-17,1,2,58.0,0.0,6.6,278.4,81.2
3039,2025-04-17,20,6,25.2,0.0,4.7,126.0,37.8
3040,2025-04-17,9,5,32.9,0.0,10.8,230.3,75.67
3041,2025-04-17,21,6,33.4,0.0,5.2,167.0,50.1
3042,2025-04-17,8,2,31.1,0.0,8.1,149.28,43.54
3043,2025-04-17,20,3,36.4,0.0,4.3,236.6,76.44
3044,2025-04-17,7,2,51.2,0.0,3.5,245.76,71.68
3045,2025-04-17,1,3,36.9,0.0,3.4,239.85,77.49
3046,2025-04-17,24,5,93.4,0.0,2.0,653.8,214.82
3047,2025-04-17,20,1,38.7,0.0,6.5,174.15,46.44
3048,2025-04-17,4,3,71.2,0.0,6.7,462.8,149.52
3049,2025-04-18,19,1,88.7,0.0,3.7,399.15,106.44
3050,2025-04-18,21,1,89.4,0.0,3.9,402.3,107.28
3051,2025-04-18,19,4,58.1,0.0,7.7,336.98,110.39
3052,2025-04-18,7,3,25.4,0.0,7.0,165.1,53.34
3053,2025-04-18,6,4,54.4,0.0,8.4,315.52,103.36
3054,2025-04-18,7,1,90.6,0.0,7.5,407.7,108.72
3055,2025-04-18,2,5,79.7,0.0,12.0,557.9,183.31
3056,2025-04-18,15,4,46.5,0.0,5.0,269.7,88.35
3057,2025-04-18,4,6,96.1,0.0,10.2,480.5,144.15
3058,2025-04-18,25,6,60.3,0.0,7.3,301.5,90.45
3059,2025-04-18,21,5,85.0,0.0,4.7,595.0,195.5
3060,2025-04-18,23,2,66.1,0.0,6.1,317.28,92.54
3061,2025-04-18,11,1,40.8,0.0,10.7,183.6,48.96
3062,2025-04-18,16,1,39.1,0.0,11.0,175.95,46.92
3063,2025-04-18,17,3,43.4,0.0,5.8,282.1,91.14
3064,2025-04-18,6,3,44.3,0.0,1.8,287.95,93.03
3065,2025-04-18,20,6,79.4,0.0,5.0,397.0,119.1
3066,2025-04-18,9,1,46.1,0.0,4.9,207.45,55.32
3067,2025-04-18,4,3,25.0,0.0,9.7,162.5,52.5
3068,2025-04-18,4,4,71.9,0.0,5.7,417.02,136.61
3069,2025-04-18,16,1,51.2,5.3,6.7,206.55,61.44
3070,2025-04-18,23,5,41.4,0.0,2.0,289.8,95.22
3071,2025-04-18,4,2,81.0,0.0,5.7,388.8,113.4
3072,2025-04-18,16,4,69.6,0.0,0.6,403.68,132.24
3073,2025-04-18,6,3,77.4,0.0,0.7,503.1,162.54
3074,2025-04-18,10,4,62.9,0.0,3.4,364.82,119.51
3075,2025-04-18,28,1,34.7,0.0,1.7,156.15,41.64
3076,2025-04-18,25,3,44.0,0.0,9.2,286.0,92.4
3077,2025-04-18,22,4,91.3,0.0,8.8,529.54,173.47
3078,2025-04-18,3,4,88.8,0.0,4.2,515.04,168.72
3079,2025-04-18,6,6,91.9,0.0,7.6,459.5,137.85
3080,2025-04-18,5,3,92.7,0.0,10.4,602.55,194.67
3081,2025-04-18,14,3,31.4,0.0,7.3,204.1,65.94
3082,2025-04-18,29,6,57.8,0.0,6.9,289.0,86.7
3083,2025-04-18,28,5,82.6,0.0,5.7,578.2,189.98
3084,2025-04-18,24,2,47.7,0.0,3.6,228.96,66.78
3085,2025-04-18,9,5,97.3,0.0,2.8,681.1,223.79
3086,2025-04-18,7,2,24.9,0.0,7.7,119.52,34.86
3087,2025-04-18,27,2,20.9,6.3,8.4,70.08,29.26
3088,2025-04-18,11,4,62.0,0.0,5.6,359.6,117.8
3089,2025-04-18,10,4,80.2,0.0,4.0,465.16,152.38
3090,2025-04-18,27,4,51.2,0.0,5.9,296.96,97.28
3091,2025-04-18,25,2,62.1,12.3,9.6,239.04,86.94
3092,2025-04-18,8,2,28.1,0.0,7.1,134.88,39.34
3093,2025-04-18,24,2,47.3,0.0,5.4,227.04,66.22
3094,2025-04-18,23,3,54.7,0.0,1.5,355.55,114.87
3095,2025-04-18,12,6,86.4,0.0,5.3,432.0,129.6
3096,2025-04-18,13,1,23.9,0.0,7.5,107.55,28.68
3097,2025-04-18,24,6,32.8,0.0,6.2,164.0,49.2
3098,2025-04-19,24,1,54.3,0.0,12.3,244.35,65.16
3099,2025-04-19,27,3,21.0,0.0,5.9,136.5,44.1
3100,2025-04-19,28,5,42.8,0.0,5.2,299.6,98.44
3101,2025-04-19,25,5,76.2,0.0,5.4,533.4,175.26
3102,2025-04-19,16,1,79.7,0.0,7.1,358.65,95.64
3103,2025-04-19,14,5,84.9,0.0,6.7,594.3,195.27
3104,2025-04-19,21,2,25.1,0.0,6.0,120.48,35.14
3105,2025-04-19,14,1,55.8,0.0,6.0,251.1,66.96
3106,2025-04-19,4,5,74.1,0.0,0.7,518.7,170.43
3107,2025-04-19,11,4,70.2,0.0,7.7,407.16,133.38
3108,2025-04-19,12,5,80.0,0.0,9.8,560.0,184.0
3109,2025-04-19,12,5,91.7,0.0,5.8,641.9,210.91
3110,2025-04-19,17,4,47.3,0.0,6.5,274.34,89.87
3111,2025-04-19,14,6,83.5,0.0,6.2,417.5,125.25
3112,2025-04-19,21,4,92.7,0.0,3.3,537.66,176.13
3113,2025-04-19,28,6,93.1,0.0,8.2,465.5,139.65
3114,2025-04-19,17,5,91.2,0.0,3.8,638.4,209.76
3115,2025-04-19,13,3,91.2,0.0,8.8,592.8,191.52
3116,2025-04-19,5,5,85.1,0.0,5.6,595.7,195.73
3117,2025-04-19,28,6,29.8,0.0,3.0,149.0,44.7
3118,2025-04-19,20,4,50.4,0.0,2.8,292.32,95.76
3119,2025-04-19,29,6,77.6,0.0,6.5,388.0,116.4
3120,2025-04-19,7,4,83.5,0.0,5.1,484.3,158.65
3121,2025-04-19,30,1,79.6,0.0,12.9,358.2,95.52
3122,2025-04-20,23,6,34.1,10.3,3.3,119.0,51.15
3123,2025-04-20,28,1,59.9,0.0,5.7,269.55,71.88
3124,2025-04-20,27,4,73.6,0.0,5.8,426.88,139.84
3125,2025-04-20,22,6,80.0,0.0,7.5,400.0,120.0
3126,2025-04-20,12,3,81.6,0.0,8.6,530.4,171.36
3127,2025-04-20,23,5,22.0,0.0,5.1,154.0,50.6
3128,2025-04-20,8,2,48.3,0.0,2.7,231.84,67.62
3129,2025-04-20,29,1,62.1,0.0,2.2,279.45,74.52
3130,2025-04-20,8,1,49.6,0.0,8.7,223.2,59.52
3131,2025-04-20,14,4,59.5,0.0,7.0,345.1,113.05
3132,2025-04-20,8,4,37.1,0.0,7.1,215.18,70.49
3133,2025-04-20,9,5,99.2,0.0,7.3,694.4,228.16
3134,2025-04-20,19,5,24.7,0.0,4.1,172.9,56.81
3135,2025-04-20,19,5,97.4,0.0,3.9,681.8,224.02
3136,2025-04-20,28,3,97.0,0.0,7.7,630.5,203.7
3137,2025-04-20,29,6,90.3,0.0,2.7,451.5,135.45
3138,2025-04-20,12,4,67.6,0.0,4.8,392.08,128.44
3139,2025-04-20,8,3,69.9,0.0,6.7,454.35,146.79
3140,2025-04-20,23,6,34.4,0.0,8.2,172.0,51.6
3141,2025-04-20,18,6,61.9,0.0,2.1,309.5,92.85
3142,2025-04-20,7,4,88.0,0.0,7.9,510.4,167.2
3143,2025-04-20,14,2,30.3,0.0,2.4,145.44,42.42
3144,2025-04-20,30,4,25.8,0.0,8.2,149.64,49.02
3145,2025-04-20,13,3,45.0,0.0,4.1,292.5,94.5
3146,2025-04-20,28,3,64.1,0.0,2.8,416.65,134.61
3147,2025-04-20,11,6,25.3,0.0,5.3,126.5,37.95
3148,2025-04-20,14,6,65.8,0.0,10.4,329.0,98.7
3149,2025-04-20,10,4,93.7,0.0,4.2,543.46,178.03
3150,2025-04-20,8,6,24.7,0.0,9.4,123.5,37.05
3151,2025-04-20,16,5,58.3,0.0,3.6,408.1,134.09
3152,2025-04-20,14,6,97.2,0.0,7.6,486.0,145.8
3153,2025-04-20,1,1,89.1,0.0,1.1,400.95,106.92
3154,2025-04-20,18,1,98.2,0.0,6.4,441.9,117.84
3155,2025-04-21,23,4,90.6,0.0,5.4,525.48,172.14
3156,2025-04-21,11,1,99.2,0.0,0.4,446.4,119.04
3157,2025-04-21,4,1,65.2,0.0,5.4,293.4,78.24
3158,2025-04-21,24,1,53.4,0.0,6.8,240.3,64.08
3159,2025-04-21,29,6,86.1,26.0,10.9,300.5,129.15
3160,2025-04-21,7,2,62.9,0.0,6.3,301.92,88.06
3161,2025-04-21,7,4,62.6,0.0,8.8,363.08,118.94
3162,2025-04-21,3,2,75.5,0.0,6.2,362.4,105.7
3163,2025-04-21,22,5,32.2,0.0,9.5,225.4,74.06
3164,2025-04-21,27,6,97.9,0.0,-0.6,489.5,146.85
3165,2025-04-21,24,3,65.3,0.0,6.9,424.45,137.13
3166,2025-04-21,20,3,43.8,0.0,5.9,284.7,91.98
3167,2025-04-21,28,2,83.6,0.0,4.3,401.28,117.04
3168,2025-04-21,7,5,53.4,0.0,2.1,373.8,122.82
3169,2025-04-21,24,2,29.6,0.0,4.9,142.08,41.44
3170,2025-04-22,25,2,94.5,0.0,5.0,453.6,132.3
3171,2025-04-22,9,3,50.3,0.0,13.2,326.95,105.63
3172,2025-04-22,13,3,72.4,0.0,8.5,470.6,152.04
3173,2025-04-22,3,5,89.5,0.0,8.4,626.5,205.85
3174,2025-04-22,19,2,70.1,0.0,5.4,336.48,98.14
3175,2025-04-22,16,1,23.2,0.0,5.7,104.4,27.84
3176,2025-04-22,29,1,79.8,0.0,2.4,359.1,95.76
3177,2025-04-22,16,1,32.4,0.0,1.8,145.8,38.88
3178,2025-04-22,10,4,93.8,0.0,7.4,544.04,178.22
3179,2025-04-22,24,1,59.4,0.0,-2.1,267.3,71.28
3180,2025-04-22,14,3,21.9,0.0,5.8,142.35,45.99
3181,2025-04-22,12,3,83.0,0.0,6.4,539.5,174.3
3182,2025-04-22,15,5,81.6,0.0,8.9,571.2,187.68
3183,2025-04-22,17,5,40.7,0.0,5.0,284.9,93.61
3184,2025-04-22,2,3,80.5,0.0,7.0,523.25,169.05
3185,2025-04-22,28,3,84.5,0.0,2.5,549.25,177.45
3186,2025-04-22,29,2,89.9,0.0,6.8,431.52,125.86
3187,2025-04-22,5,4,24.0,0.0,6.4,139.2,45.6
3188,2025-04-23,8,5,39.1,0.0,3.0,273.7,89.93
3189,2025-04-23,5,5,65.0,0.0,9.8,455.0,149.5
3190,2025-04-23,25,4,47.3,0.0,5.9,274.34,89.87
3191,2025-04-23,17,1,27.5,0.0,6.9,123.75,33.0
3192,2025-04-23,12,4,52.4,0.0,6.2,303.92,99.56
3193,2025-04-23,29,5,88.4,0.0,4.5,618.8,203.32
3194,2025-04-23,26,1,28.2,0.0,3.8,126.9,33.84
3195,2025-04-23,30,5,21.4,0.0,3.5,149.8,49.22
3196,2025-04-23,9,6,91.1,0.0,9.7,455.5,136.65
3197,2025-04-23,25,6,65.2,0.0,9.7,326.0,97.8
3198,2025-04-23,30,3,88.9,0.0,4.8,577.85,186.69
3199,2025-04-23,8,2,86.1,0.0,4.6,413.28,120.54
3200,2025-04-23,26,4,76.7,0.0,4.8,444.86,145.73
3201,2025-04-23,20,6,31.8,0.0,1.9,159.0,47.7
3202,2025-04-23,25,3,31.2,0.0,4.2,202.8,65.52
3203,2025-04-23,15,3,70.7,0.0,3.0,459.55,148.47
3204,2025-04-23,22,4,26.5,0.0,5.6,153.7,50.35
3205,2025-04-23,15,5,34.7,0.0,6.7,242.9,79.81
3206,2025-04-23,22,6,46.3,0.0,3.0,231.5,69.45
3207,2025-04-23,30,2,78.1,0.0,3.2,374.88,109.34
3208,2025-04-23,13,3,58.2,0.0,6.1,378.3,122.22
3209,2025-04-23,11,1,27.2,0.0,4.6,122.4,32.64
3210,2025-04-23,29,3,30.1,0.0,3.7,195.65,63.21
3211,2025-04-23,15,2,35.6,0.0,1.6,170.88,49.84
3212,2025-04-23,23,4,20.6,0.0,6.7,119.48,39.14
3213,2025-04-24,1,3,63.6,0.0,11.7,413.4,133.56
3214,2025-04-24,19,1,60.6,0.0,8.0,272.7,72.72
3215,2025-04-24,26,3,41.7,0.0,4.0,271.05,87.57
3216,2025-04-24,8,1,78.5,0.0,11.1,353.25,94.2
3217,2025-04-24,5,5,35.3,0.0,4.2,247.1,81.19
3218,2025-04-24,14,3,96.4,0.0,4.5,626.6,202.44
3219,2025-04-24,7,5,61.4,0.0,4.2,429.8,141.22
3220,2025-04-24,22,3,26.1,0.0,4.8,169.65,54.81
3221,2025-04-24,9,5,56.7,0.0,6.8,396.9,130.41
3222,2025-04-24,2,3,25.4,0.0,7.7,165.1,53.34
3223,2025-04-24,1,1,88.8,0.0,5.0,399.6,106.56
3224,2025-04-24,28,2,79.2,0.0,4.2,380.16,110.88
3225,2025-04-24,6,5,64.1,0.0,2.7,448.7,147.43
3226,2025-04-24,12,6,35.4,0.0,9.6,177.0,53.1
3227,2025-04-24,20,6,23.9,0.0,6.0,119.5,35.85
3228,2025-04-24,4,5,51.0,0.0,5.1,357.0,117.3
3229,2025-04-24,8,5,82.4,0.0,6.4,576.8,189.52
3230,2025-04-24,11,5,44.7,0.0,4.3,312.9,102.81
3231,2025-04-24,2,2,26.8,0.0,7.6,128.64,37.52
3232,2025-04-24,28,5,48.7,0.0,4.7,340.9,112.01
3233,2025-04-24,20,3,90.0,33.3,12.2,368.55,189.0
3234,2025-04-24,3,6,30.9,0.0,6.4,154.5,46.35
3235,2025-04-24,1,4,30.7,0.0,1.4,178.06,58.33
3236,2025-04-24,8,2,74.4,0.0,5.8,357.12,104.16
3237,2025-04-24,6,6,99.2,0.0,8.9,496.0,148.8
3238,2025-04-24,4,1,46.6,0.0,1.9,209.7,55.92
3239,2025-04-24,9,6,49.2,0.0,3.9,246.0,73.8
3240,2025-04-24,25,3,38.3,0.0,6.1,248.95,80.43
3241,2025-04-25,11,5,33.5,0.0,7.2,234.5,77.05
3242,2025-04-25,26,6,54.7,0.0,4.4,273.5,82.05
3243,2025-04-25,30,3,72.7,0.0,10.3,472.55,152.67
3244,2025-04-25,24,3,46.8,0.0,5.0,304.2,98.28
3245,2025-04-25,2,1,42.0,0.0,8.6,189.0,50.4
3246,2025-04-25,19,5,32.5,0.0,5.0,227.5,74.75
3247,2025-04-25,18,5,96.0,0.0,6.5,672.0,220.8
3248,2025-04-25,27,4,99.2,0.0,5.7,575.36,188.48
3249,2025-04-25,6,1,50.5,0.0,11.0,227.25,60.6
3250,2025-04-25,30,3,59.3,0.0,3.9,385.45,124.53
3251,2025-04-25,13,6,43.5,0.0,5.4,217.5,65.25
3252,2025-04-25,26,2,90.0,0.0,3.5,432.0,126.0
3253,2025-04-25,14,1,84.6,0.0,6.1,380.7,101.52
3254,2025-04-25,3,4,48.1,0.0,8.7,278.98,91.39
3255,2025-04-25,27,6,46.4,0.0,3.8,232.0,69.6
3256,2025-04-25,23,6,29.9,0.0,5.8,149.5,44.85
3257,2025-04-25,22,6,41.1,0.0,8.2,205.5,61.65
3258,2025-04-25,15,5,31.2,0.0,4.7,218.4,71.76
3259,2025-04-25,25,2,89.9,0.0,7.9,431.52,125.86
3260,2025-04-25,27,5,35.5,0.0,7.4,248.5,81.65
3261,2025-04-25,11,2,35.7,0.0,2.9,171.36,49.98
3262,2025-04-25,30,4,58.0,0.0,10.7,336.4,110.2
3263,2025-04-25,28,5,62.8,0.0,0.3,439.6,144.44
3264,2025-04-25,14,2,22.3,0.0,2.9,107.04,31.22
3265,2025-04-25,24,6,23.7,0.0,3.6,118.5,35.55
3266,2025-04-25,11,1,90.4,0.0,5.2,406.8,108.48
3267,2025-04-25,17,4,64.4,0.0,3.5,373.52,122.36
3268,2025-04-25,25,4,50.8,0.0,6.3,294.64,96.52
3269,2025-04-25,18,4,60.5,0.0,5.4,350.9,114.95
3270,2025-04-25,27,3,67.7,0.0,9.5,440.05,142.17
3271,2025-04-25,2,5,59.0,0.0,8.6,413.0,135.7
3272,2025-04-25,1,4,25.0,0.0,5.7,145.0,47.5
3273,2025-04-25,23,5,38.3,0.0,7.6,268.1,88.09
3274,2025-04-25,5,6,21.4,0.0,5.2,107.0,32.1
3275,2025-04-25,20,4,69.4,0.0,5.9,402.52,131.86
3276,2025-04-25,17,6,36.6,0.0,7.3,183.0,54.9
3277,2025-04-25,27,5,36.6,0.0,5.2,256.2,84.18
3278,2025-04-25,24,1,70.1,14.5,11.1,250.2,84.12
3279,2025-04-25,13,6,38.3,0.0,1.0,191.5,57.45
3280,2025-04-25,27,3,24.4,0.0,7.1,158.6,51.24
3281,2025-04-25,18,1,66.8,0.0,5.8,300.6,80.16
3282,2025-04-25,10,4,86.4,0.0,6.5,501.12,164.16
3283,2025-04-25,1,5,75.3,0.0,4.4,527.1,173.19
3284,2025-04-25,29,5,71.9,0.0,5.8,503.3,165.37
3285,2025-04-25,23,2,92.6,0.0,2.7,444.48,129.64
3286,2025-04-25,18,4,90.7,0.0,4.5,526.06,172.33
3287,2025-04-25,11,2,49.9,0.0,5.1,239.52,69.86
3288,2025-04-25,4,1,65.1,0.0,4.6,292.95,78.12
3289,2025-04-26,28,1,33.2,0.0,5.4,149.4,39.84
3290,2025-04-26,16,2,59.7,0.0,0.9,286.56,83.58
3291,2025-04-26,1,1,88.2,0.0,5.2,396.9,105.84
3292,2025-04-26,17,4,32.3,0.0,0.4,187.34,61.37
3293,2025-04-26,11,3,86.8,29.4,9.6,373.1,182.28
3294,2025-04-26,1,4,79.3,0.0,8.5,459.94,150.67
3295,2025-04-26,25,3,34.1,0.0,8.0,221.65,71.61
3296,2025-04-26,3,6,73.8,0.0,4.7,369.0,110.7
3297,2025-04-26,29,4,89.0,0.0,6.8,516.2,169.1
3298,2025-04-26,16,1,78.8,0.0,5.3,354.6,94.56
3299,2025-04-26,9,3,57.9,0.0,8.9,376.35,121.59
3300,2025-04-26,24,6,23.3,0.0,6.5,116.5,34.95
3301,2025-04-26,28,5,32.3,0.0,4.1,226.1,74.29
3302,2025-04-26,5,4,52.8,0.0,7.0,306.24,100.32
3303,2025-04-26,11,3,24.3,0.0,11.1,157.95,51.03
3304,2025-04-26,14,6,46.5,0.0,3.8,232.5,69.75
3305,2025-04-26,16,2,43.7,0.0,8.4,209.76,61.18
3306,2025-04-26,5,1,85.6,0.0,7.2,385.2,102.72
3307,2025-04-26,4,4,37.1,0.0,10.8,215.18,70.49
3308,2025-04-26,19,1,29.5,0.0,6.1,132.75,35.4
3309,2025-04-26,6,5,53.2,0.0,8.0,372.4,122.36
3310,2025-04-26,4,3,96.5,0.0,8.3,627.25,202.65
3311,2025-04-26,25,5,26.1,0.0,7.5,182.7,60.03
3312,2025-04-26,22,3,88.8,0.0,3.6,577.2,186.48
3313,2025-04-26,15,4,68.4,0.0,5.3,396.72,129.96
3314,2025-04-26,25,6,72.4,0.0,10.3,362.0,108.6
3315,2025-04-26,25,5,90.3,0.0,8.3,632.1,207.69
3316,2025-04-26,24,3,81.6,0.0,6.9,530.4,171.36
3317,2025-04-26,13,5,89.4,0.0,7.1,625.8,205.62
3318,2025-04-26,17,6,52.2,0.0,8.8,261.0,78.3
3319,2025-04-26,22,2,69.0,0.0,7.6,331.2,96.6
3320,2025-04-26,6,2,78.9,0.0,5.9,378.72,110.46
3321,2025-04-26,9,6,30.6,0.0,6.7,153.0,45.9
3322,2025-04-26,13,6,40.0,0.0,7.2,200.0,60.0
3323,2025-04-26,25,2,40.8,0.0,7.3,195.84,57.12
3324,2025-04-26,6,3,89.8,0.0,-1.0,583.7,188.58
3325,2025-04-26,14,3,87.3,0.0,6.9,567.45,183.33
3326,2025-04-26,23,5,34.5,0.0,0.6,241.5,79.35
3327,2025-04-26,26,6,77.5,0.0,6.2,387.5,116.25
3328,2025-04-26,19,5,82.2,0.0,6.6,575.4,189.06
3329,2025-04-26,2,1,48.1,0.0,4.9,216.45,57.72
3330,2025-04-26,23,2,37.9,0.0,2.6,181.92,53.06
3331,2025-04-27,23,2,28.3,0.0,4.8,135.84,39.62
3332,2025-04-27,9,1,45.8,0.0,10.2,206.1,54.96
3333,2025-04-27,23,3,34.5,0.0,8.1,224.25,72.45
3334,2025-04-27,14,4,91.5,0.0,4.8,530.7,173.85
3335,2025-04-27,28,3,36.2,0.0,8.1,235.3,76.02
3336,2025-04-27,30,3,21.6,0.0,9.3,140.4,45.36
3337,2025-04-27,20,3,97.9,0.0,1.7,636.35,205.59
3338,2025-04-27,1,6,99.1,0.0,9.4,495.5,148.65
3339,2025-04-27,9,1,73.1,0.0,3.2,328.95,87.72
3340,2025-04-27,13,1,83.0,0.0,7.4,373.5,99.6
3341,2025-04-27,4,2,29.6,0.0,4.2,142.08,41.44
3342,2025-04-27,8,1,46.5,0.0,2.7,209.25,55.8
3343,2025-04-27,16,6,69.2,0.0,7.2,346.0,103.8
3344,2025-04-27,3,3,64.9,18.6,9.5,300.95,136.29
3345,2025-04-27,10,5,88.3,0.0,5.0,618.1,203.09
3346,2025-04-27,10,6,54.1,0.0,7.3,270.5,81.15
3347,2025-04-27,27,3,32.0,0.0,3.3,208.0,67.2
3348,2025-04-27,21,4,20.5,5.6,9.7,86.42,38.95
3349,2025-04-27,5,5,50.7,0.0,7.5,354.9,116.61
3350,2025-04-27,5,1,54.0,0.0,9.4,243.0,64.8
3351,2025-04-27,24,6,82.7,0.0,5.8,413.5,124.05
3352,2025-04-27,10,5,38.5,0.0,10.0,269.5,88.55
3353,2025-04-27,14,5,57.0,0.0,6.8,399.0,131.1
3354,2025-04-27,10,5,79.8,0.0,5.0,558.6,183.54
3355,2025-04-27,19,3,30.8,0.0,7.2,200.2,64.68
3356,2025-04-27,25,2,40.1,0.0,5.4,192.48,56.14
3357,2025-04-27,2,2,38.6,0.0,6.1,185.28,54.04
3358,2025-04-27,14,3,85.7,0.0,8.8,557.05,179.97
3359,2025-04-27,2,4,74.2,0.0,5.1,430.36,140.98
3360,2025-04-27,2,3,21.0,0.0,3.0,136.5,44.1
3361,2025-04-27,29,5,26.5,0.0,8.6,185.5,60.95
3362,2025-04-27,5,4,62.5,0.0,8.9,362.5,118.75
3363,2025-04-27,19,5,84.1,0.0,7.9,588.7,193.43
3364,2025-04-27,17,5,68.1,0.0,7.6,476.7,156.63
3365,2025-04-27,28,2,63.9,0.0,3.4,306.72,89.46
3366,2025-04-27,28,5,61.8,0.0,9.6,432.6,142.14
3367,2025-04-27,30,6,46.5,0.0,10.1,232.5,69.75
3368,2025-04-27,28,5,84.8,0.0,7.5,593.6,195.04
3369,2025-04-27,27,2,26.4,0.0,4.1,126.72,36.96
3370,2025-04-28,15,5,31.6,0.0,6.8,221.2,72.68
3371,2025-04-28,15,3,62.7,0.0,4.1,407.55,131.67
3372,2025-04-28,7,6,40.2,0.0,5.1,201.0,60.3
3373,2025-04-28,25,3,62.8,0.0,7.2,408.2,131.88
3374,2025-04-28,10,6,21.0,0.0,7.8,105.0,31.5
3375,2025-04-28,13,2,30.4,0.0,2.0,145.92,42.56
3376,2025-04-28,26,2,24.2,0.0,8.2,116.16,33.88
3377,2025-04-28,4,5,80.9,0.0,7.6,566.3,186.07
3378,2025-04-28,26,3,69.5,0.0,5.0,451.75,145.95
3379,2025-04-28,9,2,51.4,0.0,4.2,246.72,71.96
3380,2025-04-28,14,6,24.0,0.0,7.7,120.0,36.0
3381,2025-04-28,10,6,78.2,24.7,12.2,267.5,117.3
3382,2025-04-28,12,5,83.0,0.0,9.0,581.0,190.9
3383,2025-04-28,1,6,36.1,0.0,2.9,180.5,54.15
3384,2025-04-28,22,5,87.1,0.0,7.6,609.7,200.33
3385,2025-04-28,15,5,79.5,0.0,5.6,556.5,182.85
3386,2025-04-28,23,5,47.0,0.0,5.5,329.0,108.1
3387,2025-04-28,9,6,20.3,0.0,4.3,101.5,30.45
3388,2025-04-28,16,1,65.7,0.0,4.6,295.65,78.84
3389,2025-04-28,9,5,20.8,2.4,10.4,128.8,47.84
3390,2025-04-28,11,1,37.5,0.0,7.8,168.75,45.0
3391,2025-04-28,19,1,65.1,0.0,3.0,292.95,78.12
3392,2025-04-28,26,6,78.1,0.0,7.0,390.5,117.15
3393,2025-04-28,9,6,96.7,0.0,5.4,483.5,145.05
3394,2025-04-28,20,5,29.4,9.2,9.7,141.4,67.62
3395,2025-04-28,20,3,78.9,0.0,7.1,512.85,165.69
3396,2025-04-29,15,1,27.9,0.0,2.7,125.55,33.48
3397,2025-04-29,5,5,38.7,0.0,9.6,270.9,89.01
3398,2025-04-29,3,4,70.5,0.0,2.8,408.9,133.95
3399,2025-04-29,12,2,92.7,0.0,8.4,444.96,129.78
3400,2025-04-29,14,6,31.3,0.0,6.0,156.5,46.95
3401,2025-04-29,10,1,77.7,0.0,3.2,349.65,93.24
3402,2025-04-29,10,2,66.9,24.9,10.0,201.6,93.66
3403,2025-04-29,13,1,54.4,0.0,3.6,244.8,65.28
3404,2025-04-29,7,6,43.1,0.0,4.1,215.5,64.65
3405,2025-04-29,5,2,68.9,0.0,3.6,330.72,96.46
3406,2025-04-29,8,6,47.5,0.0,2.2,237.5,71.25
3407,2025-04-29,27,1,54.6,0.0,4.1,245.7,65.52
3408,2025-04-29,5,6,26.4,0.0,6.4,132.0,39.6
3409,2025-04-29,19,6,66.1,0.0,4.5,330.5,99.15
3410,2025-04-29,18,6,73.1,0.0,5.3,365.5,109.65
3411,2025-04-29,26,5,78.9,0.0,7.2,552.3,181.47
3412,2025-04-29,10,6,99.9,0.0,6.7,499.5,149.85
3413,2025-04-29,3,5,74.1,18.6,10.7,388.5,170.43
3414,2025-04-29,10,2,76.7,0.0,6.3,368.16,107.38
3415,2025-04-29,13,6,64.7,0.0,3.0,323.5,97.05
3416,2025-04-29,17,1,79.2,0.0,7.3,356.4,95.04
3417,2025-04-29,29,4,96.4,0.0,5.8,559.12,183.16
3418,2025-04-29,16,5,95.0,34.8,10.1,421.4,218.5
3419,2025-04-29,17,5,85.5,0.0,6.0,598.5,196.65
3420,2025-04-29,13,3,45.7,0.0,3.2,297.05,95.97
3421,2025-04-29,27,4,46.4,0.0,6.3,269.12,88.16
3422,2025-04-29,18,2,77.2,0.0,6.6,370.56,108.08
3423,2025-04-29,15,2,43.1,6.3,6.0,176.64,60.34
3424,2025-04-30,9,3,77.0,0.0,9.5,500.5,161.7
3425,2025-04-30,20,1,28.9,11.2,11.7,79.65,34.68
3426,2025-04-30,22,3,50.7,0.0,9.4,329.55,106.47
3427,2025-04-30,21,5,30.1,9.9,9.5,141.4,69.23
3428,2025-04-30,4,4,62.0,0.0,8.5,359.6,117.8
3429,2025-04-30,11,6,97.5,0.0,5.2,487.5,146.25
3430,2025-04-30,14,3,52.3,0.0,2.8,339.95,109.83
3431,2025-04-30,8,2,98.4,0.0,6.4,472.32,137.76
3432,2025-04-30,20,6,30.6,0.0,7.8,153.0,45.9
3433,2025-04-30,29,6,45.1,0.0,3.8,225.5,67.65
3434,2025-04-30,7,2,38.2,0.0,6.3,183.36,53.48
3435,2025-04-30,11,5,95.8,0.0,8.7,670.6,220.34
3436,2025-04-30,16,6,41.7,0.0,7.9,208.5,62.55
3437,2025-04-30,9,5,44.5,0.0,6.9,311.5,102.35
3438,2025-04-30,29,3,82.7,0.0,4.2,537.55,173.67
3439,2025-04-30,20,6,73.0,0.0,4.0,365.0,109.5
3440,2025-05-01,3,4,22.8,0.0,8.4,132.24,43.32
3441,2025-05-01,27,6,37.4,0.0,6.6,187.0,56.1
3442,2025-05-01,10,5,91.6,0.0,5.8,641.2,210.68
3443,2025-05-01,28,4,86.2,0.0,3.5,499.96,163.78
3444,2025-05-01,1,4,95.3,0.0,5.4,552.74,181.07
3445,2025-05-01,10,6,71.8,0.0,5.0,359.0,107.7
3446,2025-05-01,24,5,33.9,0.0,9.1,237.3,77.97
3447,2025-05-01,29,1,63.1,0.0,6.0,283.95,75.72
3448,2025-05-01,30,4,56.8,0.0,1.2,329.44,107.92
3449,2025-05-01,6,2,89.6,0.0,7.5,430.08,125.44
3450,2025-05-01,4,1,59.1,0.0,1.4,265.95,70.92
3451,2025-05-01,25,6,44.6,0.0,5.3,223.0,66.9
3452,2025-05-01,25,1,21.7,0.0,2.7,97.65,26.04
3453,2025-05-01,27,1,22.7,0.0,14.4,102.15,27.24
3454,2025-05-01,22,2,34.2,0.0,6.4,164.16,47.88
3455,2025-05-01,29,3,92.7,0.0,4.9,602.55,194.67
3456,2025-05-01,20,3,32.6,0.0,12.2,211.9,68.46
3457,2025-05-01,22,2,86.5,0.0,6.7,415.2,121.1
3458,2025-05-01,17,2,58.1,0.0,8.4,278.88,81.34
3459,2025-05-01,21,2,35.1,0.0,3.2,168.48,49.14
3460,2025-05-01,25,6,26.9,0.0,6.0,134.5,40.35
3461,2025-05-01,25,6,27.1,0.0,4.5,135.5,40.65
3462,2025-05-02,22,6,44.9,0.0,9.8,224.5,67.35
3463,2025-05-02,30,6,81.9,0.0,3.3,409.5,122.85
3464,2025-05-02,2,3,97.5,0.0,4.2,633.75,204.75
3465,2025-05-02,23,5,44.7,0.0,8.0,312.9,102.81
3466,2025-05-02,7,4,62.3,0.0,3.3,361.34,118.37
3467,2025-05-02,14,3,70.2,0.0,5.7,456.3,147.42
3468,2025-05-02,24,3,43.3,0.0,10.2,281.45,90.93
3469,2025-05-02,1,2,91.8,0.0,3.8,440.64,128.52
3470,2025-05-02,26,3,64.0,0.0,8.3,416.0,134.4
3471,2025-05-02,18,6,88.6,0.0,12.8,443.0,132.9
3472,2025-05-02,1,3,47.9,0.0,0.4,311.35,100.59
3473,2025-05-02,28,3,34.9,0.0,5.8,226.85,73.29
3474,2025-05-02,11,1,40.8,0.0,8.5,183.6,48.96
3475,2025-05-02,10,4,32.6,0.0,7.3,189.08,61.94
3476,2025-05-02,30,1,20.4,0.0,6.8,91.8,24.48
3477,2025-05-02,1,1,57.7,0.0,4.9,259.65,69.24
3478,2025-05-02,11,6,27.2,0.0,4.3,136.0,40.8
3479,2025-05-02,28,4,38.7,0.0,7.5,224.46,73.53
3480,2025-05-02,19,6,43.6,0.0,2.9,218.0,65.4
3481,2025-05-02,10,5,97.4,0.0,10.7,681.8,224.02
3482,2025-05-02,2,1,21.4,0.0,3.7,96.3,25.68
3483,2025-05-02,30,2,83.1,0.0,3.2,398.88,116.34
3484,2025-05-02,2,6,97.4,0.0,3.2,487.0,146.1
3485,2025-05-02,27,1,30.6,0.0,6.5,137.7,36.72
3486,2025-05-02,11,1,44.3,0.0,5.6,199.35,53.16
3487,2025-05-02,20,5,57.4,0.0,2.7,401.8,132.02
3488,2025-05-02,9,4,63.0,0.0,5.7,365.4,119.7
3489,2025-05-02,22,6,93.7,0.0,5.7,468.5,140.55
3490,2025-05-02,22,1,25.0,0.0,4.5,112.5,30.0
3491,2025-05-02,2,2,48.9,0.0,4.4,234.72,68.46
3492,2025-05-02,6,1,24.1,0.0,4.3,108.45,28.92
3493,2025-05-02,25,4,26.6,0.0,5.3,154.28,50.54
3494,2025-05-02,11,2,68.0,0.0,7.1,326.4,95.2
3495,2025-05-02,3,2,96.0,0.0,7.0,460.8,134.4
3496,2025-05-02,28,6,48.5,0.0,5.1,242.5,72.75
3497,2025-05-02,12,6,20.0,0.0,6.8,100.0,30.0
3498,2025-05-03,6,4,89.3,0.0,8.9,517.94,169.67
3499,2025-05-03,23,1,26.5,0.0,7.5,119.25,31.8
3500,2025-05-03,6,4,49.6,0.0,11.4,287.68,94.24
3501,2025-05-03,24,1,71.6,0.0,8.1,322.2,85.92
3502,2025-05-03,10,2,61.6,0.0,3.1,295.68,86.24
3503,2025-05-03,26,2,77.0,0.0,10.2,369.6,107.8
3504,2025-05-03,19,6,72.8,0.0,2.6,364.0,109.2
3505,2025-05-03,28,3,52.7,0.0,1.4,342.55,110.67
3506,2025-05-03,27,1,26.7,0.0,3.9,120.15,32.04
3507,2025-05-03,4,5,73.0,0.0,6.5,511.0,167.9
3508,2025-05-03,19,5,32.0,0.0,5.0,224.0,73.6
3509,2025-05-03,24,4,64.8,0.0,9.9,375.84,123.12
3510,2025-05-03,20,2,69.0,0.0,5.4,331.2,96.6
3511,2025-05-03,2,5,73.4,0.0,4.8,513.8,168.82
3512,2025-05-03,4,3,44.2,0.0,4.4,287.3,92.82
3513,2025-05-03,4,4,57.9,0.0,3.6,335.82,110.01
3514,2025-05-03,4,4,32.0,0.0,4.5,185.6,60.8
3515,2025-05-03,29,2,35.7,0.0,12.4,171.36,49.98
3516,2025-05-03,4,1,23.7,0.0,5.4,106.65,28.44
3517,2025-05-03,4,3,90.8,0.0,0.9,590.2,190.68
3518,2025-05-03,13,6,75.1,0.0,5.1,375.5,112.65
3519,2025-05-03,14,5,34.4,0.0,3.0,240.8,79.12
3520,2025-05-03,12,5,24.9,0.0,6.5,174.3,57.27
3521,2025-05-03,3,4,70.5,0.0,3.5,408.9,133.95
3522,2025-05-03,29,6,93.9,0.0,6.3,469.5,140.85
3523,2025-05-03,29,5,67.7,0.0,5.7,473.9,155.71
3524,2025-05-03,27,5,78.7,0.0,6.6,550.9,181.01
3525,2025-05-03,6,2,39.5,0.0,6.9,189.6,55.3
3526,2025-05-03,17,5,78.8,0.0,3.2,551.6,181.24
3527,2025-05-03,21,2,61.8,0.0,5.6,296.64,86.52
3528,2025-05-03,25,6,81.7,0.0,10.5,408.5,122.55
3529,2025-05-03,2,4,45.2,0.0,5.1,262.16,85.88
3530,2025-05-03,3,2,54.5,0.0,4.1,261.6,76.3
3531,2025-05-03,25,2,94.7,0.0,9.4,454.56,132.58
3532,2025-05-03,29,2,77.7,0.0,2.9,372.96,108.78
3533,2025-05-03,2,1,87.8,0.0,8.7,395.1,105.36
3534,2025-05-03,25,6,39.6,0.0,8.7,198.0,59.4
3535,2025-05-03,25,3,30.2,0.0,7.8,196.3,63.42
3536,2025-05-03,7,5,86.0,0.0,2.6,602.0,197.8
3537,2025-05-04,15,6,82.9,0.0,6.5,414.5,124.35
3538,2025-05-04,14,5,92.8,0.0,4.9,649.6,213.44
3539,2025-05-04,14,2,58.4,0.0,3.0,280.32,81.76
3540,2025-05-04,28,4,91.9,0.0,7.0,533.02,174.61
3541,2025-05-04,7,1,96.4,19.6,6.7,345.6,115.68
3542,2025-05-04,12,6,41.8,0.0,6.3,209.0,62.7
3543,2025-05-04,2,2,49.6,0.0,2.0,238.08,69.44
3544,2025-05-04,9,3,83.5,0.0,5.2,542.75,175.35
3545,2025-05-04,27,5,76.4,0.0,6.1,534.8,175.72
3546,2025-05-04,13,2,92.7,0.0,5.9,444.96,129.78
3547,2025-05-04,16,5,91.9,0.0,7.2,643.3,211.37
3548,2025-05-04,26,2,72.2,0.0,7.5,346.56,101.08
3549,2025-05-04,30,1,85.0,0.0,8.8,382.5,102.0
3550,2025-05-04,13,2,70.0,0.0,5.3,336.0,98.0
3551,2025-05-04,19,5,71.2,0.0,5.9,498.4,163.76
3552,2025-05-04,25,2,39.6,0.0,0.6,190.08,55.44
3553,2025-05-04,17,1,62.6,0.0,5.5,281.7,75.12
3554,2025-05-04,14,4,41.1,0.0,4.8,238.38,78.09
3555,2025-05-04,14,4,22.6,0.0,2.3,131.08,42.94
3556,2025-05-04,8,1,55.1,0.0,4.0,247.95,66.12
3557,2025-05-04,11,5,79.7,0.0,3.8,557.9,183.31
3558,2025-05-04,19,2,91.9,0.0,13.0,441.12,128.66
3559,2025-05-04,5,2,54.5,17.2,9.8,179.04,76.3
3560,2025-05-04,21,5,36.8,0.0,5.8,257.6,84.64
3561,2025-05-04,30,1,35.5,0.0,6.5,159.75,42.6
3562,2025-05-05,1,1,74.6,0.0,-0.5,335.7,89.52
3563,2025-05-05,15,4,93.0,0.0,7.8,539.4,176.7
3564,2025-05-05,1,5,72.4,0.0,5.7,506.8,166.52
3565,2025-05-05,23,3,37.5,0.0,6.3,243.75,78.75
3566,2025-05-05,23,4,96.6,0.0,4.9,560.28,183.54
3567,2025-05-05,27,2,67.1,9.0,-0.1,278.88,93.94
3568,2025-05-05,28,3,94.2,0.0,6.2,612.3,197.82
3569,2025-05-05,25,2,51.4,0.0,10.2,246.72,71.96
3570,2025-05-05,30,3,49.7,0.0,5.5,323.05,104.37
3571,2025-05-05,20,4,93.7,0.0,5.9,543.46,178.03
3572,2025-05-05,9,4,83.9,0.0,6.9,486.62,159.41
3573,2025-05-05,11,5,27.1,0.0,3.0,189.7,62.33
3574,2025-05-05,18,1,71.1,0.0,1.2,319.95,85.32
3575,2025-05-05,4,3,83.8,0.0,9.4,544.7,175.98
3576,2025-05-05,17,6,63.2,0.0,10.0,316.0,94.8
3577,2025-05-05,15,5,40.5,0.0,8.8,283.5,93.15
3578,2025-05-05,20,6,20.3,0.0,4.3,101.5,30.45
3579,2025-05-05,14,2,82.2,0.0,3.2,394.56,115.08
3580,2025-05-05,24,4,56.0,0.0,12.5,324.8,106.4
3581,2025-05-05,23,3,25.0,0.0,8.7,162.5,52.5
3582,2025-05-05,9,3,95.8,0.0,6.1,622.7,201.18
3583,2025-05-05,20,2,30.9,0.0,6.0,148.32,43.26
3584,2025-05-05,16,2,70.7,0.0,2.8,339.36,98.98
3585,2025-05-05,3,2,39.0,0.0,4.2,187.2,54.6
3586,2025-05-05,22,2,38.0,0.0,7.2,182.4,53.2
3587,2025-05-05,23,6,56.0,0.0,11.8,280.0,84.0
3588,2025-05-05,6,6,70.8,0.0,6.7,354.0,106.2
3589,2025-05-05,24,6,91.4,0.0,2.7,457.0,137.1
3590,2025-05-06,6,5,70.6,0.0,1.2,494.2,162.38
3591,2025-05-06,16,1,94.5,0.0,5.4,425.25,113.4
3592,2025-05-06,18,5,91.6,0.0,9.0,641.2,210.68
3593,2025-05-06,9,2,91.4,0.0,7.6,438.72,127.96
3594,2025-05-06,30,1,44.7,0.0,11.6,201.15,53.64
3595,2025-05-06,3,4,71.6,0.0,2.1,415.28,136.04
3596,2025-05-06,12,1,72.1,0.0,6.5,324.45,86.52
3597,2025-05-06,26,5,42.9,0.0,10.5,300.3,98.67
3598,2025-05-06,2,2,87.9,0.0,10.7,421.92,123.06
3599,2025-05-06,25,2,30.3,0.0,8.0,145.44,42.42
3600,2025-05-06,16,5,81.1,0.0,2.2,567.7,186.53
3601,2025-05-06,14,3,73.7,0.0,4.7,479.05,154.77
3602,2025-05-06,5,6,58.6,0.0,0.3,293.0,87.9
3603,2025-05-06,6,6,38.8,10.6,11.3,141.0,58.2
3604,2025-05-06,5,5,51.8,0.0,3.5,362.6,119.14
3605,2025-05-06,23,2,98.7,0.0,8.9,473.76,138.18
3606,2025-05-06,9,2,57.7,0.0,7.9,276.96,80.78
3607,2025-05-06,10,1,76.8,0.0,1.3,345.6,92.16
3608,2025-05-06,22,4,96.4,33.9,11.7,362.5,183.16
3609,2025-05-06,1,1,94.3,0.0,5.6,424.35,113.16
3610,2025-05-06,9,3,73.9,0.0,6.9,480.35,155.19
3611,2025-05-06,28,1,85.6,0.0,7.7,385.2,102.72
3612,2025-05-06,22,5,37.1,0.0,5.7,259.7,85.33
3613,2025-05-07,22,5,96.5,0.0,4.2,675.5,221.95
3614,2025-05-07,24,3,85.1,0.0,6.6,553.15,178.71
3615,2025-05-07,23,2,51.0,0.0,5.0,244.8,71.4
3616,2025-05-07,18,2,72.2,0.0,9.0,346.56,101.08
3617,2025-05-07,10,6,84.0,0.0,4.0,420.0,126.0
3618,2025-05-07,4,6,35.5,6.5,11.5,145.0,53.25
3619,2025-05-07,24,5,53.3,0.0,7.8,373.1,122.59
3620,2025-05-07,14,5,59.0,0.0,2.7,413.0,135.7
3621,2025-05-07,3,5,41.4,0.0,2.3,289.8,95.22
3622,2025-05-07,18,2,92.9,0.0,4.8,445.92,130.06
3623,2025-05-07,21,4,35.4,0.0,4.6,205.32,67.26
3624,2025-05-07,4,4,64.6,0.0,5.7,374.68,122.74
3625,2025-05-07,6,6,48.4,14.5,8.5,169.5,72.6
3626,2025-05-07,11,4,35.3,0.0,5.0,204.74,67.07
3627,2025-05-07,16,3,20.1,0.0,6.7,130.65,42.21
3628,2025-05-07,16,4,37.1,0.0,7.0,215.18,70.49
3629,2025-05-07,5,6,81.8,0.0,1.4,409.0,122.7
3630,2025-05-07,17,1,62.0,0.0,2.4,279.0,74.4
3631,2025-05-07,4,2,90.0,0.0,7.0,432.0,126.0
3632,2025-05-07,24,2,23.0,0.0,6.3,110.4,32.2
3633,2025-05-07,9,3,25.4,0.0,7.6,165.1,53.34
3634,2025-05-07,10,4,63.1,0.0,6.5,365.98,119.89
3635,2025-05-07,4,2,55.2,0.0,6.2,264.96,77.28
3636,2025-05-07,8,3,44.5,0.0,3.3,289.25,93.45
3637,2025-05-07,4,5,92.7,0.0,5.6,648.9,213.21
3638,2025-05-07,16,1,52.6,0.0,4.5,236.7,63.12
3639,2025-05-07,26,6,93.4,0.0,7.5,467.0,140.1
3640,2025-05-07,2,2,26.7,0.0,3.9,128.16,37.38
3641,2025-05-08,9,4,83.2,0.0,6.8,482.56,158.08
3642,2025-05-08,3,1,73.5,0.0,-1.0,330.75,88.2
3643,2025-05-08,9,1,87.8,0.0,5.8,395.1,105.36
3644,2025-05-08,12,2,48.4,0.0,4.4,232.32,67.76
3645,2025-05-08,27,4,97.0,0.0,5.7,562.6,184.3
3646,2025-05-08,2,3,44.2,0.0,1.9,287.3,92.82
3647,2025-05-08,12,6,55.2,0.0,8.3,276.0,82.8
3648,2025-05-08,14,1,43.8,0.0,6.9,197.1,52.56
3649,2025-05-08,2,5,39.8,0.0,8.3,278.6,91.54
3650,2025-05-08,18,4,62.3,0.0,7.8,361.34,118.37
3651,2025-05-08,30,1,78.6,0.0,1.8,353.7,94.32
3652,2025-05-08,13,5,78.8,0.0,2.0,551.6,181.24
3653,2025-05-08,9,4,95.3,0.0,2.7,552.74,181.07
3654,2025-05-08,11,4,54.0,0.0,6.2,313.2,102.6
3655,2025-05-08,4,6,31.4,0.0,3.7,157.0,47.1
3656,2025-05-09,12,5,73.1,0.0,9.3,511.7,168.13
3657,2025-05-09,27,5,53.4,0.0,-1.2,373.8,122.82
3658,2025-05-09,26,4,55.5,0.0,7.9,321.9,105.45
3659,2025-05-09,20,5,67.7,0.0,5.7,473.9,155.71
3660,2025-05-09,30,3,49.3,0.0,2.7,320.45,103.53
3661,2025-05-09,25,4,44.9,0.0,5.8,260.42,85.31
3662,2025-05-09,21,5,77.2,0.0,7.2,540.4,177.56
3663,2025-05-09,14,3,57.6,0.0,5.3,374.4,120.96
3664,2025-05-09,22,3,98.5,0.0,0.2,640.25,206.85
3665,2025-05-09,1,3,20.5,0.0,7.7,133.25,43.05
3666,2025-05-09,5,3,66.9,0.0,2.3,434.85,140.49
3667,2025-05-09,18,5,74.4,0.0,4.8,520.8,171.12
3668,2025-05-09,21,6,84.6,0.0,3.6,423.0,126.9
3669,2025-05-09,11,3,70.3,0.0,10.2,456.95,147.63
3670,2025-05-09,29,5,67.6,0.0,9.8,473.2,155.48
3671,2025-05-09,8,6,59.4,0.0,4.0,297.0,89.1
3672,2025-05-09,8,4,84.8,0.0,6.5,491.84,161.12
3673,2025-05-09,19,3,65.2,0.0,3.7,423.8,136.92
3674,2025-05-09,8,4,30.9,0.0,5.5,179.22,58.71
3675,2025-05-09,21,4,75.4,0.0,7.1,437.32,143.26
3676,2025-05-09,3,3,43.5,0.0,4.8,282.75,91.35
3677,2025-05-09,6,4,73.4,0.0,6.8,425.72,139.46
3678,2025-05-09,28,4,80.6,0.0,11.5,467.48,153.14
3679,2025-05-09,24,5,66.6,0.0,8.2,466.2,153.18
3680,2025-05-09,29,4,88.0,0.0,1.5,510.4,167.2
3681,2025-05-09,21,4,95.5,0.0,6.1,553.9,181.45
3682,2025-05-09,4,5,36.7,0.0,4.3,256.9,84.41
3683,2025-05-09,20,6,40.6,0.0,3.9,203.0,60.9
3684,2025-05-09,27,4,45.0,0.0,2.5,261.0,85.5
3685,2025-05-09,16,4,76.7,0.0,4.5,444.86,145.73
3686,2025-05-09,21,1,27.5,0.0,3.2,123.75,33.0
3687,2025-05-09,8,2,23.1,0.0,6.0,110.88,32.34
3688,2025-05-09,15,2,35.3,0.0,4.5,169.44,49.42
3689,2025-05-09,24,6,65.0,0.0,9.0,325.0,97.5
3690,2025-05-09,5,6,84.8,0.0,2.9,424.0,127.2
3691,2025-05-09,20,2,37.3,0.0,8.3,179.04,52.22
3692,2025-05-09,6,1,96.5,0.0,6.3,434.25,115.8
3693,2025-05-09,3,5,70.3,0.0,7.3,492.1,161.69
3694,2025-05-09,2,2,32.8,0.0,2.7,157.44,45.92
3695,2025-05-09,17,4,29.4,0.0,5.4,170.52,55.86
3696,2025-05-09,15,2,41.1,0.0,6.3,197.28,57.54
3697,2025-05-09,25,4,87.5,0.0,7.5,507.5,166.25
3698,2025-05-09,20,4,82.7,0.0,7.8,479.66,157.13
3699,2025-05-10,16,4,77.1,0.0,9.6,447.18,146.49
3700,2025-05-10,8,6,83.5,0.0,7.6,417.5,125.25
3701,2025-05-10,19,5,98.7,0.0,4.4,690.9,227.01
3702,2025-05-10,20,3,64.9,0.0,4.5,421.85,136.29
3703,2025-05-10,9,4,23.6,0.0,3.2,136.88,44.84
3704,2025-05-10,12,6,95.9,0.0,6.2,479.5,143.85
3705,2025-05-10,12,5,93.7,0.0,4.1,655.9,215.51
3706,2025-05-10,26,3,52.7,0.0,2.7,342.55,110.67
3707,2025-05-10,6,1,75.1,0.0,6.9,337.95,90.12
3708,2025-05-10,8,1,37.2,0.0,9.4,167.4,44.64
3709,2025-05-10,14,5,42.8,0.0,1.8,299.6,98.44
3710,2025-05-10,28,4,83.9,0.0,5.3,486.62,159.41
3711,2025-05-10,20,2,78.0,0.0,5.5,374.4,109.2
3712,2025-05-10,23,4,55.5,0.0,7.0,321.9,105.45
3713,2025-05-10,13,3,70.3,0.0,4.3,456.95,147.63
3714,2025-05-10,1,2,24.7,0.0,11.8,118.56,34.58
3715,2025-05-10,5,1,80.0,0.0,7.9,360.0,96.0
3716,2025-05-10,11,3,32.5,0.0,4.5,211.25,68.25
3717,2025-05-10,8,3,83.3,0.0,1.4,541.45,174.93
3718,2025-05-10,28,2,93.3,0.0,8.2,447.84,130.62
3719,2025-05-10,23,6,88.7,0.0,2.2,443.5,133.05
3720,2025-05-10,26,1,44.2,0.0,4.0,198.9,53.04
3721,2025-05-10,2,3,46.3,0.0,7.1,300.95,97.23
3722,2025-05-10,29,6,44.2,0.0,8.7,221.0,66.3
3723,2025-05-10,29,1,73.1,0.0,4.5,328.95,87.72
3724,2025-05-10,14,6,58.5,20.8,10.3,188.5,87.75
3725,2025-05-10,20,6,76.6,0.0,4.3,383.0,114.9
3726,2025-05-10,13,4,78.6,0.0,6.1,455.88,149.34
3727,2025-05-10,28,1,54.7,0.0,6.2,246.15,65.64
3728,2025-05-10,22,5,78.5,0.0,6.1,549.5,180.55
3729,2025-05-10,19,6,31.6,0.0,6.3,158.0,47.4
3730,2025-05-10,12,3,48.0,0.0,7.9,312.0,100.8
3731,2025-05-10,26,2,48.2,0.0,8.4,231.36,67.48
3732,2025-05-10,15,4,99.2,0.0,2.6,575.36,188.48
3733,2025-05-10,26,3,73.1,0.0,4.5,475.15,153.51
3734,2025-05-10,11,1,70.5,0.0,8.5,317.25,84.6
3735,2025-05-10,14,4,68.8,0.0,6.7,399.04,130.72
3736,2025-05-10,22,2,24.6,0.0,5.8,118.08,34.44
3737,2025-05-10,16,3,52.8,0.0,3.2,343.2,110.88
3738,2025-05-10,8,4,68.7,0.0,3.5,398.46,130.53
3739,2025-05-10,20,4,42.4,0.0,3.4,245.92,80.56
3740,2025-05-10,7,6,37.0,0.0,4.5,185.0,55.5
3741,2025-05-10,10,4,42.3,0.0,11.4,245.34,80.37
3742,2025-05-10,18,3,87.8,0.0,9.2,570.7,184.38
3743,2025-05-10,12,1,47.1,0.0,4.8,211.95,56.52
3744,2025-05-10,29,2,50.7,0.0,8.4,243.36,70.98
3745,2025-05-10,25,2,24.6,0.0,4.4,118.08,34.44
3746,2025-05-10,6,6,62.5,0.0,9.7,312.5,93.75
3747,2025-05-11,6,6,25.6,0.0,6.6,128.0,38.4
3748,2025-05-11,3,5,62.5,0.0,7.0,437.5,143.75
3749,2025-05-11,21,1,72.7,0.0,5.5,327.15,87.24
3750,2025-05-11,25,1,72.7,0.0,5.4,327.15,87.24
3751,2025-05-11,19,1,94.4,0.0,6.9,424.8,113.28
3752,2025-05-11,23,5,90.8,0.0,7.3,635.6,208.84
3753,2025-05-11,4,2,51.3,0.0,9.7,246.24,71.82
3754,2025-05-11,16,1,54.8,0.0,7.9,246.6,65.76
3755,2025-05-11,9,2,71.2,0.0,2.2,341.76,99.68
3756,2025-05-11,24,5,92.8,0.0,-3.8,649.6,213.44
3757,2025-05-11,17,2,65.5,0.0,6.1,314.4,91.7
3758,2025-05-11,19,4,26.8,0.0,5.9,155.44,50.92
3759,2025-05-11,26,1,92.6,0.0,8.6,416.7,111.12
3760,2025-05-11,2,5,89.8,11.4,8.6,548.8,206.54
3761,2025-05-11,11,1,75.4,0.0,4.3,339.3,90.48
3762,2025-05-11,7,5,41.6,0.0,9.1,291.2,95.68
3763,2025-05-11,8,1,81.0,0.0,1.4,364.5,97.2
3764,2025-05-11,3,2,44.0,0.0,2.0,211.2,61.6
3765,2025-05-11,7,3,60.9,0.0,3.5,395.85,127.89
3766,2025-05-11,30,2,85.9,0.0,4.8,412.32,120.26
3767,2025-05-11,26,5,34.5,0.0,6.1,241.5,79.35
3768,2025-05-11,22,4,27.2,0.0,5.0,157.76,51.68
3769,2025-05-11,4,3,58.3,0.0,6.2,378.95,122.43
3770,2025-05-11,4,4,40.4,0.0,10.9,234.32,76.76
3771,2025-05-11,9,2,57.8,0.0,8.9,277.44,80.92
3772,2025-05-11,9,4,99.8,0.0,8.5,578.84,189.62
3773,2025-05-11,21,3,22.0,0.0,6.7,143.0,46.2
3774,2025-05-11,25,2,79.9,31.9,4.2,230.4,111.86
3775,2025-05-11,3,6,93.2,0.0,5.8,466.0,139.8
3776,2025-05-11,10,3,61.9,0.0,7.0,402.35,129.99
3777,2025-05-11,19,6,28.1,0.0,5.5,140.5,42.15
3778,2025-05-11,16,5,23.2,0.0,7.8,162.4,53.36
3779,2025-05-11,28,2,44.8,0.0,4.5,215.04,62.72
3780,2025-05-12,17,4,57.2,0.0,5.7,331.76,108.68
3781,2025-05-12,8,4,33.4,0.0,7.9,193.72,63.46
3782,2025-05-12,25,2,43.7,14.1,11.3,142.08,61.18
3783,2025-05-12,21,1,79.3,15.4,9.8,287.55,95.16
3784,2025-05-12,10,3,30.3,0.0,5.8,196.95,63.63
3785,2025-05-12,28,6,76.1,0.0,3.8,380.5,114.15
3786,2025-05-12,19,1,59.1,0.0,9.3,265.95,70.92
3787,2025-05-12,7,2,44.2,0.0,10.4,212.16,61.88
3788,2025-05-12,14,5,70.0,0.0,4.3,490.0,161.0
3789,2025-05-12,20,1,40.3,0.0,3.5,181.35,48.36
3790,2025-05-12,3,6,43.6,0.0,6.8,218.0,65.4
3791,2025-05-12,17,2,31.5,0.0,5.1,151.2,44.1
3792,2025-05-12,20,5,66.5,0.0,8.3,465.5,152.95
3793,2025-05-12,15,6,42.7,0.0,8.3,213.5,64.05
3794,2025-05-12,7,1,50.6,0.0,8.9,227.7,60.72
3795,2025-05-12,29,6,86.9,0.0,4.1,434.5,130.35
3796,2025-05-12,4,6,80.3,0.0,5.2,401.5,120.45
3797,2025-05-12,30,4,23.8,0.0,-0.4,138.04,45.22
3798,2025-05-12,20,6,90.0,0.0,3.6,450.0,135.0
3799,2025-05-13,22,2,79.2,0.0,9.4,380.16,110.88
3800,2025-05-13,26,2,87.7,0.0,8.7,420.96,122.78
3801,2025-05-13,30,4,70.2,0.0,3.0,407.16,133.38
3802,2025-05-13,4,2,97.5,0.0,5.1,468.0,136.5
3803,2025-05-13,1,6,69.5,0.0,7.5,347.5,104.25
3804,2025-05-13,15,2,72.7,0.0,4.8,348.96,101.78
3805,2025-05-13,9,4,95.0,0.0,9.0,551.0,180.5
3806,2025-05-13,20,6,88.3,0.0,7.6,441.5,132.45
3807,2025-05-13,4,1,53.4,0.0,7.4,240.3,64.08
3808,2025-05-13,30,4,90.0,0.0,7.2,522.0,171.0
3809,2025-05-13,23,4,98.9,0.0,5.0,573.62,187.91
3810,2025-05-13,12,3,96.5,0.0,7.1,627.25,202.65
3811,2025-05-13,27,4,29.5,0.0,7.5,171.1,56.05
3812,2025-05-13,16,6,82.8,0.0,4.4,414.0,124.2
3813,2025-05-13,8,2,25.5,0.0,7.3,122.4,35.7
3814,2025-05-13,3,3,77.0,0.0,7.7,500.5,161.7
3815,2025-05-13,9,4,69.4,0.0,0.9,402.52,131.86
3816,2025-05-13,1,5,40.4,0.0,4.2,282.8,92.92
3817,2025-05-13,30,3,51.0,0.0,3.3,331.5,107.1
3818,2025-05-13,11,3,96.3,0.0,7.3,625.95,202.23
3819,2025-05-13,17,5,42.7,0.0,1.9,298.9,98.21
3820,2025-05-13,13,5,89.6,0.0,3.6,627.2,206.08
3821,2025-05-14,13,5,95.6,0.0,7.3,669.2,219.88
3822,2025-05-14,7,5,37.2,0.0,6.3,260.4,85.56
3823,2025-05-14,14,6,48.8,0.0,3.1,244.0,73.2
3824,2025-05-14,27,5,85.5,0.0,9.7,598.5,196.65
3825,2025-05-14,7,3,36.4,0.0,3.5,236.6,76.44
3826,2025-05-14,5,1,68.2,0.0,12.2,306.9,81.84
3827,2025-05-14,9,4,31.0,0.0,5.4,179.8,58.9
3828,2025-05-14,23,2,64.0,0.0,6.4,307.2,89.6
3829,2025-05-14,17,4,20.4,0.0,7.5,118.32,38.76
3830,2025-05-14,9,3,30.5,0.0,5.8,198.25,64.05
3831,2025-05-14,10,5,67.9,0.0,6.5,475.3,156.17
3832,2025-05-14,27,1,89.4,0.0,5.6,402.3,107.28
3833,2025-05-14,16,2,88.7,0.0,1.9,425.76,124.18
3834,2025-05-14,1,1,29.5,0.0,7.1,132.75,35.4
3835,2025-05-14,29,4,21.0,0.0,6.8,121.8,39.9
3836,2025-05-14,16,4,79.8,0.0,4.8,462.84,151.62
3837,2025-05-14,30,2,74.7,0.0,7.7,358.56,104.58
3838,2025-05-14,18,6,93.2,0.0,8.0,466.0,139.8
3839,2025-05-14,9,3,23.1,0.0,9.3,150.15,48.51
3840,2025-05-14,20,1,54.4,0.0,5.9,244.8,65.28
3841,2025-05-14,9,3,97.8,0.0,7.5,635.7,205.38
3842,2025-05-14,23,3,49.4,0.0,7.8,321.1,103.74
3843,2025-05-14,9,2,69.0,0.0,6.1,331.2,96.6
3844,2025-05-14,19,3,36.5,0.0,0.9,237.25,76.65
3845,2025-05-14,4,1,54.6,0.0,6.7,245.7,65.52
3846,2025-05-14,14,2,65.9,0.0,5.0,316.32,92.26
3847,2025-05-14,22,6,26.8,0.0,6.4,134.0,40.2
3848,2025-05-14,13,1,23.0,8.3,3.2,66.15,27.6
3849,2025-05-14,21,4,22.9,0.0,7.7,132.82,43.51
3850,2025-05-14,13,1,55.8,0.0,4.1,251.1,66.96
3851,2025-05-14,19,3,71.9,0.0,6.4,467.35,150.99
3852,2025-05-14,10,5,36.9,0.0,5.4,258.3,84.87
3853,2025-05-15,8,2,54.5,0.0,6.2,261.6,76.3
3854,2025-05-15,15,4,68.5,0.0,8.6,397.3,130.15
3855,2025-05-15,30,6,20.5,6.9,9.3,68.0,30.75
3856,2025-05-15,5,1,64.6,0.0,4.6,290.7,77.52
3857,2025-05-15,27,1,53.1,0.0,6.3,238.95,63.72
3858,2025-05-15,6,2,85.3,0.0,8.7,409.44,119.42
3859,2025-05-15,2,6,62.7,0.0,5.7,313.5,94.05
3860,2025-05-15,17,6,87.1,0.0,5.7,435.5,130.65
3861,2025-05-15,15,2,23.2,0.0,3.3,111.36,32.48
3862,2025-05-15,30,3,39.7,0.0,6.1,258.05,83.37
3863,2025-05-15,20,1,81.9,0.0,1.9,368.55,98.28
3864,2025-05-15,7,4,40.2,0.0,1.4,233.16,76.38
3865,2025-05-15,29,4,29.1,0.0,11.3,168.78,55.29
3866,2025-05-15,3,6,25.1,0.0,6.0,125.5,37.65
3867,2025-05-15,10,6,84.9,28.9,13.6,280.0,127.35
3868,2025-05-15,11,4,34.3,0.0,4.9,198.94,65.17
3869,2025-05-15,29,5,49.6,0.0,6.0,347.2,114.08
3870,2025-05-15,19,3,43.0,0.0,6.1,279.5,90.3
3871,2025-05-15,2,4,20.3,0.0,1.3,117.74,38.57
3872,2025-05-15,26,5,81.1,0.0,5.2,567.7,186.53
3873,2025-05-15,17,1,71.7,0.0,5.9,322.65,86.04
3874,2025-05-15,17,6,40.2,0.0,9.6,201.0,60.3
3875,2025-05-15,26,6,76.9,0.0,6.5,384.5,115.35
3876,2025-05-15,30,3,94.5,0.0,4.4,614.25,198.45
3877,2025-05-15,18,6,30.0,0.0,4.4,150.0,45.0
3878,2025-05-15,14,4,52.1,0.0,6.6,302.18,98.99
3879,2025-05-15,11,2,42.4,0.0,7.2,203.52,59.36
3880,2025-05-15,28,1,79.4,0.0,9.7,357.3,95.28
3881,2025-05-15,25,6,32.3,0.0,6.8,161.5,48.45
3882,2025-05-15,23,5,71.7,0.0,6.6,501.9,164.91
3883,2025-05-15,26,3,89.8,0.0,7.2,583.7,188.58
3884,2025-05-15,23,2,30.1,0.0,10.3,144.48,42.14
3885,2025-05-15,27,4,46.1,0.0,3.7,267.38,87.59
3886,2025-05-15,24,5,56.1,0.0,3.9,392.7,129.03
3887,2025-05-16,10,5,29.7,0.0,3.1,207.9,68.31
3888,2025-05-16,20,6,77.9,0.0,2.3,389.5,116.85
3889,2025-05-16,1,6,34.6,0.0,4.9,173.0,51.9
3890,2025-05-16,5,3,87.7,0.0,3.7,570.05,184.17
3891,2025-05-16,2,4,49.0,0.0,2.6,284.2,93.1
3892,2025-05-16,19,6,56.4,0.0,7.8,282.0,84.6
3893,2025-05-16,23,4,40.6,0.0,3.0,235.48,77.14
3894,2025-05-16,16,6,22.3,0.0,5.2,111.5,33.45
3895,2025-05-16,21,3,51.0,0.0,5.8,331.5,107.1
3896,2025-05-16,23,2,35.3,0.0,3.3,169.44,49.42
3897,2025-05-16,18,4,93.1,0.0,5.1,539.98,176.89
3898,2025-05-16,26,5,73.3,0.0,7.0,513.1,168.59
3899,2025-05-16,17,3,51.3,0.0,4.0,333.45,107.73
3900,2025-05-16,27,6,82.3,30.9,11.0,257.0,123.45
3901,2025-05-16,14,6,63.9,0.0,6.3,319.5,95.85
3902,2025-05-16,23,5,69.2,0.0,3.4,484.4,159.16
3903,2025-05-16,25,1,75.7,0.0,6.7,340.65,90.84
3904,2025-05-16,22,4,53.9,0.0,3.8,312.62,102.41
3905,2025-05-16,9,1,64.7,0.0,4.5,291.15,77.64
3906,2025-05-16,26,5,66.9,0.0,1.6,468.3,153.87
3907,2025-05-16,25,2,49.4,0.0,6.5,237.12,69.16
3908,2025-05-16,7,6,71.8,0.0,10.4,359.0,107.7
3909,2025-05-16,26,6,86.7,0.0,8.7,433.5,130.05
3910,2025-05-16,11,4,93.2,0.0,7.3,540.56,177.08
3911,2025-05-16,28,4,58.7,0.0,3.4,340.46,111.53
3912,2025-05-16,20,5,70.3,0.0,4.2,492.1,161.69
3913,2025-05-16,15,1,30.5,0.0,2.2,137.25,36.6
3914,2025-05-16,26,3,81.2,0.0,2.4,527.8,170.52
3915,2025-05-16,23,5,91.1,0.0,3.9,637.7,209.53
3916,2025-05-16,11,3,47.7,5.3,2.4,275.6,100.17
3917,2025-05-16,26,6,56.8,0.0,4.6,284.0,85.2
3918,2025-05-16,22,3,87.9,0.0,1.6,571.35,184.59
3919,2025-05-16,5,5,37.8,0.0,4.3,264.6,86.94
3920,2025-05-16,25,6,21.2,0.0,2.5,106.0,31.8
3921,2025-05-16,23,2,31.3,0.0,5.3,150.24,43.82
3922,2025-05-16,3,1,24.3,0.0,4.2,109.35,29.16
3923,2025-05-16,9,1,57.3,0.0,6.1,257.85,68.76
3924,2025-05-16,8,6,38.5,0.0,5.1,192.5,57.75
3925,2025-05-16,3,2,28.5,0.0,2.4,136.8,39.9
3926,2025-05-16,4,3,53.5,0.0,3.1,347.75,112.35
3927,2025-05-16,19,5,21.4,0.0,3.0,149.8,49.22
3928,2025-05-16,22,4,43.6,0.0,6.2,252.88,82.84
3929,2025-05-16,29,5,40.1,0.0,6.4,280.7,92.23
3930,2025-05-17,3,6,94.4,0.0,7.4,472.0,141.6
3931,2025-05-17,2,2,98.6,0.0,5.4,473.28,138.04
3932,2025-05-17,7,2,43.4,0.0,4.9,208.32,60.76
3933,2025-05-17,1,2,85.2,0.0,7.4,408.96,119.28
3934,2025-05-17,8,1,20.5,0.0,7.1,92.25,24.6
3935,2025-05-17,8,2,50.6,0.0,2.9,242.88,70.84
3936,2025-05-17,18,4,87.1,0.0,6.5,505.18,165.49
3937,2025-05-17,17,6,23.2,0.0,4.7,116.0,34.8
3938,2025-05-17,20,4,24.1,0.0,7.8,139.78,45.79
3939,2025-05-17,11,6,67.8,0.0,4.1,339.0,101.7
3940,2025-05-17,26,4,58.7,0.0,2.6,340.46,111.53
3941,2025-05-17,1,1,38.2,0.0,4.2,171.9,45.84
3942,2025-05-17,20,5,29.6,0.0,8.3,207.2,68.08
3943,2025-05-17,21,1,86.7,0.0,8.9,390.15,104.04
3944,2025-05-17,4,6,58.7,0.0,0.0,293.5,88.05
3945,2025-05-17,30,5,86.4,0.0,5.7,604.8,198.72
3946,2025-05-17,10,3,93.3,0.0,3.6,606.45,195.93
3947,2025-05-17,9,3,99.8,0.0,4.2,648.7,209.58
3948,2025-05-17,9,5,82.1,0.0,6.5,574.7,188.83
3949,2025-05-17,27,6,30.3,0.0,6.5,151.5,45.45
3950,2025-05-17,10,4,81.7,0.0,3.5,473.86,155.23
3951,2025-05-17,13,2,48.5,0.0,3.2,232.8,67.9
3952,2025-05-17,10,3,47.2,0.0,6.2,306.8,99.12
3953,2025-05-17,22,1,95.1,0.0,2.3,427.95,114.12
3954,2025-05-17,4,6,99.0,0.0,2.6,495.0,148.5
3955,2025-05-17,27,5,65.8,7.7,5.8,406.7,151.34
3956,2025-05-17,6,3,76.6,0.0,4.8,497.9,160.86
3957,2025-05-17,24,5,82.3,0.0,4.5,576.1,189.29
3958,2025-05-18,13,3,83.9,0.0,9.2,545.35,176.19
3959,2025-05-18,29,3,68.1,0.0,7.0,442.65,143.01
3960,2025-05-18,9,6,84.5,0.0,3.3,422.5,126.75
3961,2025-05-18,20,5,89.4,0.0,7.5,625.8,205.62
3962,2025-05-18,2,2,85.5,0.0,8.6,410.4,119.7
3963,2025-05-18,16,3,60.1,8.5,8.1,335.4,126.21
3964,2025-05-18,10,6,35.5,0.0,4.0,177.5,53.25
3965,2025-05-18,10,4,27.4,0.0,6.3,158.92,52.06
3966,2025-05-18,24,2,90.8,0.0,6.4,435.84,127.12
3967,2025-05-18,13,2,31.8,0.0,8.8,152.64,44.52
3968,2025-05-18,16,5,62.3,0.0,4.8,436.1,143.29
3969,2025-05-18,24,5,88.9,0.0,3.0,622.3,204.47
3970,2025-05-18,2,4,79.0,0.0,1.4,458.2,150.1
3971,2025-05-18,25,3,88.8,0.0,6.0,577.2,186.48
3972,2025-05-18,18,3,54.6,0.0,3.7,354.9,114.66
3973,2025-05-18,2,2,89.7,0.0,7.6,430.56,125.58
3974,2025-05-18,7,4,76.9,0.0,9.1,446.02,146.11
3975,2025-05-18,9,3,79.3,0.0,6.0,515.45,166.53
3976,2025-05-18,18,3,94.2,31.6,9.2,406.9,197.82
3977,2025-05-18,15,6,77.4,0.0,8.4,387.0,116.1
3978,2025-05-18,18,1,27.5,0.0,3.4,123.75,33.0
3979,2025-05-18,4,3,44.0,0.0,8.6,286.0,92.4
3980,2025-05-18,12,4,75.6,0.0,8.4,438.48,143.64
3981,2025-05-18,10,6,54.9,0.0,1.9,274.5,82.35
3982,2025-05-18,21,5,79.8,0.0,1.5,558.6,183.54
3983,2025-05-18,12,3,45.7,0.0,6.8,297.05,95.97
3984,2025-05-18,19,6,73.9,0.0,9.4,369.5,110.85
3985,2025-05-19,4,2,62.3,0.0,2.0,299.04,87.22
3986,2025-05-19,4,5,37.0,0.0,8.4,259.0,85.1
3987,2025-05-19,4,6,43.4,0.0,8.1,217.0,65.1
3988,2025-05-19,20,3,35.3,0.0,1.7,229.45,74.13
3989,2025-05-19,21,4,60.8,0.0,10.3,352.64,115.52
3990,2025-05-19,28,2,59.5,0.0,7.8,285.6,83.3
3991,2025-05-19,11,4,75.4,0.0,12.6,437.32,143.26
3992,2025-05-19,30,2,62.2,0.0,4.1,298.56,87.08
3993,2025-05-19,8,6,75.5,0.0,11.5,377.5,113.25
3994,2025-05-19,15,3,21.1,6.0,0.7,98.15,44.31
3995,2025-05-19,16,2,88.3,0.0,5.8,423.84,123.62
3996,2025-05-19,9,6,27.6,0.0,8.6,138.0,41.4
3997,2025-05-19,4,2,60.0,0.0,10.9,288.0,84.0
3998,2025-05-19,24,6,80.3,0.0,4.4,401.5,120.45
3999,2025-05-19,28,3,22.1,0.0,9.3,143.65,46.41
4000,2025-05-19,13,4,37.0,0.0,8.7,214.6,70.3
4001,2025-05-19,29,2,45.9,0.0,7.3,220.32,64.26
4002,2025-05-19,7,4,43.7,0.0,7.2,253.46,83.03
4003,2025-05-20,15,4,97.8,0.0,6.0,567.24,185.82
4004,2025-05-20,21,1,73.8,0.0,7.5,332.1,88.56
4005,2025-05-20,13,6,77.0,0.0,8.1,385.0,115.5
4006,2025-05-20,15,5,65.0,0.0,5.7,455.0,149.5
4007,2025-05-20,20,4,25.9,0.0,6.7,150.22,49.21
4008,2025-05-20,15,6,42.0,0.0,6.1,210.0,63.0
4009,2025-05-20,9,1,44.5,0.0,6.5,200.25,53.4
4010,2025-05-20,23,1,81.5,0.0,4.2,366.75,97.8
4011,2025-05-20,5,2,75.9,0.0,3.1,364.32,106.26
4012,2025-05-20,29,3,30.4,10.1,9.1,131.95,63.84
4013,2025-05-20,27,3,33.5,0.0,6.4,217.75,70.35
4014,2025-05-20,10,5,51.3,0.0,9.0,359.1,117.99
4015,2025-05-20,18,6,96.1,0.0,6.2,480.5,144.15
4016,2025-05-20,20,4,71.6,0.0,9.6,415.28,136.04
4017,2025-05-20,23,6,93.9,27.2,8.2,333.5,140.85
4018,2025-05-20,23,2,86.2,0.0,5.7,413.76,120.68
4019,2025-05-20,10,4,56.5,0.0,9.2,327.7,107.35
4020,2025-05-20,22,5,46.1,0.0,4.0,322.7,106.03
4021,2025-05-20,4,6,48.2,0.0,4.7,241.0,72.3
4022,2025-05-20,13,3,38.9,0.0,4.0,252.85,81.69
4023,2025-05-21,22,2,33.0,0.0,9.1,158.4,46.2
4024,2025-05-21,25,1,86.6,0.0,0.3,389.7,103.92
4025,2025-05-21,15,3,70.2,0.0,3.7,456.3,147.42
4026,2025-05-21,24,2,64.8,0.0,8.6,311.04,90.72
4027,2025-05-21,30,5,78.2,0.0,3.5,547.4,179.86
4028,2025-05-21,11,4,42.8,0.0,8.5,248.24,81.32
4029,2025-05-21,29,3,51.4,0.0,6.8,334.1,107.94
4030,2025-05-21,11,3,70.3,0.0,5.5,456.95,147.63
4031,2025-05-21,3,3,38.7,0.0,3.8,251.55,81.27
4032,2025-05-21,1,6,29.9,0.0,6.4,149.5,44.85
4033,2025-05-21,30,1,33.5,0.0,3.7,150.75,40.2
4034,2025-05-21,1,5,84.3,0.0,4.2,590.1,193.89
4035,2025-05-21,23,4,78.5,0.0,10.2,455.3,149.15
4036,2025-05-21,7,1,32.8,0.0,7.6,147.6,39.36
4037,2025-05-21,7,3,96.6,0.0,3.6,627.9,202.86
4038,2025-05-21,7,6,44.3,0.0,4.5,221.5,66.45
4039,2025-05-21,14,1,75.3,0.0,6.7,338.85,90.36
4040,2025-05-21,3,4,25.6,0.0,5.8,148.48,48.64
4041,2025-05-21,27,2,27.1,0.0,2.3,130.08,37.94
4042,2025-05-21,3,6,29.7,0.0,8.7,148.5,44.55
4043,2025-05-21,19,6,29.4,0.0,7.2,147.0,44.1
4044,2025-05-21,26,6,44.0,0.0,4.4,220.0,66.0
4045,2025-05-21,18,1,56.5,0.0,4.5,254.25,67.8
4046,2025-05-21,1,1,78.1,0.0,4.9,351.45,93.72
4047,2025-05-22,10,1,90.7,0.0,8.4,408.15,108.84
4048,2025-05-22,27,6,84.8,0.0,5.7,424.0,127.2
4049,2025-05-22,17,3,23.8,0.0,2.5,154.7,49.98
4050,2025-05-22,11,4,31.5,0.0,2.5,182.7,59.85
4051,2025-05-22,6,2,63.0,0.0,5.9,302.4,88.2
4052,2025-05-22,14,2,80.8,0.0,5.9,387.84,113.12
4053,2025-05-22,9,4,45.1,0.0,5.6,261.58,85.69
4054,2025-05-22,22,6,24.9,0.0,3.4,124.5,37.35
4055,2025-05-22,23,1,85.1,0.0,6.4,382.95,102.12
4056,2025-05-22,29,6,89.3,0.0,5.6,446.5,133.95
4057,2025-05-22,3,4,96.9,0.0,7.9,562.02,184.11
4058,2025-05-22,5,5,76.3,0.0,5.5,534.1,175.49
4059,2025-05-22,15,6,22.8,0.0,1.4,114.0,34.2
4060,2025-05-22,4,3,37.6,0.0,-0.5,244.4,78.96
4061,2025-05-22,17,5,41.8,0.0,7.0,292.6,96.14
4062,2025-05-23,17,3,45.8,0.0,6.4,297.7,96.18
4063,2025-05-23,19,1,44.3,0.0,2.5,199.35,53.16
4064,2025-05-23,25,5,52.6,0.0,5.2,368.2,120.98
4065,2025-05-23,4,4,51.3,0.0,5.7,297.54,97.47
4066,2025-05-23,19,6,56.5,0.0,7.2,282.5,84.75
4067,2025-05-23,6,5,63.2,0.0,7.7,442.4,145.36
4068,2025-05-23,8,2,40.1,0.0,4.8,192.48,56.14
4069,2025-05-23,7,2,59.5,16.0,8.6,208.8,83.3
4070,2025-05-23,27,6,64.7,0.0,5.5,323.5,97.05
4071,2025-05-23,12,5,73.2,0.0,8.1,512.4,168.36
4072,2025-05-23,24,6,76.2,0.0,6.4,381.0,114.3
4073,2025-05-23,6,1,79.6,0.0,2.7,358.2,95.52
4074,2025-05-23,21,2,37.6,11.6,5.2,124.8,52.64
4075,2025-05-23,13,2,71.4,0.0,7.4,342.72,99.96
4076,2025-05-23,2,3,68.8,0.0,13.6,447.2,144.48
4077,2025-05-23,1,2,55.8,0.0,5.4,267.84,78.12
4078,2025-05-23,3,1,54.3,0.0,4.3,244.35,65.16
4079,2025-05-23,14,5,68.0,0.0,11.9,476.0,156.4
4080,2025-05-23,5,1,96.1,0.0,7.4,432.45,115.32
4081,2025-05-23,17,4,56.9,0.0,4.7,330.02,108.11
4082,2025-05-23,13,3,86.4,0.0,2.6,561.6,181.44
4083,2025-05-23,25,5,61.0,0.0,6.8,427.0,140.3
4084,2025-05-23,15,4,75.2,19.7,9.4,321.9,142.88
4085,2025-05-23,16,5,99.6,0.0,4.2,697.2,229.08
4086,2025-05-23,19,3,96.9,0.0,8.5,629.85,203.49
4087,2025-05-23,9,6,38.4,0.0,7.3,192.0,57.6
4088,2025-05-23,4,3,82.9,0.0,5.1,538.85,174.09
4089,2025-05-23,26,2,51.1,0.0,5.0,245.28,71.54
4090,2025-05-23,5,5,52.2,0.0,2.5,365.4,120.06
4091,2025-05-23,25,1,71.2,0.0,-0.4,320.4,85.44
4092,2025-05-23,22,5,32.4,0.0,1.9,226.8,74.52
4093,2025-05-23,15,3,42.3,16.6,3.9,167.05,88.83
4094,2025-05-23,24,1,52.3,0.0,5.0,235.35,62.76
4095,2025-05-23,8,5,70.3,0.0,6.6,492.1,161.69
4096,2025-05-24,2,6,74.7,0.0,6.0,373.5,112.05
4097,2025-05-24,29,4,62.9,0.0,5.1,364.82,119.51
4098,2025-05-24,3,1,37.0,0.0,3.1,166.5,44.4
4099,2025-05-24,26,5,80.6,0.0,8.1,564.2,185.38
4100,2025-05-24,21,5,81.7,0.0,8.2,571.9,187.91
4101,2025-05-24,4,6,69.5,0.0,3.2,347.5,104.25
4102,2025-05-24,27,2,41.2,0.0,7.9,197.76,57.68
4103,2025-05-24,30,5,65.0,20.1,5.6,314.3,149.5
4104,2025-05-24,27,6,29.9,0.0,3.5,149.5,44.85
4105,2025-05-24,21,4,98.6,0.0,10.2,571.88,187.34
4106,2025-05-24,28,3,53.3,0.0,10.0,346.45,111.93
4107,2025-05-24,11,1,55.7,0.0,6.5,250.65,66.84
4108,2025-05-24,28,1,88.3,0.0,6.0,397.35,105.96
4109,2025-05-24,5,1,68.6,0.0,6.2,308.7,82.32
4110,2025-05-24,22,2,96.0,0.0,8.9,460.8,134.4
4111,2025-05-24,27,6,20.4,0.0,6.4,102.0,30.6
4112,2025-05-24,30,4,57.1,0.0,5.2,331.18,108.49
4113,2025-05-24,23,1,84.6,0.0,8.2,380.7,101.52
4114,2025-05-24,12,2,63.2,0.0,6.8,303.36,88.48
4115,2025-05-24,2,5,72.7,0.0,4.4,508.9,167.21
4116,2025-05-24,22,3,97.7,0.0,1.8,635.05,205.17
4117,2025-05-24,12,5,43.0,0.0,8.7,301.0,98.9
4118,2025-05-24,8,1,86.2,0.0,3.5,387.9,103.44
4119,2025-05-24,30,3,86.0,0.0,2.9,559.0,180.6
4120,2025-05-24,18,6,72.6,0.0,5.1,363.0,108.9
4121,2025-05-24,29,1,46.2,0.0,6.0,207.9,55.44
4122,2025-05-24,15,3,76.6,0.0,6.9,497.9,160.86
4123,2025-05-24,30,4,79.1,0.0,5.6,458.78,150.29
4124,2025-05-24,25,1,86.2,0.0,7.3,387.9,103.44
4125,2025-05-24,8,3,37.2,0.0,9.1,241.8,78.12
4126,2025-05-24,11,6,30.1,0.0,5.8,150.5,45.15
4127,2025-05-24,29,1,62.7,0.0,4.7,282.15,75.24
4128,2025-05-24,14,6,89.0,26.1,7.8,314.5,133.5
4129,2025-05-24,13,2,67.1,0.0,7.0,322.08,93.94
4130,2025-05-24,22,6,54.8,0.0,6.3,274.0,82.2
4131,2025-05-24,5,3,80.5,0.0,6.1,523.25,169.05
4132,2025-05-24,9,4,23.0,0.0,7.0,133.4,43.7
4133,2025-05-24,6,3,50.6,0.0,5.9,328.9,106.26
4134,2025-05-24,27,3,90.9,0.0,1.7,590.85,190.89
4135,2025-05-24,3,1,49.2,13.0,8.0,162.9,59.04
4136,2025-05-24,2,4,75.1,0.0,7.3,435.58,142.69
4137,2025-05-24,20,5,97.8,0.0,5.6,684.6,224.94
4138,2025-05-24,21,6,44.0,0.0,6.1,220.0,66.0
4139,2025-05-24,29,2,93.9,0.0,3.7,450.72,131.46
4140,2025-05-24,15,6,23.4,0.0,8.9,117.0,35.1
4141,2025-05-24,30,3,23.4,0.0,3.0,152.1,49.14
4142,2025-05-25,1,2,58.4,0.0,5.8,280.32,81.76
4143,2025-05-25,25,2,59.8,0.0,4.3,287.04,83.72
4144,2025-05-25,5,5,86.5,0.0,7.2,605.5,198.95
4145,2025-05-25,5,3,85.3,0.0,5.5,554.45,179.13
4146,2025-05-25,5,2,72.8,0.0,7.2,349.44,101.92
4147,2025-05-25,10,1,74.5,0.0,5.1,335.25,89.4
4148,2025-05-25,8,3,95.1,0.0,2.3,618.15,199.71
4149,2025-05-25,17,3,87.8,0.0,6.5,570.7,184.38
4150,2025-05-25,17,2,31.2,0.0,7.9,149.76,43.68
4151,2025-05-25,24,3,35.3,0.0,3.7,229.45,74.13
4152,2025-05-25,13,1,77.6,0.0,7.8,349.2,93.12
4153,2025-05-25,2,3,30.1,0.0,8.0,195.65,63.21
4154,2025-05-25,20,3,26.1,0.0,7.6,169.65,54.81
4155,2025-05-25,19,5,52.5,0.0,7.8,367.5,120.75
4156,2025-05-25,20,1,49.8,5.2,3.8,200.7,59.76
4157,2025-05-25,15,5,93.7,0.0,2.2,655.9,215.51
4158,2025-05-25,13,6,71.3,0.0,8.4,356.5,106.95
4159,2025-05-25,29,4,67.1,0.0,2.6,389.18,127.49
4160,2025-05-25,25,1,31.8,0.0,7.8,143.1,38.16
4161,2025-05-25,21,4,68.1,0.0,6.3,394.98,129.39
4162,2025-05-25,11,3,96.0,0.0,11.5,624.0,201.6
4163,2025-05-25,9,1,64.8,0.0,8.7,291.6,77.76
4164,2025-05-25,4,2,95.7,0.0,4.9,459.36,133.98
4165,2025-05-25,27,5,51.7,0.0,3.0,361.9,118.91
4166,2025-05-25,9,4,62.1,0.0,7.6,360.18,117.99
4167,2025-05-25,5,1,39.0,0.0,1.1,175.5,46.8
4168,2025-05-25,15,5,66.1,0.0,9.1,462.7,152.03
4169,2025-05-25,27,1,56.5,0.0,4.1,254.25,67.8
4170,2025-05-25,17,6,31.5,0.0,10.4,157.5,47.25
4171,2025-05-25,17,6,76.9,0.0,6.7,384.5,115.35
4172,2025-05-25,30,1,85.6,0.0,4.5,385.2,102.72
4173,2025-05-25,4,5,50.6,0.0,6.6,354.2,116.38
4174,2025-05-25,21,4,37.1,0.0,5.5,215.18,70.49
4175,2025-05-25,30,4,65.3,0.0,0.5,378.74,124.07
4176,2025-05-25,30,4,26.7,0.0,9.5,154.86,50.73
4177,2025-05-25,19,6,74.7,0.0,4.3,373.5,112.05
4178,2025-05-25,17,4,45.0,0.0,2.1,261.0,85.5
4179,2025-05-25,24,6,70.1,0.0,2.3,350.5,105.15
4180,2025-05-25,19,5,73.2,0.0,4.3,512.4,168.36
4181,2025-05-25,9,3,73.0,0.0,9.3,474.5,153.3
4182,2025-05-25,3,2,55.4,0.0,6.4,265.92,77.56
4183,2025-05-25,25,3,42.1,0.0,4.6,273.65,88.41
4184,2025-05-25,9,4,94.6,0.0,8.8,548.68,179.74
4185,2025-05-25,25,5,46.5,0.0,6.3,325.5,106.95
4186,2025-05-25,9,2,89.1,0.0,8.5,427.68,124.74
4187,2025-05-25,22,4,77.7,0.0,7.3,450.66,147.63
4188,2025-05-25,24,5,54.2,0.0,8.0,379.4,124.66
4189,2025-05-25,19,6,46.1,0.0,6.3,230.5,69.15
4190,2025-05-26,15,6,58.7,0.0,2.8,293.5,88.05
4191,2025-05-26,21,4,30.2,0.0,5.1,175.16,57.38
4192,2025-05-26,4,6,71.5,0.0,3.5,357.5,107.25
4193,2025-05-26,6,4,77.0,0.0,1.1,446.6,146.3
4194,2025-05-26,16,1,81.0,0.0,4.6,364.5,97.2
4195,2025-05-26,22,1,92.6,0.0,7.5,416.7,111.12
4196,2025-05-26,15,6,32.5,0.0,2.4,162.5,48.75
4197,2025-05-26,11,4,26.7,0.0,2.6,154.86,50.73
4198,2025-05-26,29,2,91.4,0.0,5.7,438.72,127.96
4199,2025-05-26,14,4,62.8,0.0,4.9,364.24,119.32
4200,2025-05-26,2,4,87.6,0.0,1.4,508.08,166.44
4201,2025-05-26,18,6,25.2,6.8,9.8,92.0,37.8
4202,2025-05-26,28,4,80.6,0.0,8.9,467.48,153.14
4203,2025-05-26,30,4,26.1,0.0,2.5,151.38,49.59
4204,2025-05-26,19,4,86.2,0.0,3.0,499.96,163.78
4205,2025-05-26,24,3,73.1,0.0,6.6,475.15,153.51
4206,2025-05-26,19,5,90.0,0.0,7.1,630.0,207.0
4207,2025-05-26,14,3,57.0,0.0,2.8,370.5,119.7
4208,2025-05-26,13,3,85.3,0.0,6.7,554.45,179.13
4209,2025-05-26,2,1,21.2,0.0,7.6,95.4,25.44
4210,2025-05-26,18,6,87.1,0.0,5.8,435.5,130.65
4211,2025-05-26,17,4,36.1,0.0,3.7,209.38,68.59
4212,2025-05-26,23,5,26.2,0.0,2.7,183.4,60.26
4213,2025-05-26,28,3,65.8,0.0,4.3,427.7,138.18
4214,2025-05-26,3,1,27.4,0.0,8.4,123.3,32.88
4215,2025-05-26,16,5,47.1,13.8,10.3,233.1,108.33
4216,2025-05-26,13,2,97.6,0.0,5.7,468.48,136.64
4217,2025-05-26,24,2,30.6,0.0,10.1,146.88,42.84
4218,2025-05-26,25,4,52.8,0.0,7.5,306.24,100.32
4219,2025-05-26,20,6,54.9,21.8,6.0,165.5,82.35
4220,2025-05-27,22,2,38.2,0.0,5.0,183.36,53.48
4221,2025-05-27,9,3,67.2,0.0,3.8,436.8,141.12
4222,2025-05-27,2,6,86.8,0.0,6.5,434.0,130.2
4223,2025-05-27,10,6,61.0,0.0,-0.4,305.0,91.5
4224,2025-05-27,3,1,93.9,0.0,5.2,422.55,112.68
4225,2025-05-27,22,2,75.8,0.0,8.7,363.84,106.12
4226,2025-05-27,8,5,23.6,0.0,8.1,165.2,54.28
4227,2025-05-27,25,2,62.9,0.0,3.1,301.92,88.06
4228,2025-05-27,8,2,58.6,0.0,6.1,281.28,82.04
4229,2025-05-27,13,6,49.4,0.0,10.2,247.0,74.1
4230,2025-05-27,19,5,55.7,0.0,3.8,389.9,128.11
4231,2025-05-27,18,1,53.8,10.2,4.4,196.2,64.56
4232,2025-05-27,1,3,74.8,0.0,1.7,486.2,157.08
4233,2025-05-27,1,2,83.3,0.0,8.9,399.84,116.62
4234,2025-05-27,17,2,49.0,0.0,9.8,235.2,68.6
4235,2025-05-27,3,4,41.1,0.0,5.9,238.38,78.09
4236,2025-05-27,9,4,33.0,0.0,10.8,191.4,62.7
4237,2025-05-27,12,2,53.3,0.0,3.8,255.84,74.62
4238,2025-05-27,22,2,65.0,0.0,7.0,312.0,91.0
4239,2025-05-27,8,4,90.4,0.0,5.0,524.32,171.76
4240,2025-05-27,6,5,26.7,0.0,3.1,186.9,61.41
4241,2025-05-27,15,4,37.9,0.0,6.6,219.82,72.01
4242,2025-05-27,2,4,63.0,0.0,8.7,365.4,119.7
4243,2025-05-27,21,2,58.7,0.0,9.0,281.76,82.18
4244,2025-05-27,25,4,23.0,7.4,12.2,90.48,43.7
4245,2025-05-27,2,2,79.7,0.0,4.8,382.56,111.58
4246,2025-05-27,3,1,86.8,0.0,5.7,390.6,104.16
4247,2025-05-27,26,6,75.0,0.0,5.5,375.0,112.5
4248,2025-05-27,17,6,35.4,0.0,8.4,177.0,53.1
4249,2025-05-27,20,5,45.6,0.0,3.4,319.2,104.88
4250,2025-05-27,3,1,54.5,0.0,7.1,245.25,65.4
4251,2025-05-27,28,1,79.6,0.0,0.1,358.2,95.52
4252,2025-05-27,25,3,84.1,0.0,7.7,546.65,176.61
4253,2025-05-27,29,4,91.8,0.0,5.9,532.44,174.42
4254,2025-05-28,10,1,43.6,0.0,6.3,196.2,52.32
4255,2025-05-28,26,3,54.2,0.0,2.6,352.3,113.82
4256,2025-05-28,23,5,71.1,0.0,1.2,497.7,163.53
4257,2025-05-28,2,5,91.1,0.0,7.8,637.7,209.53
4258,2025-05-28,26,1,24.5,0.0,7.2,110.25,29.4
4259,2025-05-28,29,3,99.4,0.0,7.9,646.1,208.74
4260,2025-05-28,14,5,61.1,0.0,6.9,427.7,140.53
4261,2025-05-28,9,1,41.1,0.0,1.4,184.95,49.32
4262,2025-05-28,15,4,48.1,0.0,6.1,278.98,91.39
4263,2025-05-28,13,1,58.1,16.4,10.2,187.65,69.72
4264,2025-05-28,28,4,79.4,0.0,3.0,460.52,150.86
4265,2025-05-28,21,4,95.7,0.0,6.9,555.06,181.83
4266,2025-05-28,6,3,25.8,0.0,1.7,167.7,54.18
4267,2025-05-28,3,2,86.8,0.0,2.4,416.64,121.52
4268,2025-05-28,4,5,53.6,0.0,6.5,375.2,123.28
4269,2025-05-28,7,3,54.9,0.0,6.8,356.85,115.29
4270,2025-05-28,30,1,38.7,0.0,6.6,174.15,46.44
4271,2025-05-28,30,5,40.1,0.0,7.6,280.7,92.23
4272,2025-05-28,22,5,72.6,0.0,4.9,508.2,166.98
4273,2025-05-28,26,2,63.9,17.0,3.2,225.12,89.46
4274,2025-05-28,17,1,70.5,0.0,8.6,317.25,84.6
4275,2025-05-28,4,5,66.3,0.0,6.1,464.1,152.49
4276,2025-05-29,24,4,96.3,0.0,6.1,558.54,182.97
4277,2025-05-29,3,4,72.0,0.0,2.8,417.6,136.8
4278,2025-05-29,7,1,46.5,0.0,8.9,209.25,55.8
4279,2025-05-29,11,4,71.6,10.8,7.5,352.64,136.04
4280,2025-05-29,18,3,57.5,0.0,7.8,373.75,120.75
4281,2025-05-29,28,2,49.8,0.0,4.6,239.04,69.72
4282,2025-05-29,28,4,39.6,0.0,9.9,229.68,75.24
4283,2025-05-29,24,1,93.4,0.0,8.9,420.3,112.08
4284,2025-05-29,23,3,26.5,0.0,5.7,172.25,55.65
4285,2025-05-29,21,1,88.7,0.0,7.8,399.15,106.44
4286,2025-05-29,29,3,85.2,0.0,4.9,553.8,178.92
4287,2025-05-29,23,4,69.9,0.0,5.9,405.42,132.81
4288,2025-05-29,26,6,38.3,0.0,8.2,191.5,57.45
4289,2025-05-29,28,6,56.1,0.0,8.2,280.5,84.15
4290,2025-05-29,8,6,57.4,0.0,7.8,287.0,86.1
4291,2025-05-29,16,6,55.6,0.0,7.6,278.0,83.4
4292,2025-05-29,4,6,50.3,0.0,7.7,251.5,75.45
4293,2025-05-29,28,3,96.1,0.0,9.7,624.65,201.81
4294,2025-05-29,10,2,80.4,0.0,8.7,385.92,112.56
4295,2025-05-29,22,2,37.2,0.0,8.9,178.56,52.08
4296,2025-05-29,4,6,93.7,0.0,4.4,468.5,140.55
4297,2025-05-29,4,2,27.1,0.0,3.3,130.08,37.94
4298,2025-05-29,4,5,20.8,0.0,8.8,145.6,47.84
4299,2025-05-29,28,4,69.7,0.0,3.1,404.26,132.43
4300,2025-05-29,19,2,67.2,0.0,6.6,322.56,94.08
4301,2025-05-29,23,1,95.9,0.0,0.6,431.55,115.08
4302,2025-05-29,29,2,62.7,14.0,10.0,233.76,87.78
4303,2025-05-29,29,6,48.1,0.0,8.1,240.5,72.15
4304,2025-05-29,25,3,43.6,0.0,7.0,283.4,91.56
4305,2025-05-29,10,1,56.4,0.0,8.8,253.8,67.68
4306,2025-05-29,3,3,78.3,0.0,1.6,508.95,164.43
4307,2025-05-29,23,6,24.2,0.0,6.2,121.0,36.3
4308,2025-05-29,8,3,99.4,0.0,4.2,646.1,208.74
4309,2025-05-29,13,2,32.1,0.0,4.9,154.08,44.94
4310,2025-05-30,7,4,21.3,0.0,6.1,123.54,40.47
4311,2025-05-30,11,5,25.3,0.0,6.8,177.1,58.19
4312,2025-05-30,20,4,56.7,0.0,6.5,328.86,107.73
4313,2025-05-30,11,4,86.7,32.9,1.1,312.04,164.73
4314,2025-05-30,24,2,35.2,0.0,8.2,168.96,49.28
4315,2025-05-30,20,3,85.0,0.0,8.1,552.5,178.5
4316,2025-05-30,15,5,95.1,0.0,5.7,665.7,218.73
4317,2025-05-30,15,2,32.4,10.2,9.5,106.56,45.36
4318,2025-05-30,16,4,84.4,0.0,7.2,489.52,160.36
4319,2025-05-30,18,2,91.1,0.0,9.4,437.28,127.54
4320,2025-05-30,24,6,91.5,0.0,2.6,457.5,137.25
4321,2025-05-30,19,6,65.2,0.0,6.3,326.0,97.8
4322,2025-05-30,15,1,46.3,0.0,7.6,208.35,55.56
4323,2025-05-30,27,4,45.4,0.0,3.4,263.32,86.26
4324,2025-05-30,26,1,92.7,0.0,3.1,417.15,111.24
4325,2025-05-30,13,6,37.4,0.0,5.4,187.0,56.1
4326,2025-05-30,5,6,49.8,0.0,3.8,249.0,74.7
4327,2025-05-30,9,3,34.5,12.8,10.7,141.05,72.45
4328,2025-05-30,11,6,37.7,0.0,7.0,188.5,56.55
4329,2025-05-30,17,1,63.9,0.0,5.0,287.55,76.68
4330,2025-05-30,7,4,30.1,0.0,6.3,174.58,57.19
4331,2025-05-30,16,3,91.1,0.0,6.4,592.15,191.31
4332,2025-05-30,7,2,62.9,0.0,4.0,301.92,88.06
4333,2025-05-30,12,5,24.7,0.0,5.2,172.9,56.81
4334,2025-05-31,15,2,98.4,0.0,3.9,472.32,137.76
4335,2025-05-31,29,5,94.2,0.0,8.8,659.4,216.66
4336,2025-05-31,1,5,31.3,0.0,4.7,219.1,71.99
4337,2025-05-31,22,4,55.8,0.0,6.0,323.64,106.02
4338,2025-05-31,5,5,70.9,0.0,3.7,496.3,163.07
4339,2025-05-31,20,3,24.0,0.0,5.0,156.0,50.4
4340,2025-05-31,6,1,45.9,0.0,7.8,206.55,55.08
4341,2025-05-31,17,1,58.9,0.0,1.6,265.05,70.68
4342,2025-05-31,25,4,68.6,0.0,3.8,397.88,130.34
4343,2025-05-31,24,3,32.0,0.0,9.2,208.0,67.2
4344,2025-05-31,28,4,43.0,0.0,6.8,249.4,81.7
4345,2025-05-31,14,5,90.9,0.0,3.1,636.3,209.07
4346,2025-05-31,16,6,70.7,0.0,5.6,353.5,106.05
4347,2025-05-31,20,1,70.7,7.9,1.7,282.6,84.84
4348,2025-05-31,5,5,61.6,18.6,6.7,301.0,141.68
4349,2025-05-31,3,3,58.4,0.0,2.6,379.6,122.64
4350,2025-05-31,19,2,51.7,0.0,2.4,248.16,72.38
4351,2025-05-31,16,6,78.9,25.0,9.1,269.5,118.35
4352,2025-05-31,13,3,98.2,0.0,6.3,638.3,206.22
4353,2025-05-31,27,4,51.2,0.0,3.3,296.96,97.28
4354,2025-05-31,19,6,39.3,0.0,5.3,196.5,58.95
4355,2025-05-31,16,2,70.8,0.0,4.9,339.84,99.12
4356,2025-05-31,22,1,38.3,0.0,2.5,172.35,45.96
4357,2025-05-31,3,5,49.2,0.0,6.4,344.4,113.16
4358,2025-05-31,4,4,32.8,0.0,9.0,190.24,62.32
4359,2025-05-31,20,3,86.5,0.0,5.2,562.25,181.65
4360,2025-05-31,7,6,86.0,0.0,7.7,430.0,129.0
4361,2025-05-31,25,5,95.7,0.0,7.8,669.9,220.11
4362,2025-05-31,16,6,74.8,0.0,5.5,374.0,112.2
4363,2025-05-31,16,1,59.3,0.0,3.0,266.85,71.16
4364,2025-05-31,25,4,78.4,0.0,7.3,454.72,148.96
4365,2025-06-01,23,6,84.3,0.0,9.5,421.5,126.45
4366,2025-06-01,25,4,48.3,0.0,3.0,280.14,91.77
4367,2025-06-01,15,3,23.2,0.0,3.2,150.8,48.72
4368,2025-06-01,15,6,28.1,0.0,-0.5,140.5,42.15
4369,2025-06-01,30,6,33.6,0.0,7.0,168.0,50.4
4370,2025-06-01,8,3,61.8,0.0,6.8,401.7,129.78
4371,2025-06-01,21,3,40.4,0.0,6.3,262.6,84.84
4372,2025-06-01,12,5,90.4,0.0,10.2,632.8,207.92
4373,2025-06-01,25,1,53.4,0.0,6.4,240.3,64.08
4374,2025-06-01,19,2,92.6,0.0,5.6,444.48,129.64
4375,2025-06-01,6,5,47.7,0.0,6.3,333.9,109.71
4376,2025-06-01,16,1,41.0,0.0,4.9,184.5,49.2
4377,2025-06-01,23,1,96.1,0.0,6.2,432.45,115.32
4378,2025-06-01,4,1,91.3,0.0,4.6,410.85,109.56
4379,2025-06-01,28,4,32.6,0.0,3.9,189.08,61.94
4380,2025-06-01,28,1,77.6,0.0,4.9,349.2,93.12
4381,2025-06-01,4,2,84.1,0.0,6.1,403.68,117.74
4382,2025-06-01,23,6,64.9,0.0,6.7,324.5,97.35
4383,2025-06-01,5,1,44.4,0.0,3.8,199.8,53.28
4384,2025-06-01,6,6,99.2,0.0,5.7,496.0,148.8
4385,2025-06-01,18,2,97.3,0.0,6.0,467.04,136.22
4386,2025-06-01,12,4,95.7,0.0,6.4,555.06,181.83
4387,2025-06-01,7,4,63.2,0.0,3.1,366.56,120.08
4388,2025-06-01,3,3,83.4,0.0,7.5,542.1,175.14
4389,2025-06-01,21,1,34.5,6.7,9.6,125.1,41.4
4390,2025-06-01,15,4,39.3,0.0,4.8,227.94,74.67
4391,2025-06-01,24,2,76.1,0.0,0.1,365.28,106.54
4392,2025-06-01,12,5,67.2,0.0,7.6,470.4,154.56
4393,2025-06-01,3,6,65.8,0.0,9.3,329.0,98.7
4394,2025-06-01,1,5,96.7,0.0,1.3,676.9,222.41
4395,2025-06-01,22,2,24.6,0.0,5.4,118.08,34.44
4396,2025-06-01,13,4,70.6,0.0,5.0,409.48,134.14
4397,2025-06-01,29,5,73.6,0.0,6.5,515.2,169.28
4398,2025-06-01,9,1,29.8,0.0,4.4,134.1,35.76
4399,2025-06-01,19,6,94.2,19.7,6.2,372.5,141.3
4400,2025-06-01,6,2,20.5,0.0,3.5,98.4,28.7
4401,2025-06-01,27,2,95.1,0.0,3.8,456.48,133.14
4402,2025-06-01,21,1,71.4,0.0,8.9,321.3,85.68
4403,2025-06-01,9,3,95.1,0.0,10.4,618.15,199.71
4404,2025-06-01,3,4,38.5,0.0,4.3,223.3,73.15
4405,2025-06-01,21,6,31.1,0.0,8.6,155.5,46.65
4406,2025-06-01,10,6,27.3,0.0,5.0,136.5,40.95
4407,2025-06-01,4,4,85.7,0.0,10.4,497.06,162.83
4408,2025-06-01,10,3,72.0,0.0,3.6,468.0,151.2
4409,2025-06-01,20,2,97.3,0.0,7.9,467.04,136.22
4410,2025-06-01,29,2,82.0,0.0,9.9,393.6,114.8
4411,2025-06-02,5,4,41.7,0.0,5.3,241.86,79.23
4412,2025-06-02,17,4,65.5,0.0,3.5,379.9,124.45
4413,2025-06-02,17,3,52.8,0.0,7.4,343.2,110.88
4414,2025-06-02,23,1,78.7,0.0,5.2,354.15,94.44
4415,2025-06-02,30,6,85.5,0.0,5.7,427.5,128.25
4416,2025-06-02,6,5,25.1,0.0,6.4,175.7,57.73
4417,2025-06-02,3,6,58.9,0.0,4.9,294.5,88.35
4418,2025-06-02,11,5,56.9,0.0,5.7,398.3,130.87
4419,2025-06-02,5,1,44.8,0.0,6.5,201.6,53.76
4420,2025-06-02,2,4,90.9,0.0,6.2,527.22,172.71
4421,2025-06-02,24,3,70.4,0.0,6.2,457.6,147.84
4422,2025-06-02,19,2,40.7,0.0,4.9,195.36,56.98
4423,2025-06-02,20,3,34.3,0.0,5.0,222.95,72.03
4424,2025-06-02,27,5,59.1,0.0,4.4,413.7,135.93
4425,2025-06-02,27,1,67.9,0.0,12.4,305.55,81.48
4426,2025-06-02,18,2,25.7,0.0,10.8,123.36,35.98
4427,2025-06-02,6,3,27.6,0.0,7.8,179.4,57.96
4428,2025-06-02,11,4,52.0,0.0,5.6,301.6,98.8
4429,2025-06-02,4,2,93.4,0.0,1.6,448.32,130.76
4430,2025-06-03,15,3,21.1,0.0,4.7,137.15,44.31
4431,2025-06-03,18,5,69.8,0.0,5.0,488.6,160.54
4432,2025-06-03,18,3,82.6,0.0,10.2,536.9,173.46
4433,2025-06-03,26,1,88.2,0.0,4.6,396.9,105.84
4434,2025-06-03,6,4,81.3,0.0,6.2,471.54,154.47
4435,2025-06-03,22,2,47.3,0.0,12.1,227.04,66.22
4436,2025-06-03,5,4,56.4,0.0,2.8,327.12,107.16
4437,2025-06-03,15,4,79.4,0.0,6.8,460.52,150.86
4438,2025-06-03,4,4,36.4,0.0,5.8,211.12,69.16
4439,2025-06-03,22,6,99.8,0.0,5.6,499.0,149.7
4440,2025-06-03,5,2,84.1,0.0,6.9,403.68,117.74
4441,2025-06-03,18,5,39.7,0.0,5.9,277.9,91.31
4442,2025-06-03,6,3,75.9,0.0,6.5,493.35,159.39
4443,2025-06-03,27,2,70.6,0.0,10.5,338.88,98.84
4444,2025-06-03,11,1,87.1,0.0,4.8,391.95,104.52
4445,2025-06-03,7,6,94.2,0.0,8.9,471.0,141.3
4446,2025-06-03,4,4,33.3,0.0,2.9,193.14,63.27
4447,2025-06-03,28,2,86.0,0.0,5.5,412.8,120.4
4448,2025-06-03,21,3,37.1,0.0,8.1,241.15,77.91
4449,2025-06-03,12,5,54.5,0.0,5.0,381.5,125.35
4450,2025-06-03,30,1,75.4,0.0,5.9,339.3,90.48
4451,2025-06-03,6,1,64.6,0.0,0.2,290.7,77.52
4452,2025-06-03,12,1,51.9,0.0,6.4,233.55,62.28
4453,2025-06-03,5,4,36.0,0.0,7.7,208.8,68.4
4454,2025-06-03,9,2,27.5,0.0,4.7,132.0,38.5
4455,2025-06-03,20,2,85.7,0.0,6.6,411.36,119.98
4456,2025-06-03,17,2,57.4,0.0,9.5,275.52,80.36
4457,2025-06-03,29,6,55.6,0.0,9.0,278.0,83.4
4458,2025-06-04,30,6,36.4,0.0,8.6,182.0,54.6
4459,2025-06-04,18,3,43.7,8.4,9.3,229.45,91.77
4460,2025-06-04,30,1,40.4,0.0,11.7,181.8,48.48
4461,2025-06-04,8,4,50.7,0.0,7.2,294.06,96.33
4462,2025-06-04,24,4,24.2,0.0,7.7,140.36,45.98
4463,2025-06-04,22,2,74.8,0.0,6.4,359.04,104.72
4464,2025-06-04,4,1,65.0,0.0,6.9,292.5,78.0
4465,2025-06-04,25,6,86.0,0.0,8.3,430.0,129.0
4466,2025-06-04,16,5,41.1,0.0,4.6,287.7,94.53
4467,2025-06-04,2,2,55.0,0.0,6.4,264.0,77.0
4468,2025-06-04,21,6,52.1,10.2,10.3,209.5,78.15
4469,2025-06-04,15,4,27.9,0.0,9.0,161.82,53.01
4470,2025-06-04,23,3,24.2,0.0,4.7,157.3,50.82
4471,2025-06-04,4,3,46.2,0.0,6.1,300.3,97.02
4472,2025-06-04,14,1,57.1,0.0,7.3,256.95,68.52
4473,2025-06-04,23,4,92.4,0.0,7.9,535.92,175.56
4474,2025-06-04,14,1,87.6,0.0,8.6,394.2,105.12
4475,2025-06-04,5,5,49.7,0.0,6.2,347.9,114.31
4476,2025-06-04,26,5,47.7,0.0,7.1,333.9,109.71
4477,2025-06-04,9,5,26.2,0.0,4.9,183.4,60.26
4478,2025-06-04,7,2,76.9,0.0,8.9,369.12,107.66
4479,2025-06-04,9,1,65.3,0.0,6.7,293.85,78.36
4480,2025-06-04,10,6,48.2,0.0,6.9,241.0,72.3
4481,2025-06-04,7,6,74.9,0.0,6.2,374.5,112.35
4482,2025-06-04,29,2,31.2,0.0,2.7,149.76,43.68
4483,2025-06-04,4,5,72.8,21.1,3.0,361.9,167.44
4484,2025-06-04,5,5,69.7,23.1,7.7,326.2,160.31
4485,2025-06-04,8,3,68.0,0.0,3.3,442.0,142.8
4486,2025-06-05,4,1,69.2,0.0,11.0,311.4,83.04
4487,2025-06-05,23,4,83.6,0.0,4.0,484.88,158.84
4488,2025-06-05,21,1,70.7,0.0,10.5,318.15,84.84
4489,2025-06-05,3,6,95.4,0.0,7.5,477.0,143.1
4490,2025-06-05,1,2,72.6,0.0,4.3,348.48,101.64
4491,2025-06-05,19,6,80.8,0.0,2.6,404.0,121.2
4492,2025-06-05,25,4,35.1,0.0,3.4,203.58,66.69
4493,2025-06-05,10,3,85.4,0.0,4.3,555.1,179.34
4494,2025-06-05,27,5,86.9,0.0,7.3,608.3,199.87
4495,2025-06-05,18,2,75.3,0.0,4.9,361.44,105.42
4496,2025-06-05,30,1,31.3,0.0,3.3,140.85,37.56
4497,2025-06-05,19,2,94.3,0.0,6.0,452.64,132.02
4498,2025-06-05,17,4,89.4,0.0,4.7,518.52,169.86
4499,2025-06-05,6,4,68.5,0.0,3.9,397.3,130.15
4500,2025-06-05,29,2,99.5,0.0,8.4,477.6,139.3
4501,2025-06-05,12,4,82.1,0.0,1.0,476.18,155.99
4502,2025-06-05,27,1,32.4,7.9,12.1,110.25,38.88
4503,2025-06-05,24,5,34.0,0.0,7.7,238.0,78.2
4504,2025-06-05,5,3,98.1,0.0,10.0,637.65,206.01
4505,2025-06-05,12,3,70.9,0.0,6.9,460.85,148.89
4506,2025-06-05,11,5,60.8,21.1,13.1,277.9,139.84
4507,2025-06-05,2,1,78.3,0.0,1.8,352.35,93.96
4508,2025-06-05,29,3,93.5,0.0,3.0,607.75,196.35
4509,2025-06-05,8,3,26.2,0.0,6.9,170.3,55.02
4510,2025-06-05,6,6,95.1,0.0,2.6,475.5,142.65
4511,2025-06-05,20,2,57.9,0.0,7.7,277.92,81.06
4512,2025-06-05,30,3,53.0,0.0,2.9,344.5,111.3
4513,2025-06-05,9,4,97.6,0.0,7.0,566.08,185.44
4514,2025-06-06,22,6,55.5,0.0,4.5,277.5,83.25
4515,2025-06-06,3,4,67.8,0.0,5.2,393.24,128.82
4516,2025-06-06,16,2,95.8,0.0,8.8,459.84,134.12
4517,2025-06-06,12,2,78.5,0.0,1.8,376.8,109.9
4518,2025-06-06,1,2,47.2,0.0,1.4,226.56,66.08
4519,2025-06-06,22,1,43.2,0.0,4.4,194.4,51.84
4520,2025-06-06,18,3,35.1,0.0,1.5,228.15,73.71
4521,2025-06-06,7,3,93.2,0.0,1.9,605.8,195.72
4522,2025-06-06,13,6,52.9,0.0,2.3,264.5,79.35
4523,2025-06-06,22,3,79.1,0.0,0.6,514.15,166.11
4524,2025-06-06,28,1,47.3,0.0,5.2,212.85,56.76
4525,2025-06-06,13,6,82.7,0.0,4.4,413.5,124.05
4526,2025-06-06,20,4,98.4,0.0,6.9,570.72,186.96
4527,2025-06-06,15,2,20.4,0.0,4.4,97.92,28.56
4528,2025-06-06,6,2,97.2,30.8,10.1,318.72,136.08
4529,2025-06-06,4,1,30.8,0.0,5.5,138.6,36.96
4530,2025-06-06,2,3,45.8,0.0,6.6,297.7,96.18
4531,2025-06-06,11,1,87.8,0.0,6.6,395.1,105.36
4532,2025-06-06,3,3,54.1,0.0,7.1,351.65,113.61
4533,2025-06-06,25,3,94.5,0.0,5.6,614.25,198.45
4534,2025-06-06,30,3,73.4,0.0,5.5,477.1,154.14
4535,2025-06-06,6,1,79.4,0.0,5.4,357.3,95.28
4536,2025-06-06,29,3,62.7,0.0,9.1,407.55,131.67
4537,2025-06-06,25,4,23.5,0.0,5.1,136.3,44.65
4538,2025-06-06,1,1,58.6,0.0,8.4,263.7,70.32
4539,2025-06-06,23,5,69.8,0.0,6.6,488.6,160.54
4540,2025-06-06,16,6,62.0,0.0,6.9,310.0,93.0
4541,2025-06-06,13,3,60.6,0.0,4.2,393.9,127.26
4542,2025-06-06,2,5,87.5,0.0,9.3,612.5,201.25
4543,2025-06-06,23,2,78.2,0.0,6.7,375.36,109.48
4544,2025-06-06,12,6,37.1,0.0,5.3,185.5,55.65
4545,2025-06-06,2,6,54.4,0.0,7.4,272.0,81.6
4546,2025-06-06,20,3,48.8,0.0,2.0,317.2,102.48
4547,2025-06-06,12,1,55.5,0.0,4.7,249.75,66.6
4548,2025-06-06,18,2,51.3,0.0,1.3,246.24,71.82
4549,2025-06-06,25,1,40.9,0.0,6.5,184.05,49.08
4550,2025-06-06,25,1,73.0,0.0,3.7,328.5,87.6
4551,2025-06-06,5,6,23.4,0.0,1.2,117.0,35.1
4552,2025-06-06,11,3,86.7,0.0,8.2,563.55,182.07
4553,2025-06-07,10,6,26.4,0.0,1.9,132.0,39.6
4554,2025-06-07,12,6,83.4,0.0,1.3,417.0,125.1
4555,2025-06-07,15,1,68.2,0.0,3.7,306.9,81.84
4556,2025-06-07,13,4,95.6,0.0,9.6,554.48,181.64
4557,2025-06-07,12,6,31.6,8.8,6.6,114.0,47.4
4558,2025-06-07,2,5,91.4,0.0,4.5,639.8,210.22
4559,2025-06-07,23,5,89.3,0.0,6.9,625.1,205.39
4560,2025-06-07,13,5,38.0,0.0,4.1,266.0,87.4
4561,2025-06-07,24,5,45.9,0.0,4.8,321.3,105.57
4562,2025-06-07,5,1,93.5,0.0,5.4,420.75,112.2
4563,2025-06-07,7,3,42.4,0.0,4.6,275.6,89.04
4564,2025-06-07,20,6,32.8,0.0,7.4,164.0,49.2
4565,2025-06-07,26,4,55.1,0.0,5.8,319.58,104.69
4566,2025-06-07,7,6,21.3,0.0,4.3,106.5,31.95
4567,2025-06-07,4,6,85.6,0.0,4.7,428.0,128.4
4568,2025-06-07,17,5,51.8,0.0,4.6,362.6,119.14
4569,2025-06-07,18,4,50.0,0.0,3.8,290.0,95.0
4570,2025-06-07,19,2,28.7,0.0,5.0,137.76,40.18
4571,2025-06-07,25,6,48.3,0.0,0.0,241.5,72.45
4572,2025-06-07,9,6,43.6,0.0,7.6,218.0,65.4
4573,2025-06-07,14,6,82.4,0.0,6.8,412.0,123.6
4574,2025-06-07,18,6,32.1,0.0,4.8,160.5,48.15
4575,2025-06-07,25,6,28.6,0.0,6.1,143.0,42.9
4576,2025-06-07,28,2,68.8,0.0,-0.3,330.24,96.32
4577,2025-06-07,23,6,97.8,0.0,4.6,489.0,146.7
4578,2025-06-07,23,4,33.9,0.0,4.5,196.62,64.41
4579,2025-06-07,1,2,27.6,0.0,3.9,132.48,38.64
4580,2025-06-07,23,2,36.0,0.0,7.3,172.8,50.4
4581,2025-06-07,16,3,22.1,0.0,5.3,143.65,46.41
4582,2025-06-07,9,2,96.7,0.0,6.8,464.16,135.38
4583,2025-06-07,24,3,75.6,0.0,7.0,491.4,158.76
4584,2025-06-07,24,4,75.7,0.0,5.9,439.06,143.83
4585,2025-06-07,16,3,35.4,0.0,10.3,230.1,74.34
4586,2025-06-07,27,3,48.8,0.0,7.4,317.2,102.48
4587,2025-06-07,14,5,63.7,17.5,4.3,323.4,146.51
4588,2025-06-07,30,1,32.7,0.0,5.7,147.15,39.24
4589,2025-06-07,29,4,33.9,0.0,3.8,196.62,64.41
4590,2025-06-07,5,2,47.3,0.0,7.0,227.04,66.22
4591,2025-06-07,27,4,68.8,0.0,1.8,399.04,130.72
4592,2025-06-08,5,5,33.1,0.0,4.6,231.7,76.13
4593,2025-06-08,30,4,77.4,0.0,5.4,448.92,147.06
4594,2025-06-08,21,3,67.6,0.0,5.3,439.4,141.96
4595,2025-06-08,11,3,26.8,0.0,3.0,174.2,56.28
4596,2025-06-08,6,6,39.3,0.0,3.9,196.5,58.95
4597,2025-06-08,29,4,23.1,0.0,8.0,133.98,43.89
4598,2025-06-08,19,1,31.2,0.0,5.2,140.4,37.44
4599,2025-06-08,4,6,68.8,0.0,7.5,344.0,103.2
4600,2025-06-08,26,6,70.7,0.0,6.7,353.5,106.05
4601,2025-06-08,17,3,41.5,0.0,6.3,269.75,87.15
4602,2025-06-08,2,4,45.0,0.0,3.2,261.0,85.5
4603,2025-06-08,23,1,27.0,0.0,7.5,121.5,32.4
4604,2025-06-08,11,1,79.8,0.0,8.5,359.1,95.76
4605,2025-06-08,21,6,22.2,0.0,1.6,111.0,33.3
4606,2025-06-08,3,3,57.7,0.0,6.8,375.05,121.17
4607,2025-06-08,25,4,20.2,0.0,14.1,117.16,38.38
4608,2025-06-08,13,4,83.8,0.0,3.1,486.04,159.22
4609,2025-06-08,6,5,56.0,0.0,4.4,392.0,128.8
4610,2025-06-08,5,3,66.7,0.0,9.6,433.55,140.07
4611,2025-06-08,25,2,74.8,0.0,5.7,359.04,104.72
4612,2025-06-08,16,3,63.1,0.0,3.5,410.15,132.51
4613,2025-06-08,19,1,30.8,0.0,12.1,138.6,36.96
4614,2025-06-08,23,1,97.9,0.0,7.3,440.55,117.48
4615,2025-06-08,17,1,88.6,0.0,6.7,398.7,106.32
4616,2025-06-08,18,6,54.9,0.0,3.4,274.5,82.35
4617,2025-06-08,15,4,79.0,0.0,4.5,458.2,150.1
4618,2025-06-08,1,2,61.4,0.0,9.0,294.72,85.96
4619,2025-06-08,5,4,39.9,0.0,6.1,231.42,75.81
4620,2025-06-08,1,6,93.8,0.0,8.5,469.0,140.7
4621,2025-06-08,4,4,97.6,0.0,2.9,566.08,185.44
4622,2025-06-08,15,5,93.6,27.4,5.6,463.4,215.28
4623,2025-06-08,17,2,92.8,0.0,9.4,445.44,129.92
4624,2025-06-08,30,5,44.4,0.0,5.6,310.8,102.12
4625,2025-06-08,29,3,28.5,0.0,7.6,185.25,59.85
4626,2025-06-08,5,4,68.7,0.0,5.5,398.46,130.53
4627,2025-06-08,26,4,38.2,0.0,4.3,221.56,72.58
4628,2025-06-08,19,3,96.0,0.0,4.8,624.0,201.6
4629,2025-06-09,13,5,28.1,0.0,8.3,196.7,64.63
4630,2025-06-09,10,6,54.1,0.0,2.4,270.5,81.15
4631,2025-06-09,17,4,90.8,0.0,8.9,526.64,172.52
4632,2025-06-09,15,1,21.2,0.0,9.2,95.4,25.44
4633,2025-06-09,26,4,22.7,0.0,10.9,131.66,43.13
4634,2025-06-09,15,4,75.0,0.0,7.9,435.0,142.5
4635,2025-06-09,18,1,66.3,0.0,4.4,298.35,79.56
4636,2025-06-09,5,1,31.6,0.0,8.7,142.2,37.92
4637,2025-06-09,7,5,61.1,0.0,6.1,427.7,140.53
4638,2025-06-09,19,2,43.5,0.0,4.6,208.8,60.9
4639,2025-06-09,13,5,39.0,0.0,6.5,273.0,89.7
4640,2025-06-09,20,5,36.8,0.0,4.2,257.6,84.64
4641,2025-06-09,26,1,78.4,0.0,7.8,352.8,94.08
4642,2025-06-09,14,2,63.1,0.0,8.2,302.88,88.34
4643,2025-06-09,12,2,63.7,0.0,7.5,305.76,89.18
4644,2025-06-09,14,1,52.3,0.0,10.1,235.35,62.76
4645,2025-06-09,7,6,29.7,0.0,5.1,148.5,44.55
4646,2025-06-09,17,5,77.9,0.0,6.2,545.3,179.17
4647,2025-06-09,8,1,57.6,0.0,5.6,259.2,69.12
4648,2025-06-09,22,4,30.5,0.0,4.6,176.9,57.95
4649,2025-06-09,18,5,64.6,0.0,12.2,452.2,148.58
4650,2025-06-09,2,5,48.6,0.0,4.7,340.2,111.78
4651,2025-06-09,13,6,58.9,0.0,5.8,294.5,88.35
4652,2025-06-09,29,2,28.1,0.0,4.6,134.88,39.34
4653,2025-06-09,20,2,84.8,0.0,5.8,407.04,118.72
4654,2025-06-09,14,6,32.4,0.0,5.9,162.0,48.6
4655,2025-06-09,21,2,40.7,0.0,8.4,195.36,56.98
4656,2025-06-09,17,3,24.9,7.7,9.7,111.8,52.29
4657,2025-06-09,10,2,28.9,0.0,7.8,138.72,40.46
4658,2025-06-09,25,5,49.9,0.0,6.9,349.3,114.77
4659,2025-06-09,10,2,57.9,0.0,5.2,277.92,81.06
4660,2025-06-09,7,5,93.6,0.0,7.1,655.2,215.28
4661,2025-06-09,3,5,81.3,0.0,6.0,569.1,186.99
4662,2025-06-09,29,1,90.7,0.0,6.9,408.15,108.84
4663,2025-06-10,28,3,89.0,0.0,2.5,578.5,186.9
4664,2025-06-10,22,1,56.6,0.0,9.1,254.7,67.92
4665,2025-06-10,21,4,79.1,0.0,8.1,458.78,150.29
4666,2025-06-10,7,6,36.4,0.0,7.1,182.0,54.6
4667,2025-06-10,9,2,42.2,0.0,7.3,202.56,59.08
4668,2025-06-10,3,5,99.2,0.0,6.6,694.4,228.16
4669,2025-06-10,13,4,90.3,0.0,9.2,523.74,171.57
4670,2025-06-10,13,6,72.4,0.0,3.5,362.0,108.6
4671,2025-06-10,3,5,98.4,0.0,7.1,688.8,226.32
4672,2025-06-10,3,4,98.7,0.0,8.6,572.46,187.53
4673,2025-06-10,21,2,44.3,0.0,6.5,212.64,62.02
4674,2025-06-10,30,3,36.3,0.0,7.8,235.95,76.23
4675,2025-06-10,9,5,69.5,0.0,2.6,486.5,159.85
4676,2025-06-10,20,1,26.6,9.1,3.6,78.75,31.92
4677,2025-06-10,23,2,39.1,0.0,3.8,187.68,54.74
4678,2025-06-10,14,5,34.6,0.0,2.1,242.2,79.58
4679,2025-06-10,28,4,26.5,0.0,5.7,153.7,50.35
4680,2025-06-10,24,5,51.2,0.0,5.5,358.4,117.76
4681,2025-06-11,10,5,45.7,0.0,10.1,319.9,105.11
4682,2025-06-11,28,1,23.3,0.0,7.2,104.85,27.96
4683,2025-06-11,13,2,39.3,0.0,-3.3,188.64,55.02
4684,2025-06-11,28,4,68.7,0.0,6.0,398.46,130.53
4685,2025-06-11,27,1,82.7,0.0,4.9,372.15,99.24
4686,2025-06-11,8,4,89.4,0.0,4.9,518.52,169.86
4687,2025-06-11,7,6,67.7,0.0,3.1,338.5,101.55
4688,2025-06-11,8,2,31.7,0.0,8.7,152.16,44.38
4689,2025-06-11,16,2,43.9,0.0,7.3,210.72,61.46
4690,2025-06-11,5,5,31.2,0.0,4.5,218.4,71.76
4691,2025-06-11,17,4,58.5,0.0,3.9,339.3,111.15
4692,2025-06-11,20,5,36.3,0.0,4.1,254.1,83.49
4693,2025-06-11,12,5,31.5,0.0,8.8,220.5,72.45
4694,2025-06-11,8,5,71.0,0.0,7.3,497.0,163.3
4695,2025-06-11,23,6,99.7,0.0,13.7,498.5,149.55
4696,2025-06-11,28,6,81.8,0.0,8.3,409.0,122.7
4697,2025-06-11,11,4,64.8,0.0,8.7,375.84,123.12
4698,2025-06-12,24,6,85.9,0.0,4.7,429.5,128.85
4699,2025-06-12,28,4,47.4,0.0,2.1,274.92,90.06
4700,2025-06-12,2,3,69.8,0.0,3.1,453.7,146.58
4701,2025-06-12,4,3,91.5,0.0,3.5,594.75,192.15
4702,2025-06-12,13,6,73.6,0.0,6.6,368.0,110.4
4703,2025-06-12,1,5,40.1,0.0,2.9,280.7,92.23
4704,2025-06-12,22,1,98.5,0.0,6.2,443.25,118.2
4705,2025-06-12,6,2,89.7,0.0,1.7,430.56,125.58
4706,2025-06-12,26,4,70.0,0.0,11.6,406.0,133.0
4707,2025-06-12,29,4,77.1,0.0,2.9,447.18,146.49
4708,2025-06-12,10,2,90.7,0.0,8.5,435.36,126.98
4709,2025-06-12,10,1,38.4,0.0,5.3,172.8,46.08
4710,2025-06-12,18,2,20.6,0.0,4.1,98.88,28.84
4711,2025-06-12,5,3,53.7,0.0,6.1,349.05,112.77
4712,2025-06-12,24,1,64.0,0.0,5.5,288.0,76.8
4713,2025-06-12,18,5,23.0,0.0,10.2,161.0,52.9
4714,2025-06-13,7,6,43.9,0.0,3.8,219.5,65.85
4715,2025-06-13,21,4,43.1,14.5,11.6,165.88,81.89
4716,2025-06-13,21,3,23.1,0.0,6.5,150.15,48.51
4717,2025-06-13,1,6,46.4,0.0,7.4,232.0,69.6
4718,2025-06-13,29,1,28.1,0.0,5.5,126.45,33.72
4719,2025-06-13,2,2,80.6,0.0,-1.3,386.88,112.84
4720,2025-06-13,10,6,34.0,0.0,2.2,170.0,51.0
4721,2025-06-13,24,1,78.0,0.0,0.2,351.0,93.6
4722,2025-06-13,7,2,54.5,0.0,6.8,261.6,76.3
4723,2025-06-13,30,4,89.8,0.0,6.0,520.84,170.62
4724,2025-06-13,22,6,76.5,0.0,8.0,382.5,114.75
4725,2025-06-13,24,6,22.8,0.0,6.9,114.0,34.2
4726,2025-06-13,23,1,72.3,0.0,5.3,325.35,86.76
4727,2025-06-13,7,3,31.3,0.0,5.5,203.45,65.73
4728,2025-06-13,1,1,81.1,0.0,6.3,364.95,97.32
4729,2025-06-13,13,6,31.8,0.0,9.7,159.0,47.7
4730,2025-06-13,4,5,54.2,0.0,3.2,379.4,124.66
4731,2025-06-13,3,5,72.0,0.0,6.5,504.0,165.6
4732,2025-06-13,10,6,49.4,0.0,9.6,247.0,74.1
4733,2025-06-13,3,5,76.9,0.0,5.3,538.3,176.87
4734,2025-06-13,5,4,71.4,0.0,3.4,414.12,135.66
4735,2025-06-13,9,1,56.0,0.0,3.5,252.0,67.2
4736,2025-06-13,29,5,72.2,0.0,7.1,505.4,166.06
4737,2025-06-13,6,1,89.4,0.0,8.8,402.3,107.28
4738,2025-06-13,10,6,99.6,0.0,8.2,498.0,149.4
4739,2025-06-13,9,2,30.2,0.0,5.8,144.96,42.28
4740,2025-06-13,10,5,37.0,0.0,9.7,259.0,85.1
4741,2025-06-13,25,2,53.0,0.0,9.5,254.4,74.2
4742,2025-06-13,14,4,32.2,0.0,2.7,186.76,61.18
4743,2025-06-13,28,6,46.1,0.0,6.3,230.5,69.15
4744,2025-06-13,4,6,56.4,0.0,-0.4,282.0,84.6
4745,2025-06-13,24,3,25.8,0.0,9.9,167.7,54.18
4746,2025-06-13,12,5,43.7,0.0,9.8,305.9,100.51
4747,2025-06-13,12,3,30.3,0.0,5.3,196.95,63.63
4748,2025-06-13,9,5,24.9,0.0,6.8,174.3,57.27
4749,2025-06-13,7,2,76.3,0.0,7.3,366.24,106.82
4750,2025-06-13,11,3,23.0,0.0,7.3,149.5,48.3
4751,2025-06-13,8,1,44.0,0.0,3.2,198.0,52.8
4752,2025-06-13,11,1,38.5,0.0,6.3,173.25,46.2
4753,2025-06-13,22,3,91.3,0.0,7.8,593.45,191.73
4754,2025-06-13,25,4,97.2,0.0,6.1,563.76,184.68
4755,2025-06-13,28,5,50.7,0.0,5.9,354.9,116.61
4756,2025-06-14,2,6,64.1,0.0,0.6,320.5,96.15
4757,2025-06-14,16,4,91.5,0.0,5.7,530.7,173.85
4758,2025-06-14,1,1,76.8,0.0,4.9,345.6,92.16
4759,2025-06-14,10,3,37.7,0.0,5.2,245.05,79.17
4760,2025-06-14,1,3,48.6,0.0,3.2,315.9,102.06
4761,2025-06-14,20,5,66.1,0.0,8.6,462.7,152.03
4762,2025-06-14,9,2,99.3,0.0,9.0,476.64,139.02
4763,2025-06-14,23,4,56.9,0.0,3.1,330.02,108.11
4764,2025-06-14,5,4,74.1,0.0,7.6,429.78,140.79
4765,2025-06-14,19,2,90.2,0.0,1.8,432.96,126.28
4766,2025-06-14,28,1,31.0,0.0,8.3,139.5,37.2
4767,2025-06-14,14,1,49.5,0.0,7.4,222.75,59.4
4768,2025-06-14,13,5,74.5,0.0,6.0,521.5,171.35
4769,2025-06-14,3,6,58.6,0.0,6.1,293.0,87.9
4770,2025-06-14,3,4,21.7,0.0,6.3,125.86,41.23
4771,2025-06-14,3,1,97.5,0.0,7.1,438.75,117.0
4772,2025-06-14,18,6,24.9,0.0,6.6,124.5,37.35
4773,2025-06-14,14,2,73.8,0.0,8.1,354.24,103.32
4774,2025-06-14,26,6,71.3,0.0,1.2,356.5,106.95
4775,2025-06-14,26,4,68.9,0.0,7.3,399.62,130.91
4776,2025-06-14,4,1,22.5,0.0,5.7,101.25,27.0
4777,2025-06-14,27,1,75.3,0.0,4.5,338.85,90.36
4778,2025-06-14,13,3,52.2,0.0,3.2,339.3,109.62
4779,2025-06-14,26,2,82.7,0.0,3.1,396.96,115.78
4780,2025-06-14,19,4,83.3,0.0,5.3,483.14,158.27
4781,2025-06-14,21,1,60.0,0.0,6.3,270.0,72.0
4782,2025-06-14,18,1,45.3,0.0,4.3,203.85,54.36
4783,2025-06-14,11,4,68.7,0.0,5.2,398.46,130.53
4784,2025-06-14,7,3,87.6,0.0,8.5,569.4,183.96
4785,2025-06-14,20,5,63.5,13.3,2.9,351.4,146.05
4786,2025-06-14,5,3,30.9,0.0,6.0,200.85,64.89
4787,2025-06-14,25,4,88.4,0.0,5.6,512.72,167.96
4788,2025-06-14,19,5,97.3,0.0,2.5,681.1,223.79
4789,2025-06-14,5,2,39.0,0.0,8.8,187.2,54.6
4790,2025-06-14,5,3,43.5,0.0,3.1,282.75,91.35
4791,2025-06-14,15,1,40.5,0.0,6.1,182.25,48.6
4792,2025-06-14,20,2,90.6,0.0,3.1,434.88,126.84
4793,2025-06-14,24,1,87.1,0.0,7.2,391.95,104.52
4794,2025-06-14,4,2,59.2,0.0,5.9,284.16,82.88
4795,2025-06-14,11,4,73.5,0.0,7.4,426.3,139.65
4796,2025-06-14,4,5,98.9,0.0,4.5,692.3,227.47
4797,2025-06-14,7,5,20.5,0.0,8.2,143.5,47.15
4798,2025-06-14,18,6,43.6,0.0,6.1,218.0,65.4
4799,2025-06-14,6,2,41.1,0.0,4.6,197.28,57.54
4800,2025-06-14,27,5,44.6,0.0,1.3,312.2,102.58
4801,2025-06-14,9,3,56.3,0.0,5.0,365.95,118.23
4802,2025-06-14,30,6,27.2,0.0,5.2,136.0,40.8
4803,2025-06-14,19,3,67.7,0.0,9.0,440.05,142.17
4804,2025-06-14,25,2,21.7,0.0,7.2,104.16,30.38
4805,2025-06-15,20,1,41.2,0.0,12.7,185.4,49.44
4806,2025-06-15,3,3,94.7,23.1,9.1,465.4,198.87
4807,2025-06-15,12,5,58.4,0.0,3.5,408.8,134.32
4808,2025-06-15,30,6,55.4,0.0,7.1,277.0,83.1
4809,2025-06-15,19,3,30.8,0.0,6.4,200.2,64.68
4810,2025-06-15,7,3,31.6,0.0,4.3,205.4,66.36
4811,2025-06-15,18,6,33.9,0.0,5.0,169.5,50.85
4812,2025-06-15,16,6,54.0,0.0,6.2,270.0,81.0
4813,2025-06-15,18,6,21.0,0.0,6.0,105.0,31.5
4814,2025-06-15,28,3,21.8,0.0,3.3,141.7,45.78
4815,2025-06-15,28,5,39.4,0.0,2.5,275.8,90.62
4816,2025-06-15,8,4,42.0,0.0,8.4,243.6,79.8
4817,2025-06-15,1,5,32.7,0.0,4.8,228.9,75.21
4818,2025-06-15,17,3,99.6,0.0,6.0,647.4,209.16
4819,2025-06-15,5,4,31.7,7.9,9.3,138.04,60.23
4820,2025-06-15,11,2,46.8,0.0,8.1,224.64,65.52
4821,2025-06-15,29,1,31.5,0.0,7.6,141.75,37.8
4822,2025-06-15,18,2,86.4,0.0,6.3,414.72,120.96
4823,2025-06-15,5,3,84.3,0.0,1.3,547.95,177.03
4824,2025-06-15,5,1,95.7,0.0,6.9,430.65,114.84
4825,2025-06-15,27,1,91.7,0.0,4.3,412.65,110.04
4826,2025-06-15,23,4,37.0,0.0,9.7,214.6,70.3
4827,2025-06-15,25,4,47.6,0.0,3.7,276.08,90.44
4828,2025-06-15,1,2,78.7,0.0,6.6,377.76,110.18
4829,2025-06-15,15,6,75.2,0.0,5.0,376.0,112.8
4830,2025-06-15,12,4,55.4,0.0,4.6,321.32,105.26
4831,2025-06-15,12,6,32.4,0.0,6.0,162.0,48.6
4832,2025-06-15,24,1,69.1,0.0,7.2,310.95,82.92
4833,2025-06-15,19,3,60.7,0.0,0.4,394.55,127.47
4834,2025-06-15,1,6,86.8,0.0,6.6,434.0,130.2
4835,2025-06-15,3,6,24.2,0.0,7.3,121.0,36.3
4836,2025-06-15,25,2,33.9,0.0,4.7,162.72,47.46
4837,2025-06-15,30,4,64.2,0.0,6.0,372.36,121.98
4838,2025-06-15,22,2,77.2,0.0,5.7,370.56,108.08
4839,2025-06-15,15,3,35.3,0.0,7.3,229.45,74.13
4840,2025-06-15,19,6,64.6,0.0,8.4,323.0,96.9
4841,2025-06-15,27,3,54.8,0.0,-0.0,356.2,115.08
4842,2025-06-16,23,6,25.7,0.0,5.6,128.5,38.55
4843,2025-06-16,20,5,49.3,0.0,6.0,345.1,113.39
4844,2025-06-16,30,2,48.8,0.0,5.5,234.24,68.32
4845,2025-06-16,23,3,42.4,0.0,4.2,275.6,89.04
4846,2025-06-16,1,3,83.1,0.0,5.5,540.15,174.51
4847,2025-06-16,24,6,64.1,10.3,10.3,269.0,96.15
4848,2025-06-16,4,1,96.3,0.0,7.7,433.35,115.56
4849,2025-06-16,20,5,52.3,0.0,6.1,366.1,120.29
4850,2025-06-16,27,4,87.0,0.0,7.6,504.6,165.3
4851,2025-06-16,8,1,88.2,0.0,7.2,396.9,105.84
4852,2025-06-16,28,5,22.9,0.0,5.6,160.3,52.67
4853,2025-06-16,14,1,98.4,0.0,9.4,442.8,118.08
4854,2025-06-16,26,6,48.9,0.0,4.7,244.5,73.35
4855,2025-06-16,4,1,29.6,0.0,2.0,133.2,35.52
4856,2025-06-16,10,1,45.4,0.0,6.2,204.3,54.48
4857,2025-06-16,24,4,76.4,0.0,6.6,443.12,145.16
4858,2025-06-16,11,3,35.0,0.0,7.4,227.5,73.5
4859,2025-06-16,27,1,28.2,0.0,9.2,126.9,33.84
4860,2025-06-16,13,3,69.2,0.0,4.7,449.8,145.32
4861,2025-06-17,1,6,27.5,0.0,4.0,137.5,41.25
4862,2025-06-17,25,3,42.5,0.0,6.3,276.25,89.25
4863,2025-06-17,24,3,84.2,0.0,2.8,547.3,176.82
4864,2025-06-17,6,2,96.5,0.0,6.8,463.2,135.1
4865,2025-06-17,15,1,56.1,0.0,5.1,252.45,67.32
4866,2025-06-17,12,3,72.0,0.0,6.9,468.0,151.2
4867,2025-06-17,22,5,72.3,0.0,6.8,506.1,166.29
4868,2025-06-17,13,6,72.1,0.0,9.8,360.5,108.15
4869,2025-06-17,17,5,48.3,0.0,1.9,338.1,111.09
4870,2025-06-17,6,1,53.5,0.0,1.6,240.75,64.2
4871,2025-06-17,3,6,58.1,0.0,5.7,290.5,87.15
4872,2025-06-17,25,4,65.0,0.0,3.0,377.0,123.5
4873,2025-06-17,1,6,39.0,0.0,2.1,195.0,58.5
4874,2025-06-17,8,2,58.3,0.0,5.5,279.84,81.62
4875,2025-06-17,25,3,81.1,0.0,6.0,527.15,170.31
4876,2025-06-18,13,2,34.8,0.0,3.4,167.04,48.72
4877,2025-06-18,3,5,27.8,0.0,7.3,194.6,63.94
4878,2025-06-18,14,3,81.7,0.0,5.9,531.05,171.57
4879,2025-06-18,8,6,72.2,0.0,5.3,361.0,108.3
4880,2025-06-18,28,6,53.4,0.0,6.2,267.0,80.1
4881,2025-06-18,7,6,89.7,0.0,7.3,448.5,134.55
4882,2025-06-18,17,4,78.4,0.0,4.6,454.72,148.96
4883,2025-06-18,22,6,53.7,0.0,8.4,268.5,80.55
4884,2025-06-18,25,6,55.8,0.0,5.4,279.0,83.7
4885,2025-06-18,5,3,47.2,0.0,5.7,306.8,99.12
4886,2025-06-18,10,5,71.7,0.0,5.3,501.9,164.91
4887,2025-06-18,8,5,58.1,15.7,10.5,296.8,133.63
4888,2025-06-18,27,4,71.1,0.0,4.2,412.38,135.09
4889,2025-06-18,14,5,60.8,0.0,1.0,425.6,139.84
4890,2025-06-18,24,3,43.3,0.0,5.6,281.45,90.93
4891,2025-06-18,18,1,22.8,0.0,6.4,102.6,27.36
4892,2025-06-18,9,4,27.9,0.0,5.8,161.82,53.01
4893,2025-06-18,30,2,59.5,0.0,6.9,285.6,83.3
4894,2025-06-18,14,4,61.1,0.0,7.8,354.38,116.09
4895,2025-06-18,5,4,68.7,0.0,4.1,398.46,130.53
4896,2025-06-18,3,2,43.4,0.0,4.7,208.32,60.76
4897,2025-06-18,13,2,51.8,0.0,8.5,248.64,72.52
4898,2025-06-18,25,3,51.4,0.0,8.7,334.1,107.94
4899,2025-06-18,24,3,95.0,0.0,6.0,617.5,199.5
4900,2025-06-18,1,1,82.3,0.0,8.2,370.35,98.76
4901,2025-06-18,1,1,47.3,0.0,0.8,212.85,56.76
4902,2025-06-19,26,5,44.4,0.0,5.9,310.8,102.12
4903,2025-06-19,2,1,40.4,0.0,5.7,181.8,48.48
4904,2025-06-19,10,2,37.7,0.0,7.2,180.96,52.78
4905,2025-06-19,16,5,84.4,0.0,5.5,590.8,194.12
4906,2025-06-19,14,2,38.4,0.0,4.9,184.32,53.76
4907,2025-06-19,4,6,80.6,0.0,5.5,403.0,120.9
4908,2025-06-19,12,2,45.4,0.0,7.6,217.92,63.56
4909,2025-06-19,9,3,47.2,0.0,7.8,306.8,99.12
4910,2025-06-19,3,5,98.0,30.1,6.1,475.3,225.4
4911,2025-06-19,17,1,93.8,0.0,6.3,422.1,112.56
4912,2025-06-19,22,1,31.7,0.0,4.2,142.65,38.04
4913,2025-06-19,5,6,23.6,0.0,5.5,118.0,35.4
4914,2025-06-19,13,6,82.5,0.0,2.3,412.5,123.75
4915,2025-06-19,9,6,68.4,0.0,3.2,342.0,102.6
4916,2025-06-19,12,2,35.9,0.0,5.9,172.32,50.26
4917,2025-06-19,7,3,70.9,0.0,5.6,460.85,148.89
4918,2025-06-19,17,3,51.7,0.0,2.9,336.05,108.57
4919,2025-06-20,5,1,86.5,0.0,5.5,389.25,103.8
4920,2025-06-20,23,3,42.5,0.0,4.7,276.25,89.25
4921,2025-06-20,10,1,48.8,0.0,5.6,219.6,58.56
4922,2025-06-20,12,2,98.5,0.0,7.1,472.8,137.9
4923,2025-06-20,11,3,80.1,0.0,10.1,520.65,168.21
4924,2025-06-20,13,1,84.9,0.0,6.8,382.05,101.88
4925,2025-06-20,3,5,87.3,0.0,3.3,611.1,200.79
4926,2025-06-20,11,5,88.5,0.0,6.6,619.5,203.55
4927,2025-06-20,13,2,90.1,0.0,5.8,432.48,126.14
4928,2025-06-20,6,5,24.8,0.0,8.0,173.6,57.04
4929,2025-06-20,18,3,89.7,0.0,7.2,583.05,188.37
4930,2025-06-20,27,4,75.6,0.0,2.7,438.48,143.64
4931,2025-06-20,5,2,71.6,0.0,5.7,343.68,100.24
4932,2025-06-20,7,3,96.0,0.0,1.3,624.0,201.6
4933,2025-06-20,30,3,83.0,0.0,0.9,539.5,174.3
4934,2025-06-20,7,5,69.2,0.0,4.2,484.4,159.16
4935,2025-06-20,3,4,61.4,0.0,8.9,356.12,116.66
4936,2025-06-20,12,1,64.5,0.0,6.0,290.25,77.4
4937,2025-06-20,7,4,73.9,0.0,4.1,428.62,140.41
4938,2025-06-20,16,6,47.6,0.0,8.5,238.0,71.4
4939,2025-06-20,2,5,81.4,0.0,4.9,569.8,187.22
4940,2025-06-20,9,3,84.4,0.0,4.0,548.6,177.24
4941,2025-06-20,3,4,99.3,0.0,3.4,575.94,188.67
4942,2025-06-20,9,1,30.8,0.0,3.2,138.6,36.96
4943,2025-06-20,24,5,26.1,0.0,4.0,182.7,60.03
4944,2025-06-20,9,3,50.3,0.0,7.3,326.95,105.63
4945,2025-06-20,25,6,81.4,0.0,5.1,407.0,122.1
4946,2025-06-20,21,4,60.1,0.0,3.1,348.58,114.19
4947,2025-06-20,5,3,45.1,0.0,6.1,293.15,94.71
4948,2025-06-20,24,2,77.6,0.0,5.5,372.48,108.64
4949,2025-06-20,28,6,98.1,0.0,4.0,490.5,147.15
4950,2025-06-20,15,3,84.2,0.0,4.2,547.3,176.82
4951,2025-06-20,14,1,95.6,0.0,4.3,430.2,114.72
4952,2025-06-20,16,1,95.5,0.0,4.9,429.75,114.6
4953,2025-06-20,13,6,86.0,0.0,5.4,430.0,129.0
4954,2025-06-20,6,5,29.4,0.0,7.9,205.8,67.62
4955,2025-06-20,10,5,52.0,0.0,10.3,364.0,119.6
4956,2025-06-20,16,4,89.8,0.0,4.0,520.84,170.62
4957,2025-06-20,27,6,85.8,0.0,5.1,429.0,128.7
4958,2025-06-20,1,6,27.1,0.0,7.9,135.5,40.65
4959,2025-06-20,18,5,35.7,0.0,9.8,249.9,82.11
4960,2025-06-20,16,6,83.3,0.0,3.7,416.5,124.95
4961,2025-06-20,17,5,40.5,0.0,4.5,283.5,93.15
4962,2025-06-20,15,4,27.6,0.0,0.3,160.08,52.44
4963,2025-06-20,28,4,81.4,0.0,9.7,472.12,154.66
4964,2025-06-21,26,5,94.0,24.5,7.9,486.5,216.2
4965,2025-06-21,28,1,44.9,0.0,9.0,202.05,53.88
4966,2025-06-21,26,6,50.4,0.0,8.1,252.0,75.6
4967,2025-06-21,28,5,39.9,0.0,3.3,279.3,91.77
4968,2025-06-21,7,2,91.8,26.8,3.1,312.0,128.52
4969,2025-06-21,1,1,81.7,0.0,5.2,367.65,98.04
4970,2025-06-21,27,2,48.1,0.0,6.8,230.88,67.34
4971,2025-06-21,29,2,58.6,0.0,6.0,281.28,82.04
4972,2025-06-21,17,2,66.5,0.0,8.2,319.2,93.1
4973,2025-06-21,18,3,69.3,0.0,9.8,450.45,145.53
4974,2025-06-21,24,6,81.3,0.0,2.5,406.5,121.95
4975,2025-06-21,11,4,67.1,0.0,6.9,389.18,127.49
4976,2025-06-21,2,5,96.7,0.0,2.6,676.9,222.41
4977,2025-06-21,27,5,96.7,0.0,4.2,676.9,222.41
4978,2025-06-21,30,2,25.4,0.0,3.6,121.92,35.56
4979,2025-06-21,16,2,63.2,0.0,7.4,303.36,88.48
4980,2025-06-21,23,1,92.4,0.0,8.0,415.8,110.88
4981,2025-06-21,13,5,58.2,0.0,6.7,407.4,133.86
4982,2025-06-21,23,5,80.1,0.0,5.1,560.7,184.23
4983,2025-06-21,22,2,98.5,0.0,11.9,472.8,137.9
4984,2025-06-21,14,4,33.6,0.0,8.5,194.88,63.84
4985,2025-06-21,15,3,36.4,0.0,5.7,236.6,76.44
4986,2025-06-21,8,1,71.0,0.0,5.7,319.5,85.2
4987,2025-06-21,10,6,62.8,11.4,9.4,257.0,94.2
4988,2025-06-21,20,3,76.3,0.0,8.2,495.95,160.23
4989,2025-06-21,1,6,40.2,0.0,7.3,201.0,60.3
4990,2025-06-21,15,6,44.6,0.0,6.8,223.0,66.9
4991,2025-06-21,25,5,63.4,0.0,8.0,443.8,145.82
4992,2025-06-21,25,1,91.4,0.0,4.6,411.3,109.68
4993,2025-06-21,13,4,83.4,0.0,7.8,483.72,158.46
4994,2025-06-21,8,3,23.6,0.0,8.1,153.4,49.56
4995,2025-06-21,30,4,87.6,0.0,10.1,508.08,166.44
4996,2025-06-21,29,6,26.0,0.0,9.4,130.0,39.0
4997,2025-06-21,20,2,56.6,0.0,9.6,271.68,79.24
4998,2025-06-21,18,6,86.2,0.0,0.5,431.0,129.3
4999,2025-06-21,23,4,43.3,0.0,1.2,251.14,82.27
5000,2025-06-21,6,1,76.6,0.0,8.9,344.7,91.92
5001,2025-06-22,17,2,34.8,0.0,6.0,167.04,48.72
5002,2025-06-22,29,1,34.7,0.0,5.3,156.15,41.64
5003,2025-06-22,25,2,92.0,0.0,7.8,441.6,128.8
5004,2025-06-22,5,6,77.4,0.0,3.4,387.0,116.1
5005,2025-06-22,21,6,32.5,0.0,5.8,162.5,48.75
5006,2025-06-22,13,5,96.8,0.0,4.7,677.6,222.64
5007,2025-06-22,28,2,79.4,0.0,8.1,381.12,111.16
5008,2025-06-22,27,3,98.0,0.0,6.0,637.0,205.8
5009,2025-06-22,6,5,85.2,0.0,8.4,596.4,195.96
5010,2025-06-22,22,2,66.5,0.0,7.4,319.2,93.1
5011,2025-06-22,30,3,33.7,0.0,4.9,219.05,70.77
5012,2025-06-22,29,3,42.8,0.0,5.7,278.2,89.88
5013,2025-06-22,20,1,34.7,0.0,7.2,156.15,41.64
5014,2025-06-22,13,6,56.3,0.0,7.5,281.5,84.45
5015,2025-06-22,6,1,44.6,0.0,4.7,200.7,53.52
5016,2025-06-22,29,6,47.5,0.0,12.4,237.5,71.25
5017,2025-06-22,8,1,54.1,0.0,8.1,243.45,64.92
5018,2025-06-22,11,6,63.9,0.0,6.3,319.5,95.85
5019,2025-06-22,23,6,29.6,0.0,3.9,148.0,44.4
5020,2025-06-22,5,4,31.9,0.0,8.2,185.02,60.61
5021,2025-06-22,24,3,21.2,0.0,9.5,137.8,44.52
5022,2025-06-22,26,4,37.9,0.0,6.9,219.82,72.01
5023,2025-06-22,27,3,37.1,0.0,6.3,241.15,77.91
5024,2025-06-22,12,2,49.5,0.0,7.5,237.6,69.3
5025,2025-06-22,21,3,36.8,10.0,8.5,174.2,77.28
5026,2025-06-22,2,2,29.6,0.0,5.3,142.08,41.44
5027,2025-06-22,10,6,87.4,0.0,3.4,437.0,131.1
5028,2025-06-23,6,2,73.1,10.5,10.3,300.48,102.34
5029,2025-06-23,12,5,46.6,0.0,8.6,326.2,107.18
5030,2025-06-23,7,1,70.6,0.0,6.0,317.7,84.72
5031,2025-06-23,12,1,97.3,0.0,8.7,437.85,116.76
5032,2025-06-23,1,4,43.6,0.0,3.6,252.88,82.84
5033,2025-06-23,4,1,65.1,0.0,5.0,292.95,78.12
5034,2025-06-23,25,1,51.7,0.0,4.9,232.65,62.04
5035,2025-06-23,14,1,71.5,0.0,10.1,321.75,85.8
5036,2025-06-23,6,5,26.4,0.0,9.1,184.8,60.72
5037,2025-06-23,8,3,56.2,0.0,4.3,365.3,118.02
5038,2025-06-23,22,5,62.5,0.0,9.2,437.5,143.75
5039,2025-06-23,18,3,84.9,0.0,7.7,551.85,178.29
5040,2025-06-23,15,1,93.2,0.0,6.6,419.4,111.84
5041,2025-06-23,19,2,60.3,0.0,6.1,289.44,84.42
5042,2025-06-23,28,3,50.2,0.0,5.9,326.3,105.42
5043,2025-06-23,21,2,78.9,0.0,8.1,378.72,110.46
5044,2025-06-24,5,2,75.0,0.0,2.7,360.0,105.0
5045,2025-06-24,26,1,54.2,20.9,10.3,149.85,65.04
5046,2025-06-24,6,6,28.8,0.0,6.9,144.0,43.2
5047,2025-06-24,28,2,36.0,0.0,6.3,172.8,50.4
5048,2025-06-24,8,1,94.1,0.0,7.6,423.45,112.92
5049,2025-06-24,18,4,97.1,0.0,7.7,563.18,184.49
5050,2025-06-24,11,3,79.4,0.0,6.5,516.1,166.74
5051,2025-06-24,24,1,75.7,0.0,4.9,340.65,90.84
5052,2025-06-24,14,1,54.9,0.0,9.4,247.05,65.88
5053,2025-06-24,21,2,35.6,0.0,3.5,170.88,49.84
5054,2025-06-24,12,3,85.1,0.0,3.9,553.15,178.71
5055,2025-06-24,22,4,78.1,0.0,6.8,452.98,148.39
5056,2025-06-24,11,2,62.0,6.9,9.4,264.48,86.8
5057,2025-06-24,18,1,38.6,0.0,5.3,173.7,46.32
5058,2025-06-24,13,3,94.4,0.0,3.7,613.6,198.24
5059,2025-06-24,20,2,22.9,0.0,1.4,109.92,32.06
5060,2025-06-24,21,5,34.7,12.1,10.0,158.2,79.81
5061,2025-06-24,16,5,70.1,0.0,7.0,490.7,161.23
5062,2025-06-24,2,5,20.3,0.0,5.7,142.1,46.69
5063,2025-06-24,29,6,69.8,0.0,5.5,349.0,104.7
5064,2025-06-24,5,5,89.7,0.0,1.9,627.9,206.31
5065,2025-06-24,8,3,84.4,0.0,7.1,548.6,177.24
5066,2025-06-24,30,1,47.6,0.0,5.4,214.2,57.12
5067,2025-06-24,6,6,84.2,0.0,10.1,421.0,126.3
5068,2025-06-24,24,3,32.8,0.0,4.6,213.2,68.88
5069,2025-06-24,27,2,33.4,0.0,5.9,160.32,46.76
5070,2025-06-24,7,4,53.6,0.0,7.1,310.88,101.84
5071,2025-06-24,21,5,63.3,0.0,8.9,443.1,145.59
5072,2025-06-24,16,6,27.0,0.0,2.0,135.0,40.5
5073,2025-06-24,27,5,25.6,0.0,3.6,179.2,58.88
5074,2025-06-24,5,5,43.2,0.0,10.4,302.4,99.36
5075,2025-06-24,24,5,26.4,0.0,1.5,184.8,60.72
5076,2025-06-24,23,5,51.7,0.0,4.9,361.9,118.91
5077,2025-06-25,10,2,84.4,0.0,6.4,405.12,118.16
5078,2025-06-25,14,2,69.0,0.0,5.6,331.2,96.6
5079,2025-06-25,13,4,35.1,0.0,5.0,203.58,66.69
5080,2025-06-25,25,4,41.0,0.0,12.0,237.8,77.9
5081,2025-06-25,3,1,30.5,5.8,4.2,111.15,36.6
5082,2025-06-25,9,3,96.9,0.0,7.9,629.85,203.49
5083,2025-06-25,17,5,65.3,0.0,3.7,457.1,150.19
5084,2025-06-25,21,1,45.3,0.0,4.8,203.85,54.36
5085,2025-06-25,6,3,25.9,0.0,4.0,168.35,54.39
5086,2025-06-25,20,3,62.6,0.0,4.8,406.9,131.46
5087,2025-06-25,11,3,57.0,0.0,6.6,370.5,119.7
5088,2025-06-25,13,1,93.7,15.4,9.8,352.35,112.44
5089,2025-06-25,9,5,95.3,0.0,9.0,667.1,219.19
5090,2025-06-25,9,2,41.3,14.6,9.7,128.16,57.82
5091,2025-06-25,23,5,22.0,0.0,1.6,154.0,50.6
5092,2025-06-25,22,3,20.6,0.0,7.1,133.9,43.26
5093,2025-06-25,13,1,50.9,0.0,4.9,229.05,61.08
5094,2025-06-25,25,5,74.8,0.0,7.0,523.6,172.04
5095,2025-06-25,18,1,93.8,0.0,4.4,422.1,112.56
5096,2025-06-25,17,2,50.1,0.0,-0.6,240.48,70.14
5097,2025-06-25,27,1,85.2,0.0,8.9,383.4,102.24
5098,2025-06-25,18,2,32.6,0.0,6.9,156.48,45.64
5099,2025-06-25,14,2,30.6,0.0,3.1,146.88,42.84
5100,2025-06-25,2,1,43.8,0.0,5.8,197.1,52.56
5101,2025-06-26,6,5,20.5,0.0,7.2,143.5,47.15
5102,2025-06-26,21,4,91.3,0.0,5.3,529.54,173.47
5103,2025-06-26,4,4,73.5,0.0,2.2,426.3,139.65
5104,2025-06-26,20,2,82.9,0.0,6.8,397.92,116.06
5105,2025-06-26,23,6,55.8,0.0,7.9,279.0,83.7
5106,2025-06-26,26,6,44.4,0.0,8.9,222.0,66.6
5107,2025-06-26,10,4,44.1,0.0,8.5,255.78,83.79
5108,2025-06-26,30,3,81.5,0.0,0.5,529.75,171.15
5109,2025-06-26,26,3,79.7,0.0,4.6,518.05,167.37
5110,2025-06-26,1,6,21.4,0.0,7.4,107.0,32.1
5111,2025-06-26,7,2,84.9,0.0,5.5,407.52,118.86
5112,2025-06-26,19,4,90.2,0.0,8.8,523.16,171.38
5113,2025-06-26,1,2,71.0,0.0,5.4,340.8,99.4
5114,2025-06-26,10,3,82.6,0.0,6.2,536.9,173.46
5115,2025-06-26,9,3,61.7,0.0,9.1,401.05,129.57
5116,2025-06-26,21,5,94.4,0.0,5.9,660.8,217.12
5117,2025-06-26,22,2,84.1,0.0,5.7,403.68,117.74
5118,2025-06-26,26,3,81.3,0.0,11.5,528.45,170.73
5119,2025-06-26,4,2,50.4,0.0,9.3,241.92,70.56
5120,2025-06-26,19,6,87.0,0.0,3.8,435.0,130.5
5121,2025-06-26,28,6,96.6,16.9,7.4,398.5,144.9
5122,2025-06-27,12,3,31.2,5.9,13.8,164.45,65.52
5123,2025-06-27,23,6,84.1,0.0,3.2,420.5,126.15
5124,2025-06-27,24,6,26.7,0.0,6.7,133.5,40.05
5125,2025-06-27,10,1,96.4,0.0,7.2,433.8,115.68
5126,2025-06-27,4,4,71.7,0.0,6.1,415.86,136.23
5127,2025-06-27,18,3,59.2,0.0,6.3,384.8,124.32
5128,2025-06-27,25,3,77.9,0.0,4.6,506.35,163.59
5129,2025-06-27,11,6,36.0,0.0,9.1,180.0,54.0
5130,2025-06-27,16,1,36.0,0.0,6.6,162.0,43.2
5131,2025-06-27,10,4,39.2,0.0,6.2,227.36,74.48
5132,2025-06-27,22,5,59.2,0.0,5.8,414.4,136.16
5133,2025-06-27,15,1,73.0,0.0,5.8,328.5,87.6
5134,2025-06-27,13,4,84.2,20.7,6.6,368.3,159.98
5135,2025-06-27,6,4,58.6,0.0,6.4,339.88,111.34
5136,2025-06-27,5,5,40.9,0.0,4.3,286.3,94.07
5137,2025-06-27,3,4,28.7,0.0,6.9,166.46,54.53
5138,2025-06-27,17,5,72.2,0.0,3.2,505.4,166.06
5139,2025-06-27,15,5,85.1,0.0,4.5,595.7,195.73
5140,2025-06-27,26,4,61.2,0.0,8.4,354.96,116.28
5141,2025-06-27,26,1,35.5,0.0,4.5,159.75,42.6
5142,2025-06-27,15,1,79.0,0.0,9.5,355.5,94.8
5143,2025-06-27,5,3,30.5,0.0,2.4,198.25,64.05
5144,2025-06-27,25,6,78.9,0.0,6.1,394.5,118.35
5145,2025-06-27,14,3,82.2,0.0,2.6,534.3,172.62
5146,2025-06-27,22,1,97.6,0.0,3.7,439.2,117.12
5147,2025-06-27,11,2,62.1,0.0,5.4,298.08,86.94
5148,2025-06-27,28,2,75.8,0.0,4.9,363.84,106.12
5149,2025-06-27,6,5,67.5,0.0,10.1,472.5,155.25
5150,2025-06-27,29,2,44.4,0.0,4.9,213.12,62.16
5151,2025-06-27,8,3,78.9,14.2,7.3,420.55,165.69
5152,2025-06-27,11,2,96.5,0.0,7.5,463.2,135.1
5153,2025-06-27,2,1,44.2,0.0,8.6,198.9,53.04
5154,2025-06-27,26,6,66.1,14.1,9.6,260.0,99.15
5155,2025-06-27,3,3,45.1,0.0,8.6,293.15,94.71
5156,2025-06-27,12,6,71.3,0.0,4.4,356.5,106.95
5157,2025-06-27,17,4,36.6,0.0,10.7,212.28,69.54
5158,2025-06-27,8,2,98.6,0.0,8.5,473.28,138.04
5159,2025-06-27,16,2,57.1,0.0,4.9,274.08,79.94
5160,2025-06-27,26,5,42.3,0.0,5.0,296.1,97.29
5161,2025-06-27,21,4,53.0,0.0,5.5,307.4,100.7
5162,2025-06-27,12,6,83.2,0.0,6.8,416.0,124.8
5163,2025-06-27,4,4,37.0,5.9,9.1,180.38,70.3
5164,2025-06-27,2,3,33.4,0.0,4.7,217.1,70.14
5165,2025-06-27,22,6,67.4,0.0,7.2,337.0,101.1
5166,2025-06-27,8,6,40.6,0.0,6.8,203.0,60.9
5167,2025-06-27,13,5,57.8,0.0,11.6,404.6,132.94
5168,2025-06-27,13,1,44.9,0.0,6.1,202.05,53.88
5169,2025-06-27,7,3,82.6,0.0,10.2,536.9,173.46
5170,2025-06-27,30,3,86.3,25.4,10.1,395.85,181.23
5171,2025-06-28,17,5,95.6,0.0,7.4,669.2,219.88
5172,2025-06-28,9,1,69.0,0.0,-2.3,310.5,82.8
5173,2025-06-28,16,6,91.1,0.0,8.0,455.5,136.65
5174,2025-06-28,22,3,29.0,0.0,2.5,188.5,60.9
5175,2025-06-28,13,2,25.9,0.0,7.8,124.32,36.26
5176,2025-06-28,16,5,25.4,0.0,5.0,177.8,58.42
5177,2025-06-28,5,4,57.8,0.0,9.1,335.24,109.82
5178,2025-06-28,20,5,76.5,0.0,3.6,535.5,175.95
5179,2025-06-28,20,2,91.4,0.0,3.6,438.72,127.96
5180,2025-06-28,27,5,26.6,0.0,4.2,186.2,61.18
5181,2025-06-28,21,1,46.6,0.0,7.6,209.7,55.92
5182,2025-06-28,1,4,96.0,0.0,7.3,556.8,182.4
5183,2025-06-28,28,2,49.2,0.0,7.8,236.16,68.88
5184,2025-06-28,26,4,54.1,0.0,5.3,313.78,102.79
5185,2025-06-28,28,2,68.1,0.0,4.5,326.88,95.34
5186,2025-06-28,25,2,99.1,21.1,9.2,374.4,138.74
5187,2025-06-28,29,5,83.1,0.0,3.4,581.7,191.13
5188,2025-06-28,27,2,54.6,0.0,6.8,262.08,76.44
5189,2025-06-28,7,2,73.0,0.0,7.6,350.4,102.2
5190,2025-06-28,10,5,36.9,0.0,4.3,258.3,84.87
5191,2025-06-28,23,4,84.6,0.0,5.7,490.68,160.74
5192,2025-06-28,11,4,30.4,0.0,6.7,176.32,57.76
5193,2025-06-28,2,6,43.8,0.0,6.7,219.0,65.7
5194,2025-06-28,20,2,62.4,0.0,4.3,299.52,87.36
5195,2025-06-28,22,3,77.8,0.0,10.9,505.7,163.38
5196,2025-06-28,18,5,80.4,0.0,6.9,562.8,184.92
5197,2025-06-28,7,5,55.9,0.0,6.6,391.3,128.57
5198,2025-06-28,25,3,68.2,0.0,2.2,443.3,143.22
5199,2025-06-28,7,3,42.4,0.0,5.4,275.6,89.04
5200,2025-06-28,24,4,76.4,0.0,6.3,443.12,145.16
5201,2025-06-28,15,2,97.4,0.0,6.1,467.52,136.36
5202,2025-06-28,1,4,65.8,0.0,4.3,381.64,125.02
5203,2025-06-28,15,6,24.2,8.2,9.3,80.0,36.3
5204,2025-06-28,20,6,96.5,0.0,2.5,482.5,144.75
5205,2025-06-28,30,5,69.5,0.0,3.3,486.5,159.85
5206,2025-06-28,22,4,93.6,0.0,5.3,542.88,177.84
5207,2025-06-28,18,1,33.8,0.0,8.8,152.1,40.56
5208,2025-06-28,23,4,70.0,0.0,5.8,406.0,133.0
5209,2025-06-28,8,2,40.3,13.6,10.9,128.16,56.42
5210,2025-06-28,13,2,29.4,0.0,4.8,141.12,41.16
5211,2025-06-28,19,5,76.7,0.0,5.6,536.9,176.41
5212,2025-06-28,12,5,60.6,0.0,6.9,424.2,139.38
5213,2025-06-28,24,6,55.0,0.0,2.1,275.0,82.5
5214,2025-06-28,10,6,96.0,0.0,5.2,480.0,144.0
5215,2025-06-28,20,5,79.8,0.0,3.8,558.6,183.54
5216,2025-06-28,22,2,91.3,0.0,5.4,438.24,127.82
5217,2025-06-28,28,2,51.5,0.0,9.6,247.2,72.1
5218,2025-06-28,20,2,68.3,0.0,7.7,327.84,95.62
5219,2025-06-28,14,5,38.4,0.0,4.1,268.8,88.32
5220,2025-06-29,30,3,30.3,0.0,0.9,196.95,63.63
5221,2025-06-29,24,6,32.6,0.0,7.7,163.0,48.9
5222,2025-06-29,10,5,20.9,0.0,4.4,146.3,48.07
5223,2025-06-29,9,3,37.1,0.0,7.3,241.15,77.91
5224,2025-06-29,29,2,25.8,0.0,7.1,123.84,36.12
5225,2025-06-29,9,6,79.7,23.5,4.4,281.0,119.55
5226,2025-06-29,3,6,50.8,16.2,10.9,173.0,76.2
5227,2025-06-29,15,4,41.0,0.0,9.9,237.8,77.9
5228,2025-06-29,1,5,72.7,0.0,5.8,508.9,167.21
5229,2025-06-29,28,6,52.9,0.0,9.9,264.5,79.35
5230,2025-06-29,25,2,28.7,0.0,10.8,137.76,40.18
5231,2025-06-29,7,5,25.4,0.0,11.0,177.8,58.42
5232,2025-06-29,19,3,42.1,0.0,4.6,273.65,88.41
5233,2025-06-29,25,3,96.7,0.0,2.5,628.55,203.07
5234,2025-06-29,18,2,43.9,0.0,4.9,210.72,61.46
5235,2025-06-29,16,2,35.4,0.0,7.7,169.92,49.56
5236,2025-06-29,13,3,64.7,0.0,1.5,420.55,135.87
5237,2025-06-29,30,4,60.6,0.0,2.8,351.48,115.14
5238,2025-06-29,12,4,57.6,0.0,9.2,334.08,109.44
5239,2025-06-29,8,5,56.6,0.0,5.0,396.2,130.18
5240,2025-06-29,14,4,71.0,0.0,4.7,411.8,134.9
5241,2025-06-29,11,5,96.5,0.0,5.8,675.5,221.95
5242,2025-06-29,22,2,65.7,0.0,4.4,315.36,91.98
5243,2025-06-29,13,4,86.6,0.0,3.6,502.28,164.54
5244,2025-06-29,25,4,29.9,0.0,4.8,173.42,56.81
5245,2025-06-29,21,2,75.0,0.0,4.8,360.0,105.0
5246,2025-06-29,6,6,22.8,0.0,1.5,114.0,34.2
5247,2025-06-29,8,4,91.0,0.0,6.5,527.8,172.9
5248,2025-06-29,26,3,27.1,0.0,7.6,176.15,56.91
5249,2025-06-29,11,6,85.1,0.0,8.7,425.5,127.65
5250,2025-06-29,25,6,74.8,0.0,4.8,374.0,112.2
5251,2025-06-29,4,2,76.9,0.0,2.7,369.12,107.66
5252,2025-06-29,25,6,82.6,0.0,9.9,413.0,123.9
5253,2025-06-29,15,2,95.5,0.0,6.5,458.4,133.7
5254,2025-06-29,17,6,72.4,0.0,7.5,362.0,108.6
5255,2025-06-29,26,1,76.8,0.0,4.8,345.6,92.16
5256,2025-06-29,21,1,54.2,0.0,5.5,243.9,65.04
5257,2025-06-29,18,6,61.1,0.0,7.0,305.5,91.65
5258,2025-06-29,28,1,47.4,0.0,6.0,213.3,56.88
5259,2025-06-29,14,5,77.3,0.0,5.9,541.1,177.79
5260,2025-06-29,8,6,54.2,0.0,5.8,271.0,81.3
5261,2025-06-29,22,2,59.8,0.0,6.6,287.04,83.72
5262,2025-06-29,1,5,36.3,0.0,7.3,254.1,83.49
5263,2025-06-29,2,5,74.3,0.0,6.0,520.1,170.89
5264,2025-06-29,16,4,89.6,0.0,2.9,519.68,170.24
5265,2025-06-29,29,5,49.8,0.0,6.1,348.6,114.54
5266,2025-06-29,22,6,29.4,0.0,2.2,147.0,44.1
5267,2025-06-29,21,2,25.0,0.0,2.9,120.0,35.0
5268,2025-06-29,20,5,33.6,0.0,8.1,235.2,77.28
5269,2025-06-29,14,5,55.8,0.0,3.7,390.6,128.34
5270,2025-06-29,26,1,74.8,0.0,3.3,336.6,89.76
5271,2025-06-30,24,1,67.7,0.0,2.1,304.65,81.24
5272,2025-06-30,19,1,98.2,0.0,6.9,441.9,117.84
5273,2025-06-30,13,3,37.5,0.0,7.1,243.75,78.75
5274,2025-06-30,15,4,82.2,0.0,5.8,476.76,156.18
5275,2025-06-30,4,3,84.7,0.0,0.8,550.55,177.87
5276,2025-06-30,28,2,91.6,0.0,6.1,439.68,128.24
5277,2025-06-30,24,6,98.2,0.0,2.7,491.0,147.3
5278,2025-06-30,24,4,39.9,0.0,8.5,231.42,75.81
5279,2025-06-30,21,6,20.5,0.0,7.0,102.5,30.75
5280,2025-06-30,21,5,72.2,0.0,2.3,505.4,166.06
5281,2025-06-30,26,1,20.5,0.0,6.3,92.25,24.6
5282,2025-06-30,8,3,43.1,0.0,5.2,280.15,90.51
5283,2025-06-30,22,6,36.4,9.8,5.2,133.0,54.6
5284,2025-06-30,21,2,63.9,0.0,6.4,306.72,89.46
5285,2025-06-30,10,5,31.0,0.0,6.3,217.0,71.3
5286,2025-06-30,13,5,88.6,0.0,7.7,620.2,203.78
5287,2025-06-30,1,5,55.1,0.0,5.7,385.7,126.73
5288,2025-06-30,1,1,79.6,0.0,6.8,358.2,95.52
5289,2025-07-01,21,6,75.0,0.0,2.3,375.0,112.5
5290,2025-07-01,29,3,84.9,0.0,6.1,551.85,178.29
5291,2025-07-01,14,3,72.8,0.0,7.5,473.2,152.88
5292,2025-07-01,29,4,68.9,0.0,7.8,399.62,130.91
5293,2025-07-01,15,5,49.4,0.0,10.7,345.8,113.62
5294,2025-07-01,12,2,60.6,0.0,4.5,290.88,84.84
5295,2025-07-01,6,5,94.9,0.0,11.0,664.3,218.27
5296,2025-07-01,8,1,76.3,0.0,2.9,343.35,91.56
5297,2025-07-01,23,5,56.2,0.0,6.5,393.4,129.26
5298,2025-07-01,12,3,30.6,0.0,5.8,198.9,64.26
5299,2025-07-01,14,2,64.7,0.0,12.0,310.56,90.58
5300,2025-07-01,30,5,22.0,0.0,5.5,154.0,50.6
5301,2025-07-01,8,1,53.9,0.0,8.8,242.55,64.68
5302,2025-07-01,6,1,45.7,0.0,4.4,205.65,54.84
5303,2025-07-01,15,6,99.2,0.0,7.1,496.0,148.8
5304,2025-07-01,25,3,62.0,0.0,3.4,403.0,130.2
5305,2025-07-01,18,5,88.3,0.0,5.0,618.1,203.09
5306,2025-07-01,6,4,96.2,0.0,11.8,557.96,182.78
5307,2025-07-01,18,1,85.9,0.0,2.3,386.55,103.08
5308,2025-07-01,3,3,58.8,0.0,5.1,382.2,123.48
5309,2025-07-01,15,4,62.1,0.0,5.9,360.18,117.99
5310,2025-07-01,15,5,67.4,0.0,8.1,471.8,155.02
5311,2025-07-01,17,4,46.2,0.0,9.2,267.96,87.78
5312,2025-07-01,5,3,73.7,0.0,4.6,479.05,154.77
5313,2025-07-01,24,3,77.9,0.0,7.1,506.35,163.59
5314,2025-07-01,10,1,25.0,0.0,8.7,112.5,30.0
5315,2025-07-01,28,5,69.7,0.0,4.4,487.9,160.31
5316,2025-07-01,4,4,93.2,0.0,6.1,540.56,177.08
5317,2025-07-01,12,5,57.1,0.0,4.7,399.7,131.33
5318,2025-07-02,25,3,91.5,0.0,4.3,594.75,192.15
5319,2025-07-02,5,3,92.6,20.3,11.1,469.95,194.46
5320,2025-07-02,6,1,56.2,0.0,5.9,252.9,67.44
5321,2025-07-02,2,4,40.4,4.6,5.4,207.64,76.76
5322,2025-07-02,29,3,28.4,0.0,4.2,184.6,59.64
5323,2025-07-02,23,2,53.5,0.0,5.7,256.8,74.9
5324,2025-07-02,21,6,31.9,0.0,5.2,159.5,47.85
5325,2025-07-02,22,2,85.6,9.8,9.4,363.84,119.84
5326,2025-07-02,6,6,89.4,0.0,5.0,447.0,134.1
5327,2025-07-02,27,2,37.0,0.0,6.1,177.6,51.8
5328,2025-07-02,23,3,24.1,0.0,5.1,156.65,50.61
5329,2025-07-02,5,1,70.3,0.0,4.0,316.35,84.36
5330,2025-07-02,10,2,97.8,0.0,5.6,469.44,136.92
5331,2025-07-02,22,3,25.9,0.0,9.6,168.35,54.39
5332,2025-07-02,13,2,58.1,0.0,7.3,278.88,81.34
5333,2025-07-02,25,3,59.3,0.0,6.3,385.45,124.53
5334,2025-07-02,16,2,28.8,0.0,1.9,138.24,40.32
5335,2025-07-02,24,1,84.0,0.0,4.5,378.0,100.8
5336,2025-07-02,30,1,35.3,0.0,6.3,158.85,42.36
5337,2025-07-02,15,5,33.8,0.0,8.5,236.6,77.74
5338,2025-07-02,23,2,62.1,12.6,6.8,237.6,86.94
5339,2025-07-02,26,2,36.7,0.0,4.6,176.16,51.38
5340,2025-07-02,2,1,78.3,0.0,6.2,352.35,93.96
5341,2025-07-02,23,3,52.7,0.0,8.0,342.55,110.67
5342,2025-07-02,25,5,64.8,0.0,4.2,453.6,149.04
5343,2025-07-02,30,2,90.9,12.7,9.6,375.36,127.26
5344,2025-07-02,5,5,48.3,0.0,5.6,338.1,111.09
5345,2025-07-03,3,2,62.3,0.0,9.7,299.04,87.22
5346,2025-07-03,7,1,26.0,0.0,6.6,117.0,31.2
5347,2025-07-03,6,5,95.5,0.0,6.6,668.5,219.65
5348,2025-07-03,23,1,38.1,0.0,4.5,171.45,45.72
5349,2025-07-03,2,6,68.5,0.0,4.8,342.5,102.75
5350,2025-07-03,11,5,49.3,0.0,6.1,345.1,113.39
5351,2025-07-03,20,5,25.0,3.7,7.4,149.1,57.5
5352,2025-07-03,10,1,46.9,0.0,4.0,211.05,56.28
5353,2025-07-03,29,5,32.3,0.0,7.8,226.1,74.29
5354,2025-07-03,22,1,40.8,0.0,5.4,183.6,48.96
5355,2025-07-03,16,2,28.0,0.0,3.8,134.4,39.2
5356,2025-07-03,14,6,93.7,18.2,1.7,377.5,140.55
5357,2025-07-03,25,1,32.3,0.0,2.9,145.35,38.76
5358,2025-07-03,6,3,48.3,0.0,9.3,313.95,101.43
5359,2025-07-03,26,2,64.1,0.0,7.0,307.68,89.74
5360,2025-07-03,23,2,43.1,0.0,5.9,206.88,60.34
5361,2025-07-03,11,6,92.0,0.0,8.6,460.0,138.0
5362,2025-07-03,26,6,78.9,0.0,6.5,394.5,118.35
5363,2025-07-03,7,1,48.0,0.0,3.3,216.0,57.6
5364,2025-07-03,11,2,66.4,0.0,8.2,318.72,92.96
5365,2025-07-03,23,3,64.6,0.0,7.8,419.9,135.66
5366,2025-07-03,19,3,87.4,0.0,5.3,568.1,183.54
5367,2025-07-03,9,6,73.8,0.0,7.7,369.0,110.7
5368,2025-07-03,27,6,81.2,0.0,3.3,406.0,121.8
5369,2025-07-03,8,5,62.8,0.0,6.3,439.6,144.44
5370,2025-07-03,6,1,66.6,0.0,7.0,299.7,79.92
5371,2025-07-03,4,5,81.5,0.0,1.7,570.5,187.45
5372,2025-07-03,7,2,41.4,0.0,7.7,198.72,57.96
5373,2025-07-03,16,3,98.2,0.0,6.3,638.3,206.22
5374,2025-07-03,21,3,94.7,0.0,8.4,615.55,198.87
5375,2025-07-03,4,4,87.3,0.0,5.3,506.34,165.87
5376,2025-07-03,11,2,99.5,0.0,7.3,477.6,139.3
5377,2025-07-03,16,5,36.6,0.0,6.1,256.2,84.18
5378,2025-07-03,17,6,40.6,13.1,9.2,137.5,60.9
5379,2025-07-04,6,4,61.3,0.0,6.3,355.54,116.47
5380,2025-07-04,18,6,21.4,0.0,8.7,107.0,32.1
5381,2025-07-04,9,4,47.4,0.0,1.9,274.92,90.06
5382,2025-07-04,9,1,34.9,0.0,4.9,157.05,41.88
5383,2025-07-04,9,4,82.0,0.0,8.4,475.6,155.8
5384,2025-07-04,17,3,60.6,0.0,6.7,393.9,127.26
5385,2025-07-04,3,4,84.7,0.0,2.6,491.26,160.93
5386,2025-07-04,8,5,63.0,0.0,10.7,441.0,144.9
5387,2025-07-04,11,4,67.7,0.0,7.6,392.66,128.63
5388,2025-07-04,25,2,25.1,0.0,8.1,120.48,35.14
5389,2025-07-04,5,2,64.9,0.0,5.7,311.52,90.86
5390,2025-07-04,7,1,69.5,0.0,9.6,312.75,83.4
5391,2025-07-04,7,3,46.2,0.0,3.4,300.3,97.02
5392,2025-07-04,28,1,64.8,0.0,6.8,291.6,77.76
5393,2025-07-04,13,5,72.1,0.0,1.1,504.7,165.83
5394,2025-07-04,29,5,20.6,7.7,10.2,90.3,47.38
5395,2025-07-04,13,1,78.0,0.0,8.2,351.0,93.6
5396,2025-07-04,29,1,63.2,0.0,6.5,284.4,75.84
5397,2025-07-04,21,4,69.1,0.0,5.1,400.78,131.29
5398,2025-07-04,13,4,43.4,0.0,6.7,251.72,82.46
5399,2025-07-04,24,1,40.9,0.0,2.7,184.05,49.08
5400,2025-07-04,26,1,41.1,0.0,7.6,184.95,49.32
5401,2025-07-04,10,1,91.6,0.0,8.9,412.2,109.92
5402,2025-07-04,17,3,54.2,0.0,1.8,352.3,113.82
5403,2025-07-04,6,4,68.2,0.0,7.9,395.56,129.58
5404,2025-07-04,9,2,85.1,0.0,6.3,408.48,119.14
5405,2025-07-04,4,4,21.7,0.0,3.6,125.86,41.23
5406,2025-07-04,13,1,54.2,0.0,8.1,243.9,65.04
5407,2025-07-04,15,4,80.8,0.0,7.8,468.64,153.52
5408,2025-07-04,25,2,89.8,0.0,2.4,431.04,125.72
5409,2025-07-04,18,5,27.4,0.0,4.3,191.8,63.02
5410,2025-07-04,28,4,91.0,0.0,7.1,527.8,172.9
5411,2025-07-04,3,6,94.5,0.0,7.6,472.5,141.75
5412,2025-07-04,20,6,27.8,0.0,5.7,139.0,41.7
5413,2025-07-04,9,4,99.1,0.0,6.6,574.78,188.29
5414,2025-07-04,8,3,76.9,0.0,4.8,499.85,161.49
5415,2025-07-04,7,3,75.1,0.0,6.5,488.15,157.71
5416,2025-07-04,22,1,50.2,0.0,3.9,225.9,60.24
5417,2025-07-04,16,3,96.4,0.0,6.0,626.6,202.44
5418,2025-07-05,9,3,50.6,0.0,6.2,328.9,106.26
5419,2025-07-05,13,2,55.4,0.0,10.3,265.92,77.56
5420,2025-07-05,21,3,78.2,0.0,8.7,508.3,164.22
5421,2025-07-05,19,4,31.7,0.0,7.5,183.86,60.23
5422,2025-07-05,15,3,41.5,0.0,7.6,269.75,87.15
5423,2025-07-05,20,1,72.7,21.1,10.6,232.2,87.24
5424,2025-07-05,20,6,99.0,13.1,8.2,429.5,148.5
5425,2025-07-05,25,2,72.6,0.0,5.5,348.48,101.64
5426,2025-07-05,26,2,98.9,0.0,7.9,474.72,138.46
5427,2025-07-05,7,3,34.9,0.0,7.0,226.85,73.29
5428,2025-07-05,5,6,42.4,0.0,5.4,212.0,63.6
5429,2025-07-05,22,1,90.1,0.0,6.0,405.45,108.12
5430,2025-07-05,21,2,74.5,0.0,6.8,357.6,104.3
5431,2025-07-05,13,5,30.0,0.0,4.6,210.0,69.0
5432,2025-07-05,1,2,58.1,0.0,1.1,278.88,81.34
5433,2025-07-05,2,6,86.8,0.0,-0.2,434.0,130.2
5434,2025-07-05,14,4,52.2,0.0,8.4,302.76,99.18
5435,2025-07-05,4,4,60.8,0.0,5.4,352.64,115.52
5436,2025-07-05,9,2,26.9,0.0,9.3,129.12,37.66
5437,2025-07-05,25,3,21.1,0.0,5.1,137.15,44.31
5438,2025-07-05,26,1,63.5,0.0,12.1,285.75,76.2
5439,2025-07-05,3,1,41.7,0.0,5.7,187.65,50.04
5440,2025-07-05,11,4,31.8,0.0,7.9,184.44,60.42
5441,2025-07-05,7,5,50.1,0.0,1.7,350.7,115.23
5442,2025-07-05,7,3,39.7,0.0,6.3,258.05,83.37
5443,2025-07-06,21,2,24.2,0.0,10.5,116.16,33.88
5444,2025-07-06,17,1,47.2,0.0,5.8,212.4,56.64
5445,2025-07-06,15,3,82.0,0.0,4.0,533.0,172.2
5446,2025-07-06,20,2,82.4,0.0,5.2,395.52,115.36
5447,2025-07-06,7,4,71.8,0.0,6.8,416.44,136.42
5448,2025-07-06,15,2,89.8,0.0,7.3,431.04,125.72
5449,2025-07-06,25,2,59.0,0.0,4.2,283.2,82.6
5450,2025-07-06,18,3,77.3,0.0,7.0,502.45,162.33
5451,2025-07-06,3,3,50.8,0.0,8.8,330.2,106.68
5452,2025-07-06,29,4,94.2,0.0,5.2,546.36,178.98
5453,2025-07-06,19,4,49.2,0.0,6.1,285.36,93.48
5454,2025-07-06,10,5,77.9,0.0,6.3,545.3,179.17
5455,2025-07-06,6,5,53.6,0.0,5.2,375.2,123.28
5456,2025-07-06,11,5,50.2,12.4,10.6,264.6,115.46
5457,2025-07-06,18,6,86.2,0.0,7.5,431.0,129.3
5458,2025-07-06,19,4,61.7,0.0,8.3,357.86,117.23
5459,2025-07-06,1,4,76.7,0.0,5.5,444.86,145.73
5460,2025-07-06,3,6,48.2,0.0,6.6,241.0,72.3
5461,2025-07-06,8,5,50.0,0.0,5.8,350.0,115.0
5462,2025-07-06,4,5,49.0,0.0,6.6,343.0,112.7
5463,2025-07-06,8,3,33.3,0.0,5.9,216.45,69.93
5464,2025-07-06,23,1,34.7,0.0,5.7,156.15,41.64
5465,2025-07-06,17,2,25.9,0.0,5.8,124.32,36.26
5466,2025-07-06,1,5,31.0,0.0,4.8,217.0,71.3
5467,2025-07-06,12,4,41.2,0.0,8.6,238.96,78.28
5468,2025-07-06,21,1,35.1,0.0,8.1,157.95,42.12
5469,2025-07-06,17,2,68.5,0.0,5.6,328.8,95.9
5470,2025-07-06,27,4,92.2,0.0,10.2,534.76,175.18
5471,2025-07-06,2,3,93.2,0.0,5.4,605.8,195.72
5472,2025-07-06,22,1,83.6,0.0,6.8,376.2,100.32
5473,2025-07-06,2,4,45.4,0.0,5.9,263.32,86.26
5474,2025-07-06,12,4,71.5,0.0,5.7,414.7,135.85
5475,2025-07-06,17,6,73.5,0.0,5.7,367.5,110.25
5476,2025-07-07,15,6,78.0,0.0,8.0,390.0,117.0
5477,2025-07-07,25,6,27.1,0.0,7.2,135.5,40.65
5478,2025-07-07,8,5,67.5,0.0,7.3,472.5,155.25
5479,2025-07-07,18,6,85.2,0.0,6.2,426.0,127.8
5480,2025-07-07,19,5,83.6,0.0,5.3,585.2,192.28
5481,2025-07-07,1,4,23.5,0.0,8.0,136.3,44.65
5482,2025-07-07,26,4,95.4,0.0,6.4,553.32,181.26
5483,2025-07-07,13,5,92.2,0.0,4.6,645.4,212.06
5484,2025-07-07,9,3,61.9,0.0,7.4,402.35,129.99
5485,2025-07-07,23,1,30.4,0.0,1.9,136.8,36.48
5486,2025-07-07,13,2,92.7,0.0,5.2,444.96,129.78
5487,2025-07-07,9,2,32.2,0.0,3.0,154.56,45.08
5488,2025-07-07,10,5,82.7,0.0,2.7,578.9,190.21
5489,2025-07-07,23,5,83.4,0.0,3.2,583.8,191.82
5490,2025-07-07,4,4,81.4,0.0,4.1,472.12,154.66
5491,2025-07-07,21,5,79.9,0.0,7.5,559.3,183.77
5492,2025-07-07,12,4,69.8,0.0,4.8,404.84,132.62
5493,2025-07-07,13,1,41.1,0.0,5.7,184.95,49.32
5494,2025-07-07,2,6,41.1,0.0,8.7,205.5,61.65
5495,2025-07-07,30,4,50.2,13.2,9.8,214.6,95.38
5496,2025-07-07,29,5,21.1,0.0,5.1,147.7,48.53
5497,2025-07-07,21,6,32.1,0.0,7.0,160.5,48.15
5498,2025-07-07,7,4,28.0,0.0,3.3,162.4,53.2
5499,2025-07-08,20,2,74.7,0.0,4.4,358.56,104.58
5500,2025-07-08,6,2,75.7,0.0,9.1,363.36,105.98
5501,2025-07-08,6,1,43.7,0.0,2.5,196.65,52.44
5502,2025-07-08,27,2,52.8,0.0,5.2,253.44,73.92
5503,2025-07-08,20,5,26.3,0.0,5.7,184.1,60.49
5504,2025-07-08,27,6,69.6,0.0,7.5,348.0,104.4
5505,2025-07-08,3,2,24.3,0.0,6.1,116.64,34.02
5506,2025-07-08,14,2,84.2,0.0,5.2,404.16,117.88
5507,2025-07-08,23,5,68.7,0.0,11.3,480.9,158.01
5508,2025-07-08,10,4,46.9,0.0,2.1,272.02,89.11
5509,2025-07-08,3,5,69.4,0.0,3.6,485.8,159.62
5510,2025-07-08,8,6,88.0,0.0,7.6,440.0,132.0
5511,2025-07-08,4,3,98.5,0.0,7.4,640.25,206.85
5512,2025-07-08,7,4,30.3,0.0,4.3,175.74,57.57
5513,2025-07-08,20,5,60.3,0.0,5.9,422.1,138.69
5514,2025-07-08,9,2,62.2,0.0,10.0,298.56,87.08
5515,2025-07-09,27,1,46.3,0.0,5.5,208.35,55.56
5516,2025-07-09,22,5,24.0,0.0,2.7,168.0,55.2
5517,2025-07-09,24,6,21.6,0.0,9.4,108.0,32.4
5518,2025-07-09,7,4,60.2,0.0,3.4,349.16,114.38
5519,2025-07-09,29,2,42.3,0.0,7.0,203.04,59.22
5520,2025-07-09,16,1,20.5,0.0,6.6,92.25,24.6
5521,2025-07-09,1,3,23.7,0.0,10.1,154.05,49.77
5522,2025-07-09,22,3,80.5,0.0,6.4,523.25,169.05
5523,2025-07-09,25,5,93.4,0.0,7.0,653.8,214.82
5524,2025-07-09,11,3,68.0,0.0,10.0,442.0,142.8
5525,2025-07-09,16,2,48.6,0.0,2.1,233.28,68.04
5526,2025-07-09,19,5,46.1,0.0,1.3,322.7,106.03
5527,2025-07-09,8,2,59.7,0.0,0.1,286.56,83.58
5528,2025-07-09,19,2,70.8,0.0,5.6,339.84,99.12
5529,2025-07-09,24,6,96.4,0.0,3.8,482.0,144.6
5530,2025-07-09,3,2,72.4,0.0,6.7,347.52,101.36
5531,2025-07-09,17,2,35.8,0.0,5.7,171.84,50.12
5532,2025-07-09,21,3,74.6,0.0,2.9,484.9,156.66
5533,2025-07-09,15,2,96.1,0.0,9.0,461.28,134.54
5534,2025-07-09,15,3,28.4,0.0,6.9,184.6,59.64
5535,2025-07-09,22,3,83.2,0.0,8.1,540.8,174.72
5536,2025-07-09,30,6,36.7,0.0,2.4,183.5,55.05
5537,2025-07-09,7,6,20.6,2.9,3.4,88.5,30.9
5538,2025-07-09,12,5,27.6,0.0,4.3,193.2,63.48
5539,2025-07-09,15,1,65.3,0.0,3.9,293.85,78.36
5540,2025-07-09,13,4,43.9,0.0,2.5,254.62,83.41
5541,2025-07-09,15,4,39.5,6.9,10.7,189.08,75.05
5542,2025-07-10,3,5,89.3,0.0,3.9,625.1,205.39
5543,2025-07-10,16,4,47.2,0.0,5.9,273.76,89.68
5544,2025-07-10,18,2,20.8,0.0,7.5,99.84,29.12
5545,2025-07-10,5,2,33.8,0.0,4.8,162.24,47.32
5546,2025-07-10,21,4,57.1,0.0,7.5,331.18,108.49
5547,2025-07-10,17,2,56.5,0.0,4.8,271.2,79.1
5548,2025-07-10,18,2,80.8,0.0,7.7,387.84,113.12
5549,2025-07-10,1,2,65.6,0.0,7.5,314.88,91.84
5550,2025-07-10,21,5,32.8,0.0,9.6,229.6,75.44
5551,2025-07-10,12,1,65.3,0.0,6.8,293.85,78.36
5552,2025-07-10,19,1,48.0,0.0,5.8,216.0,57.6
5553,2025-07-10,4,6,70.1,0.0,2.0,350.5,105.15
5554,2025-07-10,30,4,48.6,0.0,7.4,281.88,92.34
5555,2025-07-10,29,6,91.3,0.0,5.5,456.5,136.95
5556,2025-07-10,13,1,97.5,0.0,7.3,438.75,117.0
5557,2025-07-10,20,3,90.0,0.0,4.1,585.0,189.0
5558,2025-07-10,6,6,26.7,0.0,6.9,133.5,40.05
5559,2025-07-10,21,2,30.1,0.0,10.2,144.48,42.14
5560,2025-07-10,26,1,36.2,0.0,7.9,162.9,43.44
5561,2025-07-10,9,4,85.3,0.0,6.0,494.74,162.07
5562,2025-07-10,8,2,91.4,0.0,9.4,438.72,127.96
5563,2025-07-10,30,4,78.3,0.0,6.9,454.14,148.77
5564,2025-07-10,11,1,22.7,0.0,8.1,102.15,27.24
5565,2025-07-10,20,5,68.7,0.0,2.5,480.9,158.01
5566,2025-07-10,19,1,68.3,0.0,4.8,307.35,81.96
5567,2025-07-11,2,2,90.7,0.0,5.9,435.36,126.98
5568,2025-07-11,17,6,27.5,0.0,8.8,137.5,41.25
5569,2025-07-11,3,1,39.9,0.0,2.8,179.55,47.88
5570,2025-07-11,26,5,57.4,0.0,7.7,401.8,132.02
5571,2025-07-11,25,4,87.7,0.0,4.3,508.66,166.63
5572,2025-07-11,18,3,87.1,0.0,2.0,566.15,182.91
5573,2025-07-11,13,6,43.9,0.0,7.7,219.5,65.85
5574,2025-07-11,24,4,76.6,0.0,1.6,444.28,145.54
5575,2025-07-11,18,1,61.2,0.0,9.1,275.4,73.44
5576,2025-07-11,28,6,85.7,0.0,2.7,428.5,128.55
5577,2025-07-11,30,6,56.0,0.0,-0.5,280.0,84.0
5578,2025-07-11,14,3,83.2,0.0,8.8,540.8,174.72
5579,2025-07-11,11,5,25.4,0.0,7.9,177.8,58.42
5580,2025-07-11,16,2,88.8,0.0,4.0,426.24,124.32
5581,2025-07-11,14,6,57.3,0.0,7.6,286.5,85.95
5582,2025-07-11,7,3,44.9,0.0,8.1,291.85,94.29
5583,2025-07-11,20,2,20.8,0.0,6.8,99.84,29.12
5584,2025-07-11,4,6,68.6,0.0,7.1,343.0,102.9
5585,2025-07-11,9,1,85.9,0.0,8.8,386.55,103.08
5586,2025-07-11,17,5,49.2,0.0,1.9,344.4,113.16
5587,2025-07-11,29,6,91.1,0.0,6.4,455.5,136.65
5588,2025-07-11,22,3,61.8,0.0,5.4,401.7,129.78
5589,2025-07-11,20,1,82.7,0.0,4.0,372.15,99.24
5590,2025-07-11,4,6,86.0,0.0,7.5,430.0,129.0
5591,2025-07-11,21,6,33.4,0.0,3.9,167.0,50.1
5592,2025-07-11,9,1,67.3,0.0,1.4,302.85,80.76
5593,2025-07-11,13,5,42.0,0.0,6.3,294.0,96.6
5594,2025-07-11,1,6,94.2,0.0,8.8,471.0,141.3
5595,2025-07-11,3,6,82.6,0.0,5.6,413.0,123.9
5596,2025-07-11,17,6,61.1,0.0,9.8,305.5,91.65
5597,2025-07-11,28,5,40.1,0.0,2.5,280.7,92.23
5598,2025-07-11,10,1,27.0,0.0,6.4,121.5,32.4
5599,2025-07-11,5,2,31.7,0.0,7.0,152.16,44.38
5600,2025-07-11,22,2,40.5,0.0,6.4,194.4,56.7
5601,2025-07-11,18,3,81.7,0.0,2.7,531.05,171.57
5602,2025-07-11,22,3,96.7,0.0,4.2,628.55,203.07
5603,2025-07-11,6,4,89.6,0.0,4.8,519.68,170.24
5604,2025-07-11,23,3,96.4,0.0,5.8,626.6,202.44
5605,2025-07-11,10,4,70.3,0.0,9.5,407.74,133.57
5606,2025-07-12,12,2,45.4,0.0,10.3,217.92,63.56
5607,2025-07-12,1,5,50.1,0.0,1.9,350.7,115.23
5608,2025-07-12,4,2,44.8,0.0,7.2,215.04,62.72
5609,2025-07-12,20,1,25.6,0.0,4.9,115.2,30.72
5610,2025-07-12,26,1,73.2,0.0,3.2,329.4,87.84
5611,2025-07-12,1,5,87.6,0.0,6.3,613.2,201.48
5612,2025-07-12,3,3,96.6,0.0,6.8,627.9,202.86
5613,2025-07-12,25,5,79.4,0.0,10.1,555.8,182.62
5614,2025-07-12,24,1,27.3,0.0,2.8,122.85,32.76
5615,2025-07-12,17,3,74.8,0.0,10.4,486.2,157.08
5616,2025-07-12,28,5,28.0,9.4,12.1,130.2,64.4
5617,2025-07-12,9,3,68.2,0.0,4.8,443.3,143.22
5618,2025-07-12,24,1,53.8,0.0,11.5,242.1,64.56
5619,2025-07-12,15,3,86.0,0.0,9.1,559.0,180.6
5620,2025-07-12,2,2,38.4,0.0,3.7,184.32,53.76
5621,2025-07-12,22,6,68.5,0.0,4.1,342.5,102.75
5622,2025-07-12,24,4,54.3,0.0,5.1,314.94,103.17
5623,2025-07-12,10,4,24.7,4.5,5.6,117.16,46.93
5624,2025-07-12,25,6,32.0,0.0,5.7,160.0,48.0
5625,2025-07-12,15,1,50.9,0.0,6.5,229.05,61.08
5626,2025-07-12,11,6,44.7,0.0,15.2,223.5,67.05
5627,2025-07-12,14,3,69.2,0.0,8.5,449.8,145.32
5628,2025-07-12,16,1,68.9,0.0,4.3,310.05,82.68
5629,2025-07-12,15,3,37.5,0.0,7.3,243.75,78.75
5630,2025-07-12,17,6,64.7,0.0,4.2,323.5,97.05
5631,2025-07-12,24,1,57.8,0.0,8.8,260.1,69.36
5632,2025-07-12,9,2,38.9,0.0,5.9,186.72,54.46
5633,2025-07-12,4,1,76.0,0.0,6.0,342.0,91.2
5634,2025-07-12,1,4,65.7,0.0,6.9,381.06,124.83
5635,2025-07-12,27,4,43.4,0.0,4.3,251.72,82.46
5636,2025-07-12,13,4,45.0,0.0,6.8,261.0,85.5
5637,2025-07-12,5,1,99.0,0.0,4.5,445.5,118.8
5638,2025-07-12,2,5,55.4,0.0,-0.2,387.8,127.42
5639,2025-07-12,20,3,35.3,0.0,4.7,229.45,74.13
5640,2025-07-13,1,5,87.5,0.0,8.4,612.5,201.25
5641,2025-07-13,8,3,23.5,0.0,7.4,152.75,49.35
5642,2025-07-13,25,4,90.5,0.0,4.9,524.9,171.95
5643,2025-07-13,27,4,61.8,0.0,9.8,358.44,117.42
5644,2025-07-13,16,3,53.6,0.0,12.4,348.4,112.56
5645,2025-07-13,27,6,42.0,0.0,3.2,210.0,63.0
5646,2025-07-13,5,6,41.7,0.0,7.8,208.5,62.55
5647,2025-07-13,20,6,76.9,0.0,7.1,384.5,115.35
5648,2025-07-13,29,3,31.1,0.0,9.0,202.15,65.31
5649,2025-07-13,26,4,60.7,0.0,4.1,352.06,115.33
5650,2025-07-13,18,3,44.9,0.0,4.2,291.85,94.29
5651,2025-07-13,2,4,35.9,0.0,6.5,208.22,68.21
5652,2025-07-13,27,2,65.3,0.0,1.6,313.44,91.42
5653,2025-07-13,19,3,71.6,0.0,4.6,465.4,150.36
5654,2025-07-13,14,1,55.2,0.0,0.6,248.4,66.24
5655,2025-07-13,1,4,44.7,0.0,7.0,259.26,84.93
5656,2025-07-13,27,5,49.6,0.0,3.2,347.2,114.08
5657,2025-07-13,13,1,51.6,0.0,7.8,232.2,61.92
5658,2025-07-13,21,6,97.0,0.0,10.1,485.0,145.5
5659,2025-07-13,12,3,55.1,0.0,7.3,358.15,115.71
5660,2025-07-13,9,4,67.5,0.0,7.5,391.5,128.25
5661,2025-07-13,25,5,37.5,0.0,3.7,262.5,86.25
5662,2025-07-13,5,5,31.7,0.0,11.7,221.9,72.91
5663,2025-07-13,28,3,55.5,0.0,7.1,360.75,116.55
5664,2025-07-13,3,6,65.8,0.0,11.1,329.0,98.7
5665,2025-07-13,12,5,86.3,0.0,3.2,604.1,198.49
5666,2025-07-13,15,4,23.3,0.0,4.8,135.14,44.27
5667,2025-07-13,16,1,82.0,0.0,7.0,369.0,98.4
5668,2025-07-13,22,4,33.6,0.0,7.1,194.88,63.84
5669,2025-07-13,14,5,75.0,0.0,10.9,525.0,172.5
5670,2025-07-13,19,5,74.1,0.0,4.1,518.7,170.43
5671,2025-07-13,5,1,28.1,0.0,4.4,126.45,33.72
5672,2025-07-13,7,2,50.8,0.0,1.9,243.84,71.12
5673,2025-07-13,26,5,38.0,0.0,3.4,266.0,87.4
5674,2025-07-13,21,4,39.0,0.0,7.4,226.2,74.1
5675,2025-07-13,5,2,90.2,0.0,5.9,432.96,126.28
5676,2025-07-13,14,5,80.4,0.0,11.6,562.8,184.92
5677,2025-07-13,13,5,49.0,0.0,7.3,343.0,112.7
5678,2025-07-13,19,1,34.0,0.0,7.1,153.0,40.8
5679,2025-07-14,12,3,48.2,0.0,5.3,313.3,101.22
5680,2025-07-14,3,4,74.4,0.0,2.6,431.52,141.36
5681,2025-07-14,23,6,89.0,0.0,2.9,445.0,133.5
5682,2025-07-14,19,6,82.8,12.7,6.4,350.5,124.2
5683,2025-07-14,14,4,74.1,0.0,3.4,429.78,140.79
5684,2025-07-14,26,5,64.3,0.0,5.0,450.1,147.89
5685,2025-07-14,2,6,93.6,0.0,5.8,468.0,140.4
5686,2025-07-14,22,6,72.7,0.0,4.5,363.5,109.05
5687,2025-07-14,29,2,44.2,0.0,2.4,212.16,61.88
5688,2025-07-14,30,6,67.1,0.0,0.7,335.5,100.65
5689,2025-07-14,19,1,40.0,0.0,6.8,180.0,48.0
5690,2025-07-14,18,1,38.4,0.0,7.8,172.8,46.08
5691,2025-07-14,30,5,41.4,0.0,4.1,289.8,95.22
5692,2025-07-14,18,4,44.8,0.0,3.2,259.84,85.12
5693,2025-07-14,22,4,53.7,0.0,3.0,311.46,102.03
5694,2025-07-14,27,4,34.2,0.0,5.7,198.36,64.98
5695,2025-07-14,9,5,96.0,0.0,4.4,672.0,220.8
5696,2025-07-15,11,6,74.9,9.4,6.5,327.5,112.35
5697,2025-07-15,28,6,34.3,0.0,9.9,171.5,51.45
5698,2025-07-15,28,1,34.5,0.0,9.0,155.25,41.4
5699,2025-07-15,29,3,24.1,0.0,0.3,156.65,50.61
5700,2025-07-15,20,2,59.5,0.0,7.6,285.6,83.3
5701,2025-07-15,29,6,52.8,0.0,11.0,264.0,79.2
5702,2025-07-15,17,1,29.2,0.0,6.6,131.4,35.04
5703,2025-07-15,9,2,95.7,0.0,7.1,459.36,133.98
5704,2025-07-15,18,4,31.4,0.0,5.4,182.12,59.66
5705,2025-07-15,2,5,78.3,0.0,7.3,548.1,180.09
5706,2025-07-15,17,1,84.8,0.0,2.7,381.6,101.76
5707,2025-07-15,3,6,99.7,0.0,5.4,498.5,149.55
5708,2025-07-15,1,6,84.3,0.0,2.8,421.5,126.45
5709,2025-07-15,20,1,67.4,0.0,5.2,303.3,80.88
5710,2025-07-15,10,4,64.3,0.0,9.7,372.94,122.17
5711,2025-07-15,29,6,25.6,0.0,7.9,128.0,38.4
5712,2025-07-16,16,3,85.6,0.0,7.4,556.4,179.76
5713,2025-07-16,11,1,67.7,0.0,1.2,304.65,81.24
5714,2025-07-16,1,6,94.3,0.0,9.5,471.5,141.45
5715,2025-07-16,29,4,37.0,0.0,7.6,214.6,70.3
5716,2025-07-16,25,1,85.0,0.0,5.8,382.5,102.0
5717,2025-07-16,18,3,83.5,0.0,5.9,542.75,175.35
5718,2025-07-16,9,4,64.7,0.0,6.7,375.26,122.93
5719,2025-07-16,9,4,25.8,0.0,7.5,149.64,49.02
5720,2025-07-16,13,6,64.4,0.0,8.1,322.0,96.6
5721,2025-07-16,18,1,22.2,0.0,5.2,99.9,26.64
5722,2025-07-16,15,5,79.9,0.0,4.4,559.3,183.77
5723,2025-07-16,5,3,35.0,0.0,4.2,227.5,73.5
5724,2025-07-16,13,3,36.5,0.0,10.1,237.25,76.65
5725,2025-07-16,7,6,76.8,0.0,7.7,384.0,115.2
5726,2025-07-16,23,5,93.3,0.0,5.2,653.1,214.59
5727,2025-07-16,7,5,65.3,0.0,4.6,457.1,150.19
5728,2025-07-16,10,5,71.5,0.0,4.6,500.5,164.45
5729,2025-07-16,13,5,76.8,0.0,4.4,537.6,176.64
5730,2025-07-16,26,3,44.7,0.0,5.6,290.55,93.87
5731,2025-07-16,6,6,96.5,0.0,9.3,482.5,144.75
5732,2025-07-16,26,1,30.0,0.0,5.5,135.0,36.0
5733,2025-07-16,24,2,39.1,8.8,9.7,145.44,54.74
5734,2025-07-16,30,4,51.8,0.0,7.5,300.44,98.42
5735,2025-07-16,25,2,75.7,0.0,4.9,363.36,105.98
5736,2025-07-17,21,1,64.7,0.0,7.3,291.15,77.64
5737,2025-07-17,19,2,92.5,15.8,9.2,368.16,129.5
5738,2025-07-17,4,2,93.8,0.0,4.6,450.24,131.32
5739,2025-07-17,8,6,76.7,0.0,6.0,383.5,115.05
5740,2025-07-17,28,2,88.4,0.0,10.6,424.32,123.76
5741,2025-07-17,4,4,32.2,0.0,2.8,186.76,61.18
5742,2025-07-17,29,1,42.8,0.0,2.7,192.6,51.36
5743,2025-07-17,23,6,49.7,0.0,6.2,248.5,74.55
5744,2025-07-17,13,2,88.9,0.0,6.9,426.72,124.46
5745,2025-07-17,28,1,84.3,0.0,4.3,379.35,101.16
5746,2025-07-17,19,5,42.7,6.6,11.8,252.7,98.21
5747,2025-07-17,28,1,49.8,0.0,8.2,224.1,59.76
5748,2025-07-17,8,1,65.0,0.0,1.7,292.5,78.0
5749,2025-07-17,1,1,56.4,0.0,4.8,253.8,67.68
5750,2025-07-17,12,1,58.0,0.0,8.8,261.0,69.6
5751,2025-07-17,23,2,54.3,0.0,5.9,260.64,76.02
5752,2025-07-17,13,1,84.0,0.0,7.8,378.0,100.8
5753,2025-07-17,29,6,31.4,0.0,5.0,157.0,47.1
5754,2025-07-17,14,2,88.7,0.0,2.1,425.76,124.18
5755,2025-07-17,9,1,72.6,0.0,4.1,326.7,87.12
5756,2025-07-17,4,6,26.1,0.0,4.5,130.5,39.15
5757,2025-07-17,11,3,34.7,0.0,9.2,225.55,72.87
5758,2025-07-17,3,4,65.6,0.0,7.6,380.48,124.64
5759,2025-07-17,27,4,88.4,0.0,4.0,512.72,167.96
5760,2025-07-17,29,4,81.9,0.0,4.7,475.02,155.61
5761,2025-07-17,26,3,85.3,0.0,6.5,554.45,179.13
5762,2025-07-17,5,6,41.9,0.0,11.4,209.5,62.85
5763,2025-07-17,15,2,68.6,0.0,8.9,329.28,96.04
5764,2025-07-17,23,4,30.5,0.0,4.6,176.9,57.95
5765,2025-07-17,26,1,50.9,0.0,4.4,229.05,61.08
5766,2025-07-18,14,6,83.3,0.0,5.8,416.5,124.95
5767,2025-07-18,30,3,88.2,0.0,4.3,573.3,185.22
5768,2025-07-18,30,1,50.9,0.0,4.7,229.05,61.08
5769,2025-07-18,21,1,81.1,0.0,3.9,364.95,97.32
5770,2025-07-18,13,4,62.2,0.0,7.3,360.76,118.18
5771,2025-07-18,1,5,66.6,0.0,8.1,466.2,153.18
5772,2025-07-18,3,3,94.7,0.0,7.7,615.55,198.87
5773,2025-07-18,24,4,36.7,0.0,6.8,212.86,69.73
5774,2025-07-18,27,2,23.8,0.0,8.6,114.24,33.32
5775,2025-07-18,17,1,21.6,0.0,5.1,97.2,25.92
5776,2025-07-18,16,6,20.4,0.0,6.4,102.0,30.6
5777,2025-07-18,3,1,87.2,0.0,7.7,392.4,104.64
5778,2025-07-18,17,5,60.8,0.0,2.5,425.6,139.84
5779,2025-07-18,6,5,57.3,0.0,8.2,401.1,131.79
5780,2025-07-18,26,1,58.4,0.0,4.2,262.8,70.08
5781,2025-07-18,10,6,53.9,18.2,4.3,178.5,80.85
5782,2025-07-18,20,5,97.3,0.0,8.9,681.1,223.79
5783,2025-07-18,8,1,48.5,0.0,5.4,218.25,58.2
5784,2025-07-18,16,6,28.8,0.0,6.9,144.0,43.2
5785,2025-07-18,4,1,65.6,0.0,5.7,295.2,78.72
5786,2025-07-18,5,5,88.4,0.0,8.6,618.8,203.32
5787,2025-07-18,2,6,42.3,0.0,3.8,211.5,63.45
5788,2025-07-18,26,3,82.4,0.0,6.0,535.6,173.04
5789,2025-07-18,13,6,47.2,0.0,7.7,236.0,70.8
5790,2025-07-18,1,4,68.7,0.0,8.1,398.46,130.53
5791,2025-07-18,9,4,79.3,0.0,7.3,459.94,150.67
5792,2025-07-18,4,3,56.3,0.0,8.1,365.95,118.23
5793,2025-07-18,27,4,69.1,0.0,7.6,400.78,131.29
5794,2025-07-18,7,6,96.8,0.0,3.1,484.0,145.2
5795,2025-07-18,21,1,76.0,0.0,3.5,342.0,91.2
5796,2025-07-18,14,3,42.5,0.0,7.0,276.25,89.25
5797,2025-07-18,8,1,99.1,0.0,5.9,445.95,118.92
5798,2025-07-18,8,3,49.1,10.7,9.6,249.6,103.11
5799,2025-07-18,9,3,23.4,0.0,6.6,152.1,49.14
5800,2025-07-18,20,1,52.9,0.0,4.9,238.05,63.48
5801,2025-07-18,20,3,79.8,26.5,5.3,346.45,167.58
5802,2025-07-18,28,4,89.3,0.0,8.9,517.94,169.67
5803,2025-07-18,15,6,44.5,0.0,6.1,222.5,66.75
5804,2025-07-18,4,5,91.5,0.0,5.7,640.5,210.45
5805,2025-07-19,2,3,68.6,0.0,6.3,445.9,144.06
5806,2025-07-19,15,6,78.3,0.0,6.2,391.5,117.45
5807,2025-07-19,16,6,25.4,0.0,7.0,127.0,38.1
5808,2025-07-19,25,5,35.2,0.0,9.0,246.4,80.96
5809,2025-07-19,2,4,40.5,0.0,12.0,234.9,76.95
5810,2025-07-19,6,4,91.4,0.0,1.5,530.12,173.66
5811,2025-07-19,26,5,99.0,0.0,9.3,693.0,227.7
5812,2025-07-19,27,1,59.6,0.0,5.3,268.2,71.52
5813,2025-07-19,22,6,28.6,0.0,5.5,143.0,42.9
5814,2025-07-19,20,1,32.8,0.0,6.3,147.6,39.36
5815,2025-07-19,27,1,38.8,0.0,5.1,174.6,46.56
5816,2025-07-19,6,4,99.0,0.0,3.9,574.2,188.1
5817,2025-07-19,22,6,60.3,0.0,5.8,301.5,90.45
5818,2025-07-19,26,1,45.5,8.8,1.9,165.15,54.6
5819,2025-07-19,23,4,67.9,0.0,5.9,393.82,129.01
5820,2025-07-19,12,6,66.2,0.0,7.2,331.0,99.3
5821,2025-07-19,8,1,29.9,0.0,8.4,134.55,35.88
5822,2025-07-19,19,3,89.2,0.0,7.2,579.8,187.32
5823,2025-07-19,5,4,58.8,0.0,7.8,341.04,111.72
5824,2025-07-19,22,3,66.8,0.0,5.1,434.2,140.28
5825,2025-07-19,11,2,94.3,0.0,4.5,452.64,132.02
5826,2025-07-19,15,1,27.6,0.0,4.5,124.2,33.12
5827,2025-07-19,8,4,94.3,0.0,6.8,546.94,179.17
5828,2025-07-19,12,5,58.9,0.0,8.8,412.3,135.47
5829,2025-07-19,14,6,93.9,0.0,6.5,469.5,140.85
5830,2025-07-19,5,6,54.0,0.0,6.8,270.0,81.0
5831,2025-07-19,6,6,57.4,0.0,4.0,287.0,86.1
5832,2025-07-19,18,1,81.2,18.4,7.2,282.6,97.44
5833,2025-07-19,17,5,91.7,0.0,8.4,641.9,210.91
5834,2025-07-19,25,5,26.4,0.0,8.0,184.8,60.72
5835,2025-07-20,14,4,96.3,0.0,5.2,558.54,182.97
5836,2025-07-20,8,2,95.1,0.0,6.3,456.48,133.14
5837,2025-07-20,15,3,26.7,0.0,4.9,173.55,56.07
5838,2025-07-20,3,4,91.5,0.0,6.7,530.7,173.85
5839,2025-07-20,10,5,43.4,0.0,5.9,303.8,99.82
5840,2025-07-20,17,2,98.1,0.0,3.2,470.88,137.34
5841,2025-07-20,19,5,46.6,0.0,4.6,326.2,107.18
5842,2025-07-20,4,6,21.3,0.0,2.9,106.5,31.95
5843,2025-07-20,19,4,66.8,0.0,5.3,387.44,126.92
5844,2025-07-20,8,6,33.7,0.0,10.6,168.5,50.55
5845,2025-07-20,29,5,89.9,0.0,7.1,629.3,206.77
5846,2025-07-20,20,1,54.8,0.0,4.7,246.6,65.76
5847,2025-07-20,14,1,74.5,0.0,7.0,335.25,89.4
5848,2025-07-20,11,3,68.3,0.0,6.9,443.95,143.43
5849,2025-07-20,25,5,26.4,0.0,1.8,184.8,60.72
5850,2025-07-20,28,4,84.5,0.0,4.1,490.1,160.55
5851,2025-07-20,7,3,34.1,0.0,6.4,221.65,71.61
5852,2025-07-20,22,2,43.0,0.0,8.8,206.4,60.2
5853,2025-07-20,28,3,72.2,0.0,6.6,469.3,151.62
5854,2025-07-20,7,2,95.5,0.0,6.6,458.4,133.7
5855,2025-07-20,15,6,91.3,0.0,2.7,456.5,136.95
5856,2025-07-20,27,1,33.5,0.0,0.4,150.75,40.2
5857,2025-07-20,13,1,47.1,0.0,6.1,211.95,56.52
5858,2025-07-20,3,5,74.9,0.0,7.0,524.3,172.27
5859,2025-07-20,18,4,40.7,0.0,11.4,236.06,77.33
5860,2025-07-20,27,4,46.2,0.0,3.8,267.96,87.78
5861,2025-07-20,13,6,61.5,0.0,5.0,307.5,92.25
5862,2025-07-20,30,5,23.8,0.0,4.9,166.6,54.74
5863,2025-07-20,23,1,43.2,0.0,6.4,194.4,51.84
5864,2025-07-20,8,4,84.0,0.0,5.0,487.2,159.6
5865,2025-07-20,3,2,83.4,22.3,4.2,293.28,116.76
5866,2025-07-21,17,6,45.1,0.0,7.9,225.5,67.65
5867,2025-07-21,3,6,56.1,0.0,6.0,280.5,84.15
5868,2025-07-21,17,1,83.2,0.0,5.8,374.4,99.84
5869,2025-07-21,25,4,91.1,0.0,4.8,528.38,173.09
5870,2025-07-21,10,4,30.9,0.0,2.2,179.22,58.71
5871,2025-07-21,18,1,94.3,0.0,7.4,424.35,113.16
5872,2025-07-21,5,2,50.1,0.0,2.9,240.48,70.14
5873,2025-07-21,9,3,44.3,0.0,9.3,287.95,93.03
5874,2025-07-21,24,1,25.1,0.0,7.8,112.95,30.12
5875,2025-07-21,9,6,44.8,0.0,5.6,224.0,67.2
5876,2025-07-21,18,1,57.8,0.0,4.5,260.1,69.36
5877,2025-07-21,14,4,37.8,0.0,6.8,219.24,71.82
5878,2025-07-21,15,4,90.6,0.0,6.0,525.48,172.14
5879,2025-07-21,13,2,62.6,0.0,3.1,300.48,87.64
5880,2025-07-21,18,1,22.9,0.0,6.9,103.05,27.48
5881,2025-07-21,11,1,52.8,0.0,2.2,237.6,63.36
5882,2025-07-22,25,5,63.8,0.0,3.9,446.6,146.74
5883,2025-07-22,29,4,38.0,0.0,10.7,220.4,72.2
5884,2025-07-22,8,3,38.1,0.0,6.3,247.65,80.01
5885,2025-07-22,6,5,48.0,0.0,5.6,336.0,110.4
5886,2025-07-22,9,2,21.2,0.0,5.8,101.76,29.68
5887,2025-07-22,1,6,99.4,0.0,5.5,497.0,149.1
5888,2025-07-22,19,5,33.6,0.0,5.7,235.2,77.28
5889,2025-07-22,7,5,57.6,14.6,7.7,301.0,132.48
5890,2025-07-22,5,3,33.4,0.0,4.4,217.1,70.14
5891,2025-07-22,24,6,49.4,0.0,8.6,247.0,74.1
5892,2025-07-22,15,5,58.2,0.0,10.2,407.4,133.86
5893,2025-07-22,18,1,44.4,0.0,8.9,199.8,53.28
5894,2025-07-22,17,2,20.9,0.0,5.3,100.32,29.26
5895,2025-07-22,29,4,94.1,0.0,9.2,545.78,178.79
5896,2025-07-22,24,4,66.4,0.0,2.8,385.12,126.16
5897,2025-07-22,4,1,50.1,0.0,0.9,225.45,60.12
5898,2025-07-22,19,5,71.3,0.0,3.4,499.1,163.99
5899,2025-07-22,20,2,44.9,0.0,9.0,215.52,62.86
5900,2025-07-22,5,4,86.9,0.0,3.2,504.02,165.11
5901,2025-07-22,1,1,98.4,0.0,6.4,442.8,118.08
5902,2025-07-22,27,2,97.8,0.0,7.5,469.44,136.92
5903,2025-07-22,11,6,66.2,20.6,5.5,228.0,99.3
5904,2025-07-22,29,6,68.0,0.0,5.7,340.0,102.0
5905,2025-07-22,27,2,46.3,0.0,5.2,222.24,64.82
5906,2025-07-22,15,1,38.9,0.0,10.1,175.05,46.68
5907,2025-07-22,19,6,89.9,0.0,9.1,449.5,134.85
5908,2025-07-22,24,5,75.5,0.0,4.7,528.5,173.65
5909,2025-07-22,21,5,37.6,0.0,5.1,263.2,86.48
5910,2025-07-22,2,1,60.4,0.0,6.9,271.8,72.48
5911,2025-07-23,6,6,55.4,0.0,6.9,277.0,83.1
5912,2025-07-23,25,5,79.7,0.0,7.5,557.9,183.31
5913,2025-07-23,13,3,87.0,0.0,5.3,565.5,182.7
5914,2025-07-23,22,4,87.3,0.0,8.2,506.34,165.87
5915,2025-07-23,13,4,31.2,0.0,10.3,180.96,59.28
5916,2025-07-23,18,2,64.7,0.0,5.5,310.56,90.58
5917,2025-07-23,28,6,76.3,0.0,9.5,381.5,114.45
5918,2025-07-23,29,5,75.2,0.0,4.3,526.4,172.96
5919,2025-07-23,21,4,50.4,0.0,0.0,292.32,95.76
5920,2025-07-23,19,3,46.5,0.0,9.7,302.25,97.65
5921,2025-07-23,7,1,42.5,0.0,2.6,191.25,51.0
5922,2025-07-23,30,2,21.4,2.2,4.9,92.16,29.96
5923,2025-07-23,13,2,86.4,0.0,7.5,414.72,120.96
5924,2025-07-23,28,3,78.0,0.0,1.6,507.0,163.8
5925,2025-07-23,2,3,97.7,0.0,6.8,635.05,205.17
5926,2025-07-23,10,4,91.4,0.0,6.5,530.12,173.66
5927,2025-07-23,23,3,98.7,0.0,1.1,641.55,207.27
5928,2025-07-23,26,2,24.4,0.0,6.6,117.12,34.16
5929,2025-07-23,29,2,48.1,13.7,9.2,165.12,67.34
5930,2025-07-23,23,5,83.3,0.0,7.2,583.1,191.59
5931,2025-07-23,7,3,26.9,0.0,2.4,174.85,56.49
5932,2025-07-24,1,2,90.4,0.0,4.5,433.92,126.56
5933,2025-07-24,8,3,48.2,0.0,5.6,313.3,101.22
5934,2025-07-24,16,6,35.1,0.0,8.2,175.5,52.65
5935,2025-07-24,18,3,50.7,0.0,7.8,329.55,106.47
5936,2025-07-24,23,5,99.3,0.0,2.9,695.1,228.39
5937,2025-07-24,24,4,62.3,0.0,5.5,361.34,118.37
5938,2025-07-24,14,3,91.7,0.0,4.2,596.05,192.57
5939,2025-07-24,30,2,52.8,0.0,8.7,253.44,73.92
5940,2025-07-24,11,1,60.7,0.0,2.0,273.15,72.84
5941,2025-07-24,20,4,78.7,0.0,9.3,456.46,149.53
5942,2025-07-24,23,4,77.3,0.0,3.7,448.34,146.87
5943,2025-07-24,4,1,86.7,0.0,5.8,390.15,104.04
5944,2025-07-24,15,4,61.7,0.0,6.2,357.86,117.23
5945,2025-07-24,30,5,93.5,0.0,4.8,654.5,215.05
5946,2025-07-24,14,3,29.9,0.0,9.0,194.35,62.79
5947,2025-07-24,13,2,97.3,0.0,5.0,467.04,136.22
5948,2025-07-24,6,6,43.1,0.0,10.4,215.5,64.65
5949,2025-07-24,12,2,99.2,0.0,11.8,476.16,138.88
5950,2025-07-24,27,4,56.0,0.0,7.8,324.8,106.4
5951,2025-07-25,7,3,78.6,0.0,8.8,510.9,165.06
5952,2025-07-25,18,4,50.0,0.0,5.2,290.0,95.0
5953,2025-07-25,29,2,20.0,0.0,9.0,96.0,28.0
5954,2025-07-25,18,2,57.6,0.0,2.4,276.48,80.64
5955,2025-07-25,6,6,85.8,0.0,7.8,429.0,128.7
5956,2025-07-25,14,6,81.0,20.2,5.1,304.0,121.5
5957,2025-07-25,12,3,94.8,0.0,1.2,616.2,199.08
5958,2025-07-25,30,5,87.8,0.0,4.7,614.6,201.94
5959,2025-07-25,30,4,63.4,0.0,4.8,367.72,120.46
5960,2025-07-25,11,5,54.3,0.0,7.2,380.1,124.89
5961,2025-07-25,22,3,76.8,0.0,9.3,499.2,161.28
5962,2025-07-25,13,3,77.4,0.0,3.9,503.1,162.54
5963,2025-07-25,17,4,86.9,0.0,7.4,504.02,165.11
5964,2025-07-25,19,1,24.5,0.0,6.2,110.25,29.4
5965,2025-07-25,19,4,92.1,0.0,3.8,534.18,174.99
5966,2025-07-25,7,6,49.0,0.0,4.9,245.0,73.5
5967,2025-07-25,28,2,33.4,0.0,3.9,160.32,46.76
5968,2025-07-25,8,3,84.6,0.0,2.3,549.9,177.66
5969,2025-07-25,27,6,89.7,0.0,7.9,448.5,134.55
5970,2025-07-25,8,5,65.9,0.0,5.1,461.3,151.57
5971,2025-07-25,11,5,79.6,0.0,3.8,557.2,183.08
5972,2025-07-25,5,4,31.5,0.0,6.3,182.7,59.85
5973,2025-07-25,3,3,31.5,0.0,8.1,204.75,66.15
5974,2025-07-25,27,2,45.1,0.0,0.7,216.48,63.14
5975,2025-07-25,29,3,72.0,0.0,1.4,468.0,151.2
5976,2025-07-25,21,4,84.8,0.0,5.5,491.84,161.12
5977,2025-07-25,11,1,42.0,0.0,8.7,189.0,50.4
5978,2025-07-25,20,6,66.0,0.0,7.8,330.0,99.0
5979,2025-07-25,18,3,97.5,0.0,2.4,633.75,204.75
5980,2025-07-25,5,4,85.5,0.0,1.7,495.9,162.45
5981,2025-07-25,24,5,53.7,0.0,11.0,375.9,123.51
5982,2025-07-25,26,4,84.2,13.2,6.7,411.8,159.98
5983,2025-07-25,26,5,90.8,0.0,9.1,635.6,208.84
5984,2025-07-25,5,5,88.4,0.0,7.7,618.8,203.32
5985,2025-07-25,14,3,89.5,0.0,7.0,581.75,187.95
5986,2025-07-25,14,2,66.4,0.0,7.5,318.72,92.96
5987,2025-07-25,22,4,85.0,30.6,0.2,315.52,161.5
5988,2025-07-26,19,3,48.1,0.0,4.9,312.65,101.01
5989,2025-07-26,15,4,97.7,0.0,3.2,566.66,185.63
5990,2025-07-26,23,3,30.3,9.0,9.1,138.45,63.63
5991,2025-07-26,3,2,23.0,0.0,7.8,110.4,32.2
5992,2025-07-26,1,1,37.4,0.0,8.2,168.3,44.88
5993,2025-07-26,22,2,61.1,0.0,8.1,293.28,85.54
5994,2025-07-26,5,6,83.2,0.0,7.4,416.0,124.8
5995,2025-07-26,13,6,66.2,0.0,5.7,331.0,99.3
5996,2025-07-26,16,1,99.1,0.0,6.4,445.95,118.92
5997,2025-07-26,13,2,32.6,10.7,10.7,105.12,45.64
5998,2025-07-26,12,1,61.3,0.0,9.8,275.85,73.56
5999,2025-07-26,26,1,87.4,0.0,2.9,393.3,104.88
6000,2025-07-26,5,4,66.0,0.0,4.9,382.8,125.4
6001,2025-07-26,5,1,48.0,16.8,13.2,140.4,57.6
6002,2025-07-26,26,6,52.9,0.0,1.9,264.5,79.35
6003,2025-07-26,23,2,44.2,11.0,5.3,159.36,61.88
6004,2025-07-26,24,5,57.4,0.0,4.0,401.8,132.02
6005,2025-07-26,13,5,85.9,0.0,7.6,601.3,197.57
6006,2025-07-26,5,4,38.0,0.0,4.0,220.4,72.2
6007,2025-07-26,9,1,24.2,0.0,3.7,108.9,29.04
6008,2025-07-26,3,2,35.1,0.0,7.9,168.48,49.14
6009,2025-07-26,4,5,51.8,0.0,5.4,362.6,119.14
6010,2025-07-26,22,2,74.2,0.0,10.4,356.16,103.88
6011,2025-07-26,4,1,74.0,0.0,4.6,333.0,88.8
6012,2025-07-26,24,6,27.6,0.0,7.2,138.0,41.4
6013,2025-07-26,2,5,60.3,0.0,5.0,422.1,138.69
6014,2025-07-26,9,3,88.4,0.0,3.1,574.6,185.64
6015,2025-07-26,19,6,99.4,0.0,1.6,497.0,149.1
6016,2025-07-26,3,5,34.7,0.0,4.2,242.9,79.81
6017,2025-07-26,14,2,29.3,0.0,2.2,140.64,41.02
6018,2025-07-26,12,2,25.3,0.0,6.3,121.44,35.42
6019,2025-07-26,6,5,73.1,0.0,4.7,511.7,168.13
6020,2025-07-26,9,6,50.1,0.0,6.9,250.5,75.15
6021,2025-07-26,5,5,97.7,0.0,7.4,683.9,224.71
6022,2025-07-26,28,2,38.3,0.0,2.4,183.84,53.62
6023,2025-07-26,27,4,20.0,4.5,8.8,89.9,38.0
6024,2025-07-26,19,4,98.6,0.0,8.5,571.88,187.34
6025,2025-07-26,8,6,48.5,0.0,5.0,242.5,72.75
6026,2025-07-26,25,3,87.8,0.0,5.8,570.7,184.38
6027,2025-07-26,6,2,67.6,0.0,4.4,324.48,94.64
6028,2025-07-27,20,1,37.6,0.0,3.2,169.2,45.12
6029,2025-07-27,11,1,78.9,0.0,2.9,355.05,94.68
6030,2025-07-27,25,5,59.7,0.0,2.8,417.9,137.31
6031,2025-07-27,4,2,30.4,0.0,6.0,145.92,42.56
6032,2025-07-27,3,4,41.8,0.0,6.7,242.44,79.42
6033,2025-07-27,6,4,37.8,0.0,7.2,219.24,71.82
6034,2025-07-27,7,5,63.6,0.0,7.7,445.2,146.28
6035,2025-07-27,28,4,60.4,0.0,8.0,350.32,114.76
6036,2025-07-27,12,1,50.4,0.0,6.5,226.8,60.48
6037,2025-07-27,8,6,51.1,0.0,8.0,255.5,76.65
6038,2025-07-27,27,5,40.2,0.0,9.5,281.4,92.46
6039,2025-07-27,24,1,21.2,0.0,2.0,95.4,25.44
6040,2025-07-27,14,5,24.0,0.0,8.8,168.0,55.2
6041,2025-07-27,30,2,83.5,0.0,4.4,400.8,116.9
6042,2025-07-27,16,3,89.7,0.0,3.1,583.05,188.37
6043,2025-07-27,14,4,52.7,0.0,5.6,305.66,100.13
6044,2025-07-27,24,5,94.2,35.5,4.9,410.9,216.66
6045,2025-07-27,27,5,83.5,0.0,6.1,584.5,192.05
6046,2025-07-27,12,5,33.4,0.0,7.8,233.8,76.82
6047,2025-07-27,26,6,54.3,0.0,6.6,271.5,81.45
6048,2025-07-27,28,3,46.7,0.0,5.0,303.55,98.07
6049,2025-07-27,6,4,20.7,5.4,1.0,88.74,39.33
6050,2025-07-27,9,2,51.6,0.0,6.9,247.68,72.24
6051,2025-07-27,2,1,56.6,0.0,1.1,254.7,67.92
6052,2025-07-27,7,6,64.3,0.0,2.1,321.5,96.45
6053,2025-07-27,4,3,97.3,0.0,6.5,632.45,204.33
6054,2025-07-27,28,3,29.5,0.0,4.0,191.75,61.95
6055,2025-07-27,11,1,60.6,0.0,6.8,272.7,72.72
6056,2025-07-27,6,6,52.8,0.0,4.6,264.0,79.2
6057,2025-07-27,24,5,55.8,0.0,8.4,390.6,128.34
6058,2025-07-27,5,2,99.3,0.0,14.8,476.64,139.02
6059,2025-07-27,10,4,44.0,0.0,8.9,255.2,83.6
6060,2025-07-27,9,3,44.6,0.0,3.3,289.9,93.66
6061,2025-07-27,5,4,93.7,0.0,5.9,543.46,178.03
6062,2025-07-27,12,1,27.9,0.0,4.4,125.55,33.48
6063,2025-07-27,4,3,33.8,6.1,9.2,180.05,70.98
6064,2025-07-27,11,1,66.6,0.0,8.0,299.7,79.92
6065,2025-07-27,25,1,90.7,0.0,5.3,408.15,108.84
6066,2025-07-27,23,6,29.8,0.0,9.0,149.0,44.7
6067,2025-07-27,16,5,78.5,17.9,3.4,424.2,180.55
6068,2025-07-27,9,5,60.4,0.0,5.0,422.8,138.92
6069,2025-07-27,19,1,59.2,0.0,7.9,266.4,71.04
6070,2025-07-27,28,1,92.9,0.0,10.7,418.05,111.48
6071,2025-07-27,26,3,86.3,0.0,3.0,560.95,181.23
6072,2025-07-27,10,4,81.1,0.0,3.7,470.38,154.09
6073,2025-07-27,25,5,20.8,0.0,3.2,145.6,47.84
6074,2025-07-27,3,6,92.5,0.0,10.5,462.5,138.75
6075,2025-07-27,2,5,67.0,0.0,6.6,469.0,154.1
6076,2025-07-27,13,5,59.0,0.0,8.8,413.0,135.7
6077,2025-07-27,13,5,51.9,0.0,4.5,363.3,119.37
6078,2025-07-27,22,1,67.6,0.0,5.7,304.2,81.12
6079,2025-07-28,25,4,30.3,0.0,2.0,175.74,57.57
6080,2025-07-28,4,4,93.7,0.0,5.4,543.46,178.03
6081,2025-07-28,20,5,97.7,0.0,6.0,683.9,224.71
6082,2025-07-28,15,5,21.5,0.0,5.5,150.5,49.45
6083,2025-07-28,1,3,68.4,0.0,5.5,444.6,143.64
6084,2025-07-28,1,3,73.8,23.5,-2.2,326.95,154.98
6085,2025-07-28,15,6,51.5,0.0,5.4,257.5,77.25
6086,2025-07-28,20,6,44.2,0.0,6.6,221.0,66.3
6087,2025-07-28,10,4,30.2,0.0,5.6,175.16,57.38
6088,2025-07-28,25,2,77.0,0.0,5.9,369.6,107.8
6089,2025-07-28,9,2,54.2,0.0,3.0,260.16,75.88
6090,2025-07-28,9,3,70.3,0.0,4.6,456.95,147.63
6091,2025-07-28,5,5,68.8,0.0,6.2,481.6,158.24
6092,2025-07-28,13,6,98.0,0.0,7.1,490.0,147.0
6093,2025-07-28,25,1,27.4,0.0,4.7,123.3,32.88
6094,2025-07-28,7,5,40.4,0.0,2.7,282.8,92.92
6095,2025-07-28,21,4,42.3,0.0,6.0,245.34,80.37
6096,2025-07-28,7,3,36.3,0.0,6.8,235.95,76.23
6097,2025-07-28,22,3,91.8,0.0,9.1,596.7,192.78
6098,2025-07-28,2,1,81.4,0.0,4.7,366.3,97.68
6099,2025-07-28,29,6,21.2,0.0,3.8,106.0,31.8
6100,2025-07-28,14,5,84.3,0.0,4.9,590.1,193.89
6101,2025-07-28,29,4,63.6,0.0,5.2,368.88,120.84
6102,2025-07-28,20,2,31.2,0.0,4.5,149.76,43.68
6103,2025-07-28,9,6,31.6,3.5,3.5,140.5,47.4
6104,2025-07-28,27,4,55.5,0.0,6.7,321.9,105.45
6105,2025-07-28,22,1,58.9,0.0,5.8,265.05,70.68
6106,2025-07-28,4,6,92.6,0.0,3.7,463.0,138.9
6107,2025-07-28,17,3,89.1,0.0,3.5,579.15,187.11
6108,2025-07-29,14,6,97.7,0.0,9.2,488.5,146.55
6109,2025-07-29,1,4,59.2,0.0,5.1,343.36,112.48
6110,2025-07-29,6,1,70.4,0.0,8.7,316.8,84.48
6111,2025-07-29,24,3,39.7,0.0,8.8,258.05,83.37
6112,2025-07-29,17,3,33.0,0.0,7.9,214.5,69.3
6113,2025-07-29,7,6,47.5,0.0,5.9,237.5,71.25
6114,2025-07-29,19,6,29.0,0.0,7.9,145.0,43.5
6115,2025-07-29,23,3,43.3,0.0,5.5,281.45,90.93
6116,2025-07-29,3,5,62.1,0.0,5.1,434.7,142.83
6117,2025-07-29,15,1,48.4,0.0,2.8,217.8,58.08
6118,2025-07-29,8,6,96.5,0.0,4.4,482.5,144.75
6119,2025-07-29,10,1,27.1,0.0,4.6,121.95,32.52
6120,2025-07-29,13,3,93.8,0.0,2.8,609.7,196.98
6121,2025-07-29,10,3,94.5,32.9,4.9,400.4,198.45
6122,2025-07-29,17,5,70.2,0.0,3.0,491.4,161.46
6123,2025-07-29,5,6,46.0,0.0,5.1,230.0,69.0
6124,2025-07-30,6,4,48.1,0.0,6.9,278.98,91.39
6125,2025-07-30,27,2,25.7,0.0,3.3,123.36,35.98
6126,2025-07-30,15,2,27.2,0.0,8.1,130.56,38.08
6127,2025-07-30,18,2,86.6,0.0,4.8,415.68,121.24
6128,2025-07-30,2,5,69.0,0.0,5.2,483.0,158.7
6129,2025-07-30,15,3,54.6,7.5,3.5,306.15,114.66
6130,2025-07-30,10,5,29.1,0.0,7.7,203.7,66.93
6131,2025-07-30,21,3,99.4,0.0,4.0,646.1,208.74
6132,2025-07-30,7,6,64.5,0.0,5.4,322.5,96.75
6133,2025-07-30,2,6,88.1,0.0,7.0,440.5,132.15
6134,2025-07-30,1,2,61.9,21.2,7.3,195.36,86.66
6135,2025-07-30,12,5,67.8,0.0,6.9,474.6,155.94
6136,2025-07-30,29,3,84.6,0.0,4.0,549.9,177.66
6137,2025-07-30,26,1,31.2,0.0,3.4,140.4,37.44
6138,2025-07-30,16,4,91.5,0.0,8.8,530.7,173.85
6139,2025-07-30,8,2,88.0,0.0,4.6,422.4,123.2
6140,2025-07-30,12,6,46.6,0.0,7.7,233.0,69.9
6141,2025-07-30,23,5,78.5,0.0,5.3,549.5,180.55
6142,2025-07-30,24,3,26.0,0.0,4.3,169.0,54.6
6143,2025-07-30,19,4,40.0,0.0,3.5,232.0,76.0
6144,2025-07-30,3,1,53.8,0.0,5.0,242.1,64.56
6145,2025-07-30,23,2,86.1,0.0,5.5,413.28,120.54
6146,2025-07-30,11,4,82.1,0.0,4.2,476.18,155.99
6147,2025-07-30,13,6,55.6,0.0,5.5,278.0,83.4
6148,2025-07-30,8,5,70.4,0.0,4.3,492.8,161.92
6149,2025-07-30,20,1,86.4,9.8,5.6,344.7,103.68
6150,2025-07-30,17,4,47.6,0.0,8.2,276.08,90.44
6151,2025-07-30,30,5,49.4,0.0,6.3,345.8,113.62
6152,2025-07-30,21,6,22.8,0.0,5.9,114.0,34.2
6153,2025-07-30,17,6,41.7,0.0,4.4,208.5,62.55
6154,2025-07-30,2,3,49.5,0.0,1.9,321.75,103.95
6155,2025-07-30,12,5,91.2,0.0,3.3,638.4,209.76
6156,2025-07-30,10,5,28.7,0.0,8.3,200.9,66.01
6157,2025-07-30,1,2,52.2,0.0,7.3,250.56,73.08
6158,2025-07-31,3,1,24.7,0.0,3.6,111.15,29.64
6159,2025-07-31,22,1,34.2,0.0,1.7,153.9,41.04
6160,2025-07-31,9,6,58.8,0.0,2.3,294.0,88.2
6161,2025-07-31,2,2,60.8,19.8,11.6,196.8,85.12
6162,2025-07-31,27,1,97.5,0.0,6.1,438.75,117.0
6163,2025-07-31,6,1,67.2,0.0,6.2,302.4,80.64
6164,2025-07-31,18,3,89.4,0.0,6.9,581.1,187.74
6165,2025-07-31,28,3,90.4,0.0,6.5,587.6,189.84
6166,2025-07-31,4,6,67.2,0.0,6.8,336.0,100.8
6167,2025-07-31,21,5,48.7,0.0,5.1,340.9,112.01
6168,2025-07-31,2,3,31.4,0.0,5.3,204.1,65.94
6169,2025-07-31,8,1,52.7,0.0,7.9,237.15,63.24
6170,2025-07-31,12,1,96.2,0.0,8.5,432.9,115.44
6171,2025-07-31,1,1,56.2,0.0,3.4,252.9,67.44
6172,2025-07-31,20,5,99.1,0.0,9.5,693.7,227.93
6173,2025-07-31,21,2,95.7,0.0,3.4,459.36,133.98
6174,2025-07-31,14,3,50.8,0.0,-2.4,330.2,106.68
6175,2025-07-31,18,4,67.5,0.0,7.0,391.5,128.25
6176,2025-07-31,23,1,56.1,0.0,5.7,252.45,67.32
6177,2025-08-01,11,6,26.4,0.0,9.6,132.0,39.6
6178,2025-08-01,2,1,41.1,0.0,8.5,184.95,49.32
6179,2025-08-01,7,3,67.0,0.0,5.2,435.5,140.7
6180,2025-08-01,5,6,95.9,0.0,5.6,479.5,143.85
6181,2025-08-01,9,6,92.4,0.0,6.6,462.0,138.6
6182,2025-08-01,2,2,58.6,0.0,12.9,281.28,82.04
6183,2025-08-01,27,3,32.8,0.0,7.0,213.2,68.88
6184,2025-08-01,29,5,37.9,0.0,9.1,265.3,87.17
6185,2025-08-01,20,2,90.3,0.0,6.3,433.44,126.42
6186,2025-08-01,1,1,39.7,0.0,4.4,178.65,47.64
6187,2025-08-01,26,4,30.0,0.0,8.4,174.0,57.0
6188,2025-08-01,1,6,99.7,0.0,9.9,498.5,149.55
6189,2025-08-01,1,2,89.4,0.0,4.1,429.12,125.16
6190,2025-08-01,14,2,81.5,0.0,2.6,391.2,114.1
6191,2025-08-01,7,1,75.0,0.0,6.8,337.5,90.0
6192,2025-08-01,15,1,67.6,0.0,5.6,304.2,81.12
6193,2025-08-01,22,2,71.5,0.0,10.0,343.2,100.1
6194,2025-08-01,22,6,56.0,0.0,4.1,280.0,84.0
6195,2025-08-01,25,6,93.3,0.0,6.4,466.5,139.95
6196,2025-08-01,13,6,95.1,0.0,4.2,475.5,142.65
6197,2025-08-01,5,4,92.7,0.0,8.5,537.66,176.13
6198,2025-08-01,12,3,83.2,0.0,6.8,540.8,174.72
6199,2025-08-01,20,4,52.1,0.0,5.9,302.18,98.99
6200,2025-08-01,5,1,47.3,0.0,8.8,212.85,56.76
6201,2025-08-01,23,4,90.2,0.0,6.9,523.16,171.38
6202,2025-08-01,27,6,35.7,0.0,2.7,178.5,53.55
6203,2025-08-01,19,1,75.3,0.0,6.3,338.85,90.36
6204,2025-08-01,24,3,77.3,0.0,4.7,502.45,162.33
6205,2025-08-01,30,4,98.8,0.0,7.3,573.04,187.72
6206,2025-08-01,20,5,99.0,0.0,8.5,693.0,227.7
6207,2025-08-01,11,4,75.6,0.0,5.7,438.48,143.64
6208,2025-08-01,8,6,96.0,0.0,5.5,480.0,144.0
6209,2025-08-01,16,6,75.6,0.0,8.4,378.0,113.4
6210,2025-08-01,16,1,74.9,0.0,-0.9,337.05,89.88
6211,2025-08-01,18,3,77.2,0.0,7.4,501.8,162.12
6212,2025-08-01,10,5,37.3,0.0,8.3,261.1,85.79
6213,2025-08-01,5,6,30.5,0.0,7.0,152.5,45.75
6214,2025-08-01,3,2,59.1,0.0,5.1,283.68,82.74
6215,2025-08-01,14,1,49.3,0.0,10.7,221.85,59.16
6216,2025-08-01,19,2,97.1,0.0,6.9,466.08,135.94
6217,2025-08-02,14,1,92.1,0.0,6.6,414.45,110.52
6218,2025-08-02,9,1,91.1,0.0,2.4,409.95,109.32
6219,2025-08-02,28,2,83.0,0.0,4.6,398.4,116.2
6220,2025-08-02,14,4,72.1,0.0,7.5,418.18,136.99
6221,2025-08-02,12,6,35.1,0.0,5.1,175.5,52.65
6222,2025-08-02,26,2,99.1,0.0,8.3,475.68,138.74
6223,2025-08-02,11,2,65.1,0.0,3.2,312.48,91.14
6224,2025-08-02,14,5,68.2,0.0,3.8,477.4,156.86
6225,2025-08-02,6,5,71.8,0.0,5.3,502.6,165.14
6226,2025-08-02,18,1,53.9,0.0,1.6,242.55,64.68
6227,2025-08-02,2,6,35.2,0.0,0.7,176.0,52.8
6228,2025-08-02,17,5,32.6,0.0,6.1,228.2,74.98
6229,2025-08-02,29,4,39.8,0.0,9.2,230.84,75.62
6230,2025-08-02,28,6,67.2,0.0,5.8,336.0,100.8
6231,2025-08-02,19,6,92.4,0.0,4.0,462.0,138.6
6232,2025-08-02,1,5,63.3,0.0,1.1,443.1,145.59
6233,2025-08-02,25,2,37.3,0.0,5.9,179.04,52.22
6234,2025-08-02,26,4,44.6,0.0,2.1,258.68,84.74
6235,2025-08-02,21,3,21.7,0.0,7.2,141.05,45.57
6236,2025-08-02,24,2,66.2,0.0,7.1,317.76,92.68
6237,2025-08-02,25,4,79.6,0.0,3.6,461.68,151.24
6238,2025-08-02,11,5,89.5,0.0,1.8,626.5,205.85
6239,2025-08-02,12,4,42.7,9.1,11.3,194.88,81.13
6240,2025-08-02,30,2,36.5,13.3,4.4,111.36,51.1
6241,2025-08-02,27,4,91.5,0.0,7.4,530.7,173.85
6242,2025-08-02,17,5,64.8,0.0,5.0,453.6,149.04
6243,2025-08-02,6,4,92.2,0.0,4.5,534.76,175.18
6244,2025-08-02,18,1,81.8,0.0,7.1,368.1,98.16
6245,2025-08-02,4,3,33.4,0.0,7.8,217.1,70.14
6246,2025-08-02,29,1,56.6,0.0,3.0,254.7,67.92
6247,2025-08-02,15,2,47.1,0.0,5.0,226.08,65.94
6248,2025-08-02,27,6,86.6,0.0,5.9,433.0,129.9
6249,2025-08-02,12,2,71.6,0.0,8.9,343.68,100.24
6250,2025-08-02,6,6,38.7,0.0,6.6,193.5,58.05
6251,2025-08-02,24,3,94.2,0.0,6.7,612.3,197.82
6252,2025-08-02,14,3,33.4,0.0,7.8,217.1,70.14
6253,2025-08-02,26,1,52.6,0.0,6.6,236.7,63.12
6254,2025-08-02,18,2,24.1,0.0,6.8,115.68,33.74
6255,2025-08-02,20,6,25.1,0.0,4.4,125.5,37.65
6256,2025-08-02,24,6,88.2,0.0,7.6,441.0,132.3
6257,2025-08-02,17,5,67.2,0.0,9.5,470.4,154.56
6258,2025-08-02,12,5,25.5,0.0,4.9,178.5,58.65
6259,2025-08-03,11,3,98.0,0.0,4.2,637.0,205.8
6260,2025-08-03,29,5,99.3,0.0,3.7,695.1,228.39
6261,2025-08-03,4,4,74.7,0.0,7.8,433.26,141.93
6262,2025-08-03,6,6,65.4,0.0,6.7,327.0,98.1
6263,2025-08-03,30,1,89.6,0.0,6.6,403.2,107.52
6264,2025-08-03,12,6,93.6,0.0,5.8,468.0,140.4
6265,2025-08-03,19,4,25.4,0.0,4.6,147.32,48.26
6266,2025-08-03,16,1,61.9,0.0,5.4,278.55,74.28
6267,2025-08-03,22,2,68.6,0.0,5.8,329.28,96.04
6268,2025-08-03,7,4,92.9,0.0,5.4,538.82,176.51
6269,2025-08-03,26,1,53.9,0.0,6.6,242.55,64.68
6270,2025-08-03,7,4,50.8,0.0,3.6,294.64,96.52
6271,2025-08-03,18,3,33.9,0.0,6.5,220.35,71.19
6272,2025-08-03,26,6,95.8,0.0,4.6,479.0,143.7
6273,2025-08-03,30,5,23.8,0.0,7.0,166.6,54.74
6274,2025-08-03,28,2,32.9,0.0,9.4,157.92,46.06
6275,2025-08-03,12,4,71.9,0.0,5.4,417.02,136.61
6276,2025-08-03,29,5,95.4,27.7,6.5,473.9,219.42
6277,2025-08-03,14,6,83.5,0.0,7.2,417.5,125.25
6278,2025-08-03,8,4,46.2,0.0,6.0,267.96,87.78
6279,2025-08-03,5,5,96.7,0.0,5.9,676.9,222.41
6280,2025-08-03,4,1,90.8,0.0,4.2,408.6,108.96
6281,2025-08-03,25,6,83.3,0.0,5.9,416.5,124.95
6282,2025-08-03,19,5,74.6,0.0,8.6,522.2,171.58
6283,2025-08-03,16,5,74.7,0.0,2.2,522.9,171.81
6284,2025-08-03,20,3,94.2,0.0,6.0,612.3,197.82
6285,2025-08-03,18,2,81.7,0.0,2.9,392.16,114.38
6286,2025-08-03,13,3,30.1,0.0,7.8,195.65,63.21
6287,2025-08-03,18,6,91.6,20.3,4.3,356.5,137.4
6288,2025-08-03,18,2,61.6,0.0,0.1,295.68,86.24
6289,2025-08-03,4,5,31.1,0.0,6.0,217.7,71.53
6290,2025-08-03,21,3,39.9,0.0,8.0,259.35,83.79
6291,2025-08-03,3,6,45.4,0.0,4.5,227.0,68.1
6292,2025-08-03,7,1,47.4,15.5,7.4,143.55,56.88
6293,2025-08-03,21,2,82.2,0.0,8.7,394.56,115.08
6294,2025-08-03,2,6,72.4,0.0,5.7,362.0,108.6
6295,2025-08-04,21,5,30.8,0.0,3.7,215.6,70.84
6296,2025-08-04,26,5,86.1,0.0,11.0,602.7,198.03
6297,2025-08-04,30,5,21.8,0.0,8.9,152.6,50.14
6298,2025-08-04,13,4,48.2,9.2,9.5,226.2,91.58
6299,2025-08-04,8,1,56.6,0.0,6.8,254.7,67.92
6300,2025-08-04,1,1,62.3,0.0,6.8,280.35,74.76
6301,2025-08-04,28,4,47.1,0.0,5.8,273.18,89.49
6302,2025-08-04,21,5,44.6,0.0,12.2,312.2,102.58
6303,2025-08-04,5,3,49.6,0.0,5.3,322.4,104.16
6304,2025-08-04,2,3,63.1,11.7,1.2,334.1,132.51
6305,2025-08-04,2,2,49.8,0.0,3.6,239.04,69.72
6306,2025-08-04,6,1,37.3,0.0,6.3,167.85,44.76
6307,2025-08-04,4,4,58.7,0.0,10.6,340.46,111.53
6308,2025-08-04,8,4,28.8,6.7,6.0,128.18,54.72
6309,2025-08-04,24,4,71.9,0.0,6.6,417.02,136.61
6310,2025-08-04,28,4,67.6,0.0,6.9,392.08,128.44
6311,2025-08-04,21,5,96.4,0.0,10.7,674.8,221.72
6312,2025-08-04,8,4,41.7,0.0,7.3,241.86,79.23
6313,2025-08-04,24,3,37.8,0.0,6.7,245.7,79.38
6314,2025-08-04,1,1,38.8,0.0,2.8,174.6,46.56
6315,2025-08-04,23,6,45.2,0.0,7.4,226.0,67.8
6316,2025-08-04,29,1,63.1,0.0,8.0,283.95,75.72
6317,2025-08-04,7,2,74.7,0.0,5.2,358.56,104.58
6318,2025-08-04,29,3,35.9,0.0,2.9,233.35,75.39
6319,2025-08-04,23,2,72.3,0.0,4.5,347.04,101.22
6320,2025-08-04,19,6,81.2,0.0,7.2,406.0,121.8
6321,2025-08-05,24,3,50.3,0.0,9.5,326.95,105.63
6322,2025-08-05,22,1,69.3,0.0,4.3,311.85,83.16
6323,2025-08-05,2,4,61.3,0.0,5.7,355.54,116.47
6324,2025-08-05,9,1,91.3,0.0,4.8,410.85,109.56
6325,2025-08-05,3,3,85.0,0.0,7.3,552.5,178.5
6326,2025-08-05,5,5,38.1,0.0,4.6,266.7,87.63
6327,2025-08-05,4,2,33.1,0.0,3.9,158.88,46.34
6328,2025-08-05,23,3,68.1,0.0,3.8,442.65,143.01
6329,2025-08-05,29,1,43.3,0.0,3.8,194.85,51.96
6330,2025-08-05,27,3,86.8,0.0,7.2,564.2,182.28
6331,2025-08-05,25,3,95.8,0.0,3.7,622.7,201.18
6332,2025-08-05,30,5,87.7,0.0,3.0,613.9,201.71
6333,2025-08-05,6,5,93.3,0.0,4.8,653.1,214.59
6334,2025-08-05,1,4,49.3,0.0,3.6,285.94,93.67
6335,2025-08-05,1,3,45.0,0.0,7.9,292.5,94.5
6336,2025-08-05,29,4,72.8,0.0,8.3,422.24,138.32
6337,2025-08-05,5,2,84.5,15.6,11.7,330.72,118.3
6338,2025-08-05,2,5,50.6,0.0,8.7,354.2,116.38
6339,2025-08-05,23,2,98.4,0.0,6.3,472.32,137.76
6340,2025-08-05,28,2,87.9,0.0,3.8,421.92,123.06
6341,2025-08-05,18,4,24.5,0.0,-1.0,142.1,46.55
6342,2025-08-05,28,1,85.5,0.0,7.0,384.75,102.6
6343,2025-08-05,22,2,41.5,4.5,9.6,177.6,58.1
6344,2025-08-05,3,4,37.3,0.0,6.9,216.34,70.87
6345,2025-08-05,15,2,68.5,0.0,5.3,328.8,95.9
6346,2025-08-05,5,4,64.3,0.0,8.5,372.94,122.17
6347,2025-08-05,19,3,55.1,0.0,6.9,358.15,115.71
6348,2025-08-06,26,5,44.3,0.0,7.1,310.1,101.89
6349,2025-08-06,13,5,30.2,0.0,5.0,211.4,69.46
6350,2025-08-06,18,6,47.4,0.0,6.0,237.0,71.1
6351,2025-08-06,16,5,49.2,16.3,7.9,230.3,113.16
6352,2025-08-06,23,5,41.3,0.0,10.0,289.1,94.99
6353,2025-08-06,1,3,80.0,16.3,11.0,414.05,168.0
6354,2025-08-06,4,2,82.1,0.0,9.7,394.08,114.94
6355,2025-08-06,11,3,20.8,0.0,2.9,135.2,43.68
6356,2025-08-06,15,6,32.5,0.0,3.9,162.5,48.75
6357,2025-08-06,24,1,98.4,0.0,4.8,442.8,118.08
6358,2025-08-06,19,1,46.5,0.0,7.2,209.25,55.8
6359,2025-08-06,6,6,92.2,0.0,1.3,461.0,138.3
6360,2025-08-06,5,6,97.0,0.0,5.1,485.0,145.5
6361,2025-08-06,7,3,88.9,16.1,8.6,473.2,186.69
6362,2025-08-06,12,4,26.3,0.0,3.2,152.54,49.97
6363,2025-08-06,2,5,34.4,0.0,6.1,240.8,79.12
6364,2025-08-06,9,4,88.6,0.0,6.4,513.88,168.34
6365,2025-08-06,25,4,74.9,0.0,6.5,434.42,142.31
6366,2025-08-06,25,5,96.0,0.0,8.3,672.0,220.8
6367,2025-08-06,25,1,62.4,0.0,4.4,280.8,74.88
6368,2025-08-07,15,4,86.0,0.0,5.3,498.8,163.4
6369,2025-08-07,16,1,29.0,0.0,5.6,130.5,34.8
6370,2025-08-07,6,3,20.4,0.0,8.6,132.6,42.84
6371,2025-08-07,23,1,35.3,0.0,7.7,158.85,42.36
6372,2025-08-07,13,4,53.3,0.0,2.9,309.14,101.27
6373,2025-08-07,8,4,20.3,0.0,4.1,117.74,38.57
6374,2025-08-07,6,4,38.0,0.0,6.6,220.4,72.2
6375,2025-08-07,9,6,76.6,0.0,7.2,383.0,114.9
6376,2025-08-07,11,6,68.6,0.0,-0.1,343.0,102.9
6377,2025-08-07,3,1,43.9,0.0,2.6,197.55,52.68
6378,2025-08-07,16,4,47.4,0.0,8.7,274.92,90.06
6379,2025-08-07,11,4,73.4,0.0,4.8,425.72,139.46
6380,2025-08-07,5,5,58.3,0.0,2.5,408.1,134.09
6381,2025-08-07,3,1,60.0,0.0,1.4,270.0,72.0
6382,2025-08-07,14,2,92.0,34.2,9.2,277.44,128.8
6383,2025-08-07,2,5,40.1,0.0,4.9,280.7,92.23
6384,2025-08-07,24,3,27.9,0.0,5.6,181.35,58.59
6385,2025-08-07,16,3,57.3,20.2,9.5,241.15,120.33
6386,2025-08-07,13,1,72.9,0.0,6.9,328.05,87.48
6387,2025-08-07,3,2,88.0,0.0,8.4,422.4,123.2
6388,2025-08-08,26,3,79.9,0.0,9.5,519.35,167.79
6389,2025-08-08,1,5,63.7,0.0,3.3,445.9,146.51
6390,2025-08-08,29,5,71.8,0.0,6.3,502.6,165.14
6391,2025-08-08,17,4,66.8,0.0,0.5,387.44,126.92
6392,2025-08-08,25,2,31.7,0.0,7.4,152.16,44.38
6393,2025-08-08,18,3,72.6,0.0,6.6,471.9,152.46
6394,2025-08-08,26,2,41.7,0.0,5.6,200.16,58.38
6395,2025-08-08,8,3,23.5,0.0,4.2,152.75,49.35
6396,2025-08-08,20,6,69.1,0.0,6.7,345.5,103.65
6397,2025-08-08,7,1,41.7,0.0,7.2,187.65,50.04
6398,2025-08-08,24,4,80.0,0.0,8.6,464.0,152.0
6399,2025-08-08,13,6,73.0,0.0,5.5,365.0,109.5
6400,2025-08-08,5,2,66.6,0.0,8.5,319.68,93.24
6401,2025-08-08,8,4,54.0,0.0,0.6,313.2,102.6
6402,2025-08-08,30,5,33.9,0.0,3.0,237.3,77.97
6403,2025-08-08,16,2,60.0,0.0,7.4,288.0,84.0
6404,2025-08-08,28,1,22.4,0.0,2.5,100.8,26.88
6405,2025-08-08,22,4,92.3,0.0,3.5,535.34,175.37
6406,2025-08-08,29,4,66.6,0.0,2.8,386.28,126.54
6407,2025-08-08,21,5,48.0,12.7,11.4,247.1,110.4
6408,2025-08-08,11,3,24.8,0.0,6.5,161.2,52.08
6409,2025-08-08,24,6,56.0,0.0,4.6,280.0,84.0
6410,2025-08-08,17,6,87.5,0.0,9.4,437.5,131.25
6411,2025-08-08,21,1,27.8,0.0,9.1,125.1,33.36
6412,2025-08-08,18,1,94.6,0.0,4.6,425.7,113.52
6413,2025-08-08,7,1,49.7,0.0,9.4,223.65,59.64
6414,2025-08-08,20,6,81.9,0.0,7.7,409.5,122.85
6415,2025-08-08,22,6,74.0,0.0,9.5,370.0,111.0
6416,2025-08-08,13,2,80.5,0.0,10.0,386.4,112.7
6417,2025-08-08,14,1,93.9,0.0,7.8,422.55,112.68
6418,2025-08-08,30,1,51.9,0.0,9.4,233.55,62.28
6419,2025-08-08,13,2,92.3,0.0,8.3,443.04,129.22
6420,2025-08-08,14,2,96.9,0.0,6.6,465.12,135.66
6421,2025-08-08,13,6,61.0,0.0,4.6,305.0,91.5
6422,2025-08-08,28,2,50.0,0.0,6.8,240.0,70.0
6423,2025-08-08,5,2,55.8,0.0,5.5,267.84,78.12
6424,2025-08-09,3,1,30.0,0.0,8.1,135.0,36.0
6425,2025-08-09,12,3,93.0,0.0,10.1,604.5,195.3
6426,2025-08-09,17,6,90.0,0.0,6.6,450.0,135.0
6427,2025-08-09,16,6,97.7,0.0,6.0,488.5,146.55
6428,2025-08-09,6,4,61.2,0.0,3.7,354.96,116.28
6429,2025-08-09,12,4,26.8,0.0,4.5,155.44,50.92
6430,2025-08-09,15,1,77.5,0.0,4.9,348.75,93.0
6431,2025-08-09,6,2,26.2,0.0,6.6,125.76,36.68
6432,2025-08-09,16,5,69.0,0.0,3.6,483.0,158.7
6433,2025-08-09,7,1,89.0,0.0,2.5,400.5,106.8
6434,2025-08-09,8,3,57.6,0.0,6.2,374.4,120.96
6435,2025-08-09,13,3,85.0,0.0,3.0,552.5,178.5
6436,2025-08-09,18,2,38.5,0.0,6.0,184.8,53.9
6437,2025-08-09,4,3,80.0,0.0,5.6,520.0,168.0
6438,2025-08-09,11,6,93.1,0.0,5.2,465.5,139.65
6439,2025-08-09,23,4,79.8,0.0,4.3,462.84,151.62
6440,2025-08-09,11,5,76.9,14.2,10.2,438.9,176.87
6441,2025-08-09,22,4,79.9,0.0,6.3,463.42,151.81
6442,2025-08-09,18,5,86.0,0.0,10.0,602.0,197.8
6443,2025-08-09,17,3,63.9,0.0,4.7,415.35,134.19
6444,2025-08-09,6,1,23.6,0.0,-0.3,106.2,28.32
6445,2025-08-09,16,4,23.1,0.0,7.9,133.98,43.89
6446,2025-08-09,25,2,20.1,4.0,9.9,77.28,28.14
6447,2025-08-09,3,1,72.8,0.0,8.4,327.6,87.36
6448,2025-08-09,27,1,52.8,0.0,9.3,237.6,63.36
6449,2025-08-09,17,2,90.6,0.0,8.9,434.88,126.84
6450,2025-08-09,22,5,97.6,0.0,4.8,683.2,224.48
6451,2025-08-09,4,6,26.0,0.0,6.4,130.0,39.0
6452,2025-08-09,5,4,22.3,0.0,8.1,129.34,42.37
6453,2025-08-09,2,2,81.5,0.0,3.0,391.2,114.1
6454,2025-08-09,20,4,82.2,0.0,6.1,476.76,156.18
6455,2025-08-09,26,3,89.0,0.0,5.1,578.5,186.9
6456,2025-08-09,12,1,83.0,0.0,7.3,373.5,99.6
6457,2025-08-09,9,4,22.1,0.0,7.9,128.18,41.99
6458,2025-08-09,2,1,20.3,0.0,4.5,91.35,24.36
6459,2025-08-09,7,6,24.2,0.0,5.2,121.0,36.3
6460,2025-08-09,6,1,47.4,0.0,4.5,213.3,56.88
6461,2025-08-09,27,6,98.9,0.0,4.8,494.5,148.35
6462,2025-08-09,28,1,70.5,0.0,4.2,317.25,84.6
6463,2025-08-09,1,1,86.9,0.0,4.9,391.05,104.28
6464,2025-08-09,20,3,95.3,0.0,6.3,619.45,200.13
6465,2025-08-09,3,2,45.7,0.0,5.2,219.36,63.98
6466,2025-08-09,19,1,82.4,0.0,7.4,370.8,98.88
6467,2025-08-10,8,3,56.3,0.0,6.7,365.95,118.23
6468,2025-08-10,9,6,83.8,0.0,7.7,419.0,125.7
6469,2025-08-10,13,2,86.8,0.0,5.3,416.64,121.52
6470,2025-08-10,23,3,93.0,0.0,9.1,604.5,195.3
6471,2025-08-10,3,1,74.7,0.0,6.1,336.15,89.64
6472,2025-08-10,12,5,32.0,0.0,6.7,224.0,73.6
6473,2025-08-10,27,5,83.5,0.0,3.0,584.5,192.05
6474,2025-08-10,9,4,60.3,0.0,8.0,349.74,114.57
6475,2025-08-10,19,4,73.6,0.0,6.3,426.88,139.84
6476,2025-08-10,11,2,30.6,0.0,12.0,146.88,42.84
6477,2025-08-10,22,5,80.1,0.0,7.5,560.7,184.23
6478,2025-08-10,5,2,51.5,0.0,4.6,247.2,72.1
6479,2025-08-10,27,6,35.3,0.0,7.8,176.5,52.95
6480,2025-08-10,7,4,60.2,0.0,5.1,349.16,114.38
6481,2025-08-10,24,1,22.8,0.0,-1.0,102.6,27.36
6482,2025-08-10,14,5,38.3,0.0,4.4,268.1,88.09
6483,2025-08-10,19,3,35.3,0.0,6.3,229.45,74.13
6484,2025-08-10,25,2,34.6,0.0,5.9,166.08,48.44
6485,2025-08-10,13,6,24.5,0.0,8.4,122.5,36.75
6486,2025-08-10,7,2,86.7,0.0,4.4,416.16,121.38
6487,2025-08-10,10,4,82.5,0.0,1.9,478.5,156.75
6488,2025-08-10,30,4,95.8,0.0,4.1,555.64,182.02
6489,2025-08-10,14,3,81.6,0.0,4.9,530.4,171.36
6490,2025-08-10,26,5,24.7,0.0,1.3,172.9,56.81
6491,2025-08-10,22,1,49.0,0.0,7.3,220.5,58.8
6492,2025-08-10,4,5,45.1,0.0,7.6,315.7,103.73
6493,2025-08-10,9,6,52.2,0.0,3.3,261.0,78.3
6494,2025-08-10,10,4,69.7,0.0,6.9,404.26,132.43
6495,2025-08-10,5,1,25.3,0.0,6.3,113.85,30.36
6496,2025-08-10,19,6,58.1,0.0,4.3,290.5,87.15
6497,2025-08-10,26,6,82.0,0.0,3.6,410.0,123.0
6498,2025-08-10,15,1,48.9,0.0,6.8,220.05,58.68
6499,2025-08-10,10,2,21.8,0.0,4.3,104.64,30.52
6500,2025-08-10,15,1,52.0,0.0,7.0,234.0,62.4
6501,2025-08-10,4,1,20.5,0.0,7.2,92.25,24.6
6502,2025-08-10,20,4,60.6,0.0,6.3,351.48,115.14
6503,2025-08-10,25,4,33.9,13.1,6.2,120.64,64.41
6504,2025-08-10,6,2,65.5,0.0,10.2,314.4,91.7
6505,2025-08-10,14,5,90.3,0.0,3.2,632.1,207.69
6506,2025-08-10,25,6,88.7,0.0,7.6,443.5,133.05
6507,2025-08-10,18,6,82.5,0.0,7.3,412.5,123.75
6508,2025-08-10,20,5,20.3,0.0,5.3,142.1,46.69
6509,2025-08-10,22,6,47.7,0.0,7.7,238.5,71.55
6510,2025-08-10,12,4,73.6,0.0,6.4,426.88,139.84
6511,2025-08-10,7,3,67.3,0.0,10.7,437.45,141.33
6512,2025-08-10,10,6,92.9,0.0,2.6,464.5,139.35
6513,2025-08-10,17,2,77.4,0.0,2.5,371.52,108.36
6514,2025-08-10,1,5,69.5,0.0,10.4,486.5,159.85
6515,2025-08-10,10,6,57.1,0.0,4.8,285.5,85.65
6516,2025-08-10,9,2,44.3,0.0,8.4,212.64,62.02
6517,2025-08-10,13,5,46.4,7.0,7.2,275.8,106.72
6518,2025-08-11,8,4,95.0,20.9,10.0,429.78,180.5
6519,2025-08-11,14,4,57.5,0.0,6.2,333.5,109.25
6520,2025-08-11,2,6,70.3,0.0,1.8,351.5,105.45
6521,2025-08-11,21,2,82.7,0.0,7.7,396.96,115.78
6522,2025-08-11,19,6,27.7,0.0,9.1,138.5,41.55
6523,2025-08-11,25,5,38.4,0.0,2.7,268.8,88.32
6524,2025-08-11,22,5,52.1,0.0,5.5,364.7,119.83
6525,2025-08-11,21,6,74.3,0.0,3.1,371.5,111.45
6526,2025-08-11,21,1,83.7,0.0,9.2,376.65,100.44
6527,2025-08-11,6,2,67.6,0.0,5.3,324.48,94.64
6528,2025-08-11,26,1,77.1,0.0,5.4,346.95,92.52
6529,2025-08-11,12,2,39.8,0.0,4.1,191.04,55.72
6530,2025-08-11,15,4,70.6,0.0,2.4,409.48,134.14
6531,2025-08-11,26,3,70.9,0.0,4.1,460.85,148.89
6532,2025-08-11,22,5,23.0,0.0,1.1,161.0,52.9
6533,2025-08-11,10,5,46.2,0.0,2.4,323.4,106.26
6534,2025-08-11,10,1,80.4,0.0,8.4,361.8,96.48
6535,2025-08-11,25,1,61.2,0.0,3.9,275.4,73.44
6536,2025-08-11,7,1,65.5,9.8,11.2,250.65,78.6
6537,2025-08-11,19,5,64.7,0.0,3.0,452.9,148.81
6538,2025-08-11,27,5,70.0,0.0,6.7,490.0,161.0
6539,2025-08-11,5,1,60.7,0.0,7.4,273.15,72.84
6540,2025-08-11,30,1,61.5,0.0,8.3,276.75,73.8
6541,2025-08-11,24,2,81.2,0.0,4.0,389.76,113.68
6542,2025-08-11,7,2,97.2,12.8,11.6,405.12,136.08
6543,2025-08-12,15,6,33.0,0.0,9.3,165.0,49.5
6544,2025-08-12,2,5,96.0,0.0,7.7,672.0,220.8
6545,2025-08-12,4,3,80.8,0.0,7.2,525.2,169.68
6546,2025-08-12,12,1,23.9,0.0,9.7,107.55,28.68
6547,2025-08-12,22,2,49.1,0.0,6.1,235.68,68.74
6548,2025-08-12,3,3,97.4,0.0,7.5,633.1,204.54
6549,2025-08-12,15,2,45.6,0.0,4.5,218.88,63.84
6550,2025-08-12,15,2,68.5,0.0,9.4,328.8,95.9
6551,2025-08-12,4,5,90.8,0.0,9.8,635.6,208.84
6552,2025-08-12,13,3,32.3,0.0,2.8,209.95,67.83
6553,2025-08-12,22,6,23.5,0.0,4.6,117.5,35.25
6554,2025-08-12,14,1,43.1,0.0,6.1,193.95,51.72
6555,2025-08-12,29,5,52.6,0.0,7.7,368.2,120.98
6556,2025-08-12,14,2,72.4,0.0,8.1,347.52,101.36
6557,2025-08-12,27,1,50.2,0.0,8.3,225.9,60.24
6558,2025-08-12,3,2,96.2,0.0,5.0,461.76,134.68
6559,2025-08-12,18,3,54.1,0.0,5.7,351.65,113.61
6560,2025-08-12,9,2,83.1,0.0,7.0,398.88,116.34
6561,2025-08-12,23,4,79.0,0.0,7.1,458.2,150.1
6562,2025-08-12,7,5,74.0,0.0,3.0,518.0,170.2
6563,2025-08-12,1,5,72.8,0.0,8.9,509.6,167.44
6564,2025-08-12,24,4,96.2,33.6,11.3,363.08,182.78
6565,2025-08-13,17,4,78.3,0.0,1.4,454.14,148.77
6566,2025-08-13,5,3,62.3,0.0,8.9,404.95,130.83
6567,2025-08-13,14,5,78.0,0.0,2.7,546.0,179.4
6568,2025-08-13,22,4,74.9,0.0,-2.2,434.42,142.31
6569,2025-08-13,30,6,87.5,0.0,5.4,437.5,131.25
6570,2025-08-13,8,1,78.1,0.0,5.6,351.45,93.72
6571,2025-08-13,26,6,77.1,0.0,6.3,385.5,115.65
6572,2025-08-13,10,1,63.2,0.0,1.5,284.4,75.84
6573,2025-08-13,30,6,30.5,0.0,7.3,152.5,45.75
6574,2025-08-13,12,6,27.6,0.0,5.2,138.0,41.4
6575,2025-08-13,5,5,27.3,0.0,0.5,191.1,62.79
6576,2025-08-13,30,3,66.7,0.0,0.2,433.55,140.07
6577,2025-08-13,23,5,90.2,0.0,3.4,631.4,207.46
6578,2025-08-13,2,5,79.7,0.0,5.5,557.9,183.31
6579,2025-08-13,7,6,93.2,0.0,2.8,466.0,139.8
6580,2025-08-13,19,4,24.0,0.0,5.3,139.2,45.6
6581,2025-08-13,6,6,49.3,16.1,5.0,166.0,73.95
6582,2025-08-13,11,1,41.0,0.0,8.1,184.5,49.2
6583,2025-08-13,14,6,60.6,0.0,9.5,303.0,90.9
6584,2025-08-13,22,2,70.2,0.0,10.1,336.96,98.28
6585,2025-08-13,25,5,94.0,0.0,4.6,658.0,216.2
6586,2025-08-13,1,2,26.1,0.0,6.8,125.28,36.54
6587,2025-08-13,5,6,52.5,0.0,7.8,262.5,78.75
6588,2025-08-13,7,5,20.0,0.0,5.2,140.0,46.0
6589,2025-08-13,15,1,37.5,0.0,5.6,168.75,45.0
6590,2025-08-13,19,1,49.8,0.0,1.9,224.1,59.76
6591,2025-08-13,1,2,33.0,0.0,12.3,158.4,46.2
6592,2025-08-13,17,6,91.3,0.0,7.5,456.5,136.95
6593,2025-08-13,12,4,80.9,0.0,4.9,469.22,153.71
6594,2025-08-13,15,1,47.3,0.0,7.1,212.85,56.76
6595,2025-08-13,11,3,91.1,0.0,5.2,592.15,191.31
6596,2025-08-13,19,5,77.7,0.0,5.9,543.9,178.71
6597,2025-08-13,1,6,27.9,0.0,6.8,139.5,41.85
6598,2025-08-14,17,2,21.8,0.0,3.5,104.64,30.52
6599,2025-08-14,15,3,41.4,0.0,9.8,269.1,86.94
6600,2025-08-14,19,5,54.5,0.0,5.1,381.5,125.35
6601,2025-08-14,23,2,51.1,0.0,5.3,245.28,71.54
6602,2025-08-14,17,2,62.1,0.0,2.5,298.08,86.94
6603,2025-08-14,12,1,62.5,0.0,3.9,281.25,75.0
6604,2025-08-14,17,1,67.2,0.0,5.2,302.4,80.64
6605,2025-08-14,24,6,51.6,0.0,7.2,258.0,77.4
6606,2025-08-14,16,3,85.1,0.0,5.2,553.15,178.71
6607,2025-08-14,12,1,65.8,0.0,6.7,296.1,78.96
6608,2025-08-14,30,3,61.6,0.0,6.2,400.4,129.36
6609,2025-08-14,3,4,73.7,0.0,-0.3,427.46,140.03
6610,2025-08-14,14,4,72.5,0.0,5.5,420.5,137.75
6611,2025-08-14,1,2,86.5,0.0,5.9,415.2,121.1
6612,2025-08-14,13,2,20.2,0.0,4.9,96.96,28.28
6613,2025-08-14,6,2,87.1,0.0,2.9,418.08,121.94
6614,2025-08-14,17,3,27.0,0.0,5.4,175.5,56.7
6615,2025-08-14,27,1,20.4,0.0,4.6,91.8,24.48
6616,2025-08-14,17,4,59.5,0.0,8.8,345.1,113.05
6617,2025-08-14,8,4,76.1,21.4,8.9,317.26,144.59
6618,2025-08-14,9,3,95.2,0.0,7.0,618.8,199.92
6619,2025-08-14,16,6,44.1,0.0,5.4,220.5,66.15
6620,2025-08-14,18,3,76.9,0.0,3.6,499.85,161.49
6621,2025-08-14,24,2,43.0,15.1,12.1,133.92,60.2
6622,2025-08-14,14,2,49.5,0.0,5.8,237.6,69.3
6623,2025-08-14,25,1,80.5,0.0,6.4,362.25,96.6
6624,2025-08-14,5,6,95.6,0.0,3.4,478.0,143.4
6625,2025-08-14,5,3,48.2,0.0,5.1,313.3,101.22
6626,2025-08-14,2,6,97.2,0.0,9.9,486.0,145.8
6627,2025-08-14,6,4,55.8,0.0,5.3,323.64,106.02
6628,2025-08-15,18,2,36.0,10.8,5.5,120.96,50.4
6629,2025-08-15,10,6,90.4,0.0,6.4,452.0,135.6
6630,2025-08-15,29,1,94.1,0.0,5.8,423.45,112.92
6631,2025-08-15,21,1,62.8,0.0,4.5,282.6,75.36
6632,2025-08-15,11,6,62.5,0.0,7.1,312.5,93.75
6633,2025-08-15,12,5,79.3,0.0,3.9,555.1,182.39
6634,2025-08-15,28,1,39.2,0.0,4.7,176.4,47.04
6635,2025-08-15,21,6,78.1,0.0,1.4,390.5,117.15
6636,2025-08-15,27,3,69.4,0.0,2.2,451.1,145.74
6637,2025-08-15,21,4,86.9,0.0,8.7,504.02,165.11
6638,2025-08-15,11,4,77.6,0.0,6.6,450.08,147.44
6639,2025-08-15,10,3,89.3,0.0,5.5,580.45,187.53
6640,2025-08-15,2,2,22.9,0.0,7.4,109.92,32.06
6641,2025-08-15,13,4,83.6,0.0,9.7,484.88,158.84
6642,2025-08-15,2,1,25.5,0.0,0.7,114.75,30.6
6643,2025-08-15,5,3,74.7,0.0,5.2,485.55,156.87
6644,2025-08-15,10,3,21.0,0.0,6.0,136.5,44.1
6645,2025-08-15,8,5,48.4,0.0,3.3,338.8,111.32
6646,2025-08-15,27,4,70.6,0.0,8.5,409.48,134.14
6647,2025-08-15,1,6,26.2,0.0,4.4,131.0,39.3
6648,2025-08-15,6,6,98.7,0.0,0.1,493.5,148.05
6649,2025-08-15,8,5,39.2,0.0,6.5,274.4,90.16
6650,2025-08-15,2,3,53.7,0.0,7.2,349.05,112.77
6651,2025-08-15,23,4,33.7,0.0,4.0,195.46,64.03
6652,2025-08-15,25,2,41.1,0.0,5.5,197.28,57.54
6653,2025-08-15,7,2,65.3,0.0,5.3,313.44,91.42
6654,2025-08-15,10,4,89.5,0.0,6.3,519.1,170.05
6655,2025-08-16,25,6,73.1,0.0,3.4,365.5,109.65
6656,2025-08-16,24,1,29.6,0.0,1.6,133.2,35.52
6657,2025-08-16,4,4,60.7,0.0,5.9,352.06,115.33
6658,2025-08-16,17,4,55.5,0.0,6.7,321.9,105.45
6659,2025-08-16,18,2,27.0,0.0,8.1,129.6,37.8
6660,2025-08-16,25,1,27.3,0.0,9.9,122.85,32.76
6661,2025-08-16,10,6,29.0,0.0,4.4,145.0,43.5
6662,2025-08-16,4,2,78.5,0.0,7.6,376.8,109.9
6663,2025-08-16,5,6,46.0,0.0,6.3,230.0,69.0
6664,2025-08-16,29,6,29.9,0.0,5.3,149.5,44.85
6665,2025-08-16,28,4,94.8,0.0,10.2,549.84,180.12
6666,2025-08-16,2,5,29.7,0.0,4.4,207.9,68.31
6667,2025-08-16,28,2,28.0,0.0,5.3,134.4,39.2
6668,2025-08-16,8,1,25.4,0.0,11.8,114.3,30.48
6669,2025-08-16,22,4,98.1,0.0,8.4,568.98,186.39
6670,2025-08-16,22,6,36.5,0.0,5.7,182.5,54.75
6671,2025-08-16,19,4,34.3,0.0,2.5,198.94,65.17
6672,2025-08-16,9,4,92.2,0.0,7.0,534.76,175.18
6673,2025-08-16,7,1,63.9,0.0,8.1,287.55,76.68
6674,2025-08-16,6,1,24.2,0.0,6.7,108.9,29.04
6675,2025-08-16,21,3,27.7,0.0,5.6,180.05,58.17
6676,2025-08-16,15,4,92.9,0.0,7.8,538.82,176.51
6677,2025-08-16,1,2,38.3,0.0,8.4,183.84,53.62
6678,2025-08-16,16,1,94.9,0.0,8.8,427.05,113.88
6679,2025-08-17,22,2,43.9,0.0,4.5,210.72,61.46
6680,2025-08-17,30,5,74.8,0.0,5.4,523.6,172.04
6681,2025-08-17,20,1,93.4,0.0,3.0,420.3,112.08
6682,2025-08-17,3,5,77.4,0.0,3.8,541.8,178.02
6683,2025-08-17,28,4,51.1,0.0,5.1,296.38,97.09
6684,2025-08-17,22,3,31.4,0.0,2.5,204.1,65.94
6685,2025-08-17,19,4,79.3,0.0,9.6,459.94,150.67
6686,2025-08-17,15,1,39.1,0.0,6.4,175.95,46.92
6687,2025-08-17,3,1,90.6,0.0,8.5,407.7,108.72
6688,2025-08-17,6,5,50.6,0.0,12.4,354.2,116.38
6689,2025-08-17,1,3,34.4,0.0,8.6,223.6,72.24
6690,2025-08-17,20,1,42.1,0.0,5.4,189.45,50.52
6691,2025-08-17,29,5,65.5,0.0,5.8,458.5,150.65
6692,2025-08-17,11,4,22.7,0.0,3.5,131.66,43.13
6693,2025-08-17,20,5,95.0,0.0,5.3,665.0,218.5
6694,2025-08-17,22,6,81.9,0.0,9.2,409.5,122.85
6695,2025-08-17,28,4,47.3,15.2,2.6,186.18,89.87
6696,2025-08-17,16,1,57.1,0.0,1.2,256.95,68.52
6697,2025-08-17,19,1,91.6,15.2,9.9,343.8,109.92
6698,2025-08-17,2,3,49.0,0.0,8.6,318.5,102.9
6699,2025-08-17,1,5,68.7,0.0,6.8,480.9,158.01
6700,2025-08-17,14,5,33.1,0.0,7.4,231.7,76.13
6701,2025-08-17,12,2,50.1,0.0,5.3,240.48,70.14
6702,2025-08-17,13,5,49.4,0.0,6.9,345.8,113.62
6703,2025-08-17,25,5,97.9,0.0,4.9,685.3,225.17
6704,2025-08-17,11,1,29.8,0.0,5.4,134.1,35.76
6705,2025-08-17,21,2,85.4,0.0,1.9,409.92,119.56
6706,2025-08-17,8,6,25.2,5.4,4.7,99.0,37.8
6707,2025-08-17,17,3,69.4,0.0,2.2,451.1,145.74
6708,2025-08-17,19,5,89.8,0.0,6.6,628.6,206.54
6709,2025-08-17,17,2,29.6,0.0,13.2,142.08,41.44
6710,2025-08-17,9,5,91.8,0.0,6.5,642.6,211.14
6711,2025-08-17,11,5,26.7,0.0,8.8,186.9,61.41
6712,2025-08-17,2,5,24.6,0.0,9.6,172.2,56.58
6713,2025-08-17,1,6,44.1,0.0,9.2,220.5,66.15
6714,2025-08-17,4,6,50.0,0.0,5.5,250.0,75.0
6715,2025-08-17,29,1,45.2,0.0,7.4,203.4,54.24
6716,2025-08-17,10,6,56.7,0.0,5.5,283.5,85.05
6717,2025-08-17,13,4,87.9,0.0,7.2,509.82,167.01
6718,2025-08-18,2,2,26.0,0.0,3.3,124.8,36.4
6719,2025-08-18,27,6,61.3,0.0,8.8,306.5,91.95
6720,2025-08-18,30,6,47.9,0.0,8.3,239.5,71.85
6721,2025-08-18,12,1,60.4,0.0,10.6,271.8,72.48
6722,2025-08-18,23,2,54.3,0.0,6.3,260.64,76.02
6723,2025-08-18,18,3,59.3,0.0,3.3,385.45,124.53
6724,2025-08-18,22,5,43.5,0.0,7.9,304.5,100.05
6725,2025-08-18,25,1,95.1,0.0,11.5,427.95,114.12
6726,2025-08-18,10,6,95.5,0.0,3.3,477.5,143.25
6727,2025-08-18,26,6,59.4,0.0,6.7,297.0,89.1
6728,2025-08-18,25,5,48.8,0.0,6.6,341.6,112.24
6729,2025-08-18,15,6,25.9,0.0,2.2,129.5,38.85
6730,2025-08-18,23,3,21.0,7.4,4.8,88.4,44.1
6731,2025-08-18,22,5,34.1,0.0,8.1,238.7,78.43
6732,2025-08-18,4,6,55.9,0.0,7.6,279.5,83.85
6733,2025-08-18,23,2,35.9,0.0,8.5,172.32,50.26
6734,2025-08-19,26,4,61.6,0.0,7.7,357.28,117.04
6735,2025-08-19,3,3,77.6,0.0,7.3,504.4,162.96
6736,2025-08-19,14,6,44.3,0.0,4.9,221.5,66.45
6737,2025-08-19,19,6,96.2,0.0,3.6,481.0,144.3
6738,2025-08-19,9,3,43.8,0.0,8.2,284.7,91.98
6739,2025-08-19,20,5,31.7,0.0,5.2,221.9,72.91
6740,2025-08-19,22,2,78.6,0.0,5.6,377.28,110.04
6741,2025-08-19,21,4,77.2,0.0,2.7,447.76,146.68
6742,2025-08-19,18,3,75.0,0.0,3.9,487.5,157.5
6743,2025-08-19,13,5,83.6,0.0,5.4,585.2,192.28
6744,2025-08-19,3,1,25.5,0.0,7.5,114.75,30.6
6745,2025-08-19,3,6,89.6,0.0,3.2,448.0,134.4
6746,2025-08-19,4,2,64.2,0.0,8.3,308.16,89.88
6747,2025-08-19,24,4,68.8,0.0,5.3,399.04,130.72
6748,2025-08-19,24,5,27.6,0.0,7.5,193.2,63.48
6749,2025-08-19,19,1,90.7,0.0,7.8,408.15,108.84
6750,2025-08-19,2,1,90.1,0.0,0.4,405.45,108.12
6751,2025-08-19,25,3,47.5,0.0,10.1,308.75,99.75
6752,2025-08-19,26,5,46.9,0.0,4.6,328.3,107.87
6753,2025-08-20,15,4,86.4,0.0,6.4,501.12,164.16
6754,2025-08-20,16,5,53.7,0.0,8.8,375.9,123.51
6755,2025-08-20,13,1,78.5,0.0,7.9,353.25,94.2
6756,2025-08-20,29,5,46.7,0.0,5.4,326.9,107.41
6757,2025-08-20,16,4,56.0,0.0,5.2,324.8,106.4
6758,2025-08-20,8,4,27.7,0.0,7.2,160.66,52.63
6759,2025-08-20,10,4,64.6,0.0,7.8,374.68,122.74
6760,2025-08-20,8,2,46.4,0.0,7.1,222.72,64.96
6761,2025-08-20,10,5,46.5,0.0,6.8,325.5,106.95
6762,2025-08-20,9,3,57.8,0.0,5.9,375.7,121.38
6763,2025-08-20,19,6,46.4,0.0,6.3,232.0,69.6
6764,2025-08-20,11,4,70.2,0.0,5.0,407.16,133.38
6765,2025-08-20,25,1,43.2,13.6,1.8,133.2,51.84
6766,2025-08-20,8,6,70.4,0.0,4.9,352.0,105.6
6767,2025-08-20,10,4,22.0,0.0,11.2,127.6,41.8
6768,2025-08-20,14,2,64.1,0.0,8.1,307.68,89.74
6769,2025-08-20,26,1,50.1,0.0,3.0,225.45,60.12
6770,2025-08-20,10,3,81.5,0.0,1.1,529.75,171.15
6771,2025-08-20,4,2,74.8,0.0,6.3,359.04,104.72
6772,2025-08-20,16,2,74.1,0.0,6.7,355.68,103.74
6773,2025-08-20,1,5,56.8,0.0,6.5,397.6,130.64
6774,2025-08-20,12,1,25.5,0.0,8.5,114.75,30.6
6775,2025-08-21,17,6,92.9,0.0,6.6,464.5,139.35
6776,2025-08-21,29,1,88.4,0.0,3.6,397.8,106.08
6777,2025-08-21,15,1,95.9,0.0,7.8,431.55,115.08
6778,2025-08-21,9,1,94.2,0.0,2.9,423.9,113.04
6779,2025-08-21,26,6,45.8,0.0,1.5,229.0,68.7
6780,2025-08-21,29,5,86.6,0.0,3.3,606.2,199.18
6781,2025-08-21,28,5,87.3,0.0,4.7,611.1,200.79
6782,2025-08-21,15,6,80.1,0.0,5.1,400.5,120.15
6783,2025-08-21,17,6,86.1,0.0,9.6,430.5,129.15
6784,2025-08-21,11,6,72.8,0.0,5.4,364.0,109.2
6785,2025-08-21,14,2,39.5,0.0,6.6,189.6,55.3
6786,2025-08-21,20,2,38.7,0.0,8.2,185.76,54.18
6787,2025-08-21,4,1,54.2,0.0,7.7,243.9,65.04
6788,2025-08-21,2,1,74.2,0.0,3.6,333.9,89.04
6789,2025-08-21,25,2,76.3,0.0,5.6,366.24,106.82
6790,2025-08-21,25,3,37.0,0.0,3.5,240.5,77.7
6791,2025-08-22,11,2,64.7,0.0,10.4,310.56,90.58
6792,2025-08-22,21,3,35.8,0.0,3.7,232.7,75.18
6793,2025-08-22,20,6,54.3,0.0,6.2,271.5,81.45
6794,2025-08-22,9,4,40.2,0.0,6.9,233.16,76.38
6795,2025-08-22,22,4,61.8,0.0,3.3,358.44,117.42
6796,2025-08-22,22,5,61.0,0.0,7.8,427.0,140.3
6797,2025-08-22,1,1,79.3,0.0,3.0,356.85,95.16
6798,2025-08-22,12,3,34.6,0.0,7.6,224.9,72.66
6799,2025-08-22,2,4,72.5,0.0,2.0,420.5,137.75
6800,2025-08-22,1,4,45.1,0.0,2.8,261.58,85.69
6801,2025-08-22,17,6,73.6,0.0,1.3,368.0,110.4
6802,2025-08-22,15,6,39.6,0.0,6.4,198.0,59.4
6803,2025-08-22,13,2,76.9,0.0,8.6,369.12,107.66
6804,2025-08-22,25,1,31.1,0.0,7.1,139.95,37.32
6805,2025-08-22,20,1,59.4,16.3,13.0,193.95,71.28
6806,2025-08-22,11,3,56.8,0.0,4.6,369.2,119.28
6807,2025-08-22,22,1,89.1,0.0,1.5,400.95,106.92
6808,2025-08-22,16,2,47.2,0.0,7.4,226.56,66.08
6809,2025-08-22,4,1,84.2,0.0,6.9,378.9,101.04
6810,2025-08-22,20,4,43.3,0.0,3.9,251.14,82.27
6811,2025-08-22,25,2,21.4,0.0,5.1,102.72,29.96
6812,2025-08-22,1,6,23.3,0.0,1.6,116.5,34.95
6813,2025-08-22,1,5,87.6,0.0,5.3,613.2,201.48
6814,2025-08-22,6,2,62.7,0.0,6.6,300.96,87.78
6815,2025-08-22,3,1,61.0,0.0,6.3,274.5,73.2
6816,2025-08-22,29,3,37.2,0.0,5.2,241.8,78.12
6817,2025-08-22,28,3,87.1,0.0,2.0,566.15,182.91
6818,2025-08-22,1,2,22.2,0.0,4.0,106.56,31.08
6819,2025-08-22,12,3,64.2,0.0,9.6,417.3,134.82
6820,2025-08-22,9,1,57.9,0.0,4.6,260.55,69.48
6821,2025-08-23,7,1,68.4,0.0,5.0,307.8,82.08
6822,2025-08-23,13,1,27.8,0.0,2.0,125.1,33.36
6823,2025-08-23,23,4,62.2,0.0,4.4,360.76,118.18
6824,2025-08-23,3,5,60.9,0.0,7.1,426.3,140.07
6825,2025-08-23,6,3,54.1,0.0,6.5,351.65,113.61
6826,2025-08-23,19,4,40.1,0.0,6.9,232.58,76.19
6827,2025-08-23,23,2,70.8,0.0,6.8,339.84,99.12
6828,2025-08-23,19,1,79.4,0.0,6.1,357.3,95.28
6829,2025-08-23,27,4,42.1,0.0,5.6,244.18,79.99
6830,2025-08-23,4,5,31.5,9.2,6.3,156.1,72.45
6831,2025-08-23,12,6,91.3,0.0,4.3,456.5,136.95
6832,2025-08-23,8,3,84.3,11.8,7.8,471.25,177.03
6833,2025-08-23,28,4,24.8,0.0,9.8,143.84,47.12
6834,2025-08-23,3,1,49.1,0.0,3.4,220.95,58.92
6835,2025-08-23,2,5,87.3,0.0,6.1,611.1,200.79
6836,2025-08-23,30,5,70.1,0.0,8.1,490.7,161.23
6837,2025-08-23,15,1,90.0,0.0,4.5,405.0,108.0
6838,2025-08-23,10,6,40.3,0.0,3.7,201.5,60.45
6839,2025-08-23,16,4,84.3,0.0,5.0,488.94,160.17
6840,2025-08-23,2,6,36.6,0.0,7.2,183.0,54.9
6841,2025-08-23,11,5,52.0,0.0,4.8,364.0,119.6
6842,2025-08-23,30,3,80.1,0.0,7.1,520.65,168.21
6843,2025-08-23,14,2,67.0,0.0,3.0,321.6,93.8
6844,2025-08-23,2,2,31.1,0.0,4.8,149.28,43.54
6845,2025-08-23,2,3,32.8,0.0,6.8,213.2,68.88
6846,2025-08-23,22,1,36.3,0.0,5.4,163.35,43.56
6847,2025-08-23,12,3,57.9,0.0,3.5,376.35,121.59
6848,2025-08-23,1,1,21.2,0.0,3.2,95.4,25.44
6849,2025-08-23,5,3,100.0,0.0,3.5,650.0,210.0
6850,2025-08-23,28,2,29.4,0.0,9.8,141.12,41.16
6851,2025-08-23,12,6,97.2,0.0,6.3,486.0,145.8
6852,2025-08-23,19,2,22.8,0.0,4.5,109.44,31.92
6853,2025-08-23,13,5,21.7,0.0,5.3,151.9,49.91
6854,2025-08-23,17,5,69.6,0.0,8.7,487.2,160.08
6855,2025-08-23,26,2,52.4,0.0,3.9,251.52,73.36
6856,2025-08-23,21,1,71.8,0.0,5.7,323.1,86.16
6857,2025-08-23,11,3,67.1,0.0,8.6,436.15,140.91
6858,2025-08-23,16,4,99.1,0.0,5.1,574.78,188.29
6859,2025-08-23,27,6,62.8,0.0,3.3,314.0,94.2
6860,2025-08-24,10,5,39.5,0.0,2.2,276.5,90.85
6861,2025-08-24,18,6,23.5,0.0,2.1,117.5,35.25
6862,2025-08-24,3,3,63.4,0.0,7.2,412.1,133.14
6863,2025-08-24,14,2,38.7,0.0,7.5,185.76,54.18
6864,2025-08-24,19,1,43.6,0.0,5.5,196.2,52.32
6865,2025-08-24,24,1,69.0,0.0,8.2,310.5,82.8
6866,2025-08-24,29,3,76.2,0.0,7.2,495.3,160.02
6867,2025-08-24,24,3,45.8,0.0,5.4,297.7,96.18
6868,2025-08-24,20,1,48.7,0.0,4.8,219.15,58.44
6869,2025-08-24,2,6,27.6,0.0,6.4,138.0,41.4
6870,2025-08-24,23,5,91.3,0.0,7.3,639.1,209.99
6871,2025-08-24,7,1,38.8,0.0,9.3,174.6,46.56
6872,2025-08-24,7,6,71.3,0.0,6.5,356.5,106.95
6873,2025-08-24,16,5,62.2,0.0,7.0,435.4,143.06
6874,2025-08-24,27,6,54.4,0.0,7.8,272.0,81.6
6875,2025-08-24,24,2,94.6,0.0,7.5,454.08,132.44
6876,2025-08-24,29,6,20.8,0.0,7.9,104.0,31.2
6877,2025-08-24,7,3,53.9,0.0,8.3,350.35,113.19
6878,2025-08-24,8,5,34.7,0.0,12.1,242.9,79.81
6879,2025-08-24,16,4,60.3,0.0,8.0,349.74,114.57
6880,2025-08-24,20,2,56.8,0.0,4.6,272.64,79.52
6881,2025-08-24,2,2,52.2,0.0,7.6,250.56,73.08
6882,2025-08-24,10,1,27.7,0.0,6.9,124.65,33.24
6883,2025-08-24,14,2,27.7,0.0,8.2,132.96,38.78
6884,2025-08-24,19,1,91.8,27.9,5.1,287.55,110.16
6885,2025-08-24,22,2,66.1,0.0,2.4,317.28,92.54
6886,2025-08-24,30,1,38.8,0.0,5.8,174.6,46.56
6887,2025-08-24,21,6,76.2,0.0,4.4,381.0,114.3
6888,2025-08-24,25,4,96.1,0.0,6.7,557.38,182.59
6889,2025-08-24,8,4,33.0,0.0,3.1,191.4,62.7
6890,2025-08-24,24,5,99.1,0.0,4.5,693.7,227.93
6891,2025-08-24,11,6,48.2,0.0,5.6,241.0,72.3
6892,2025-08-24,7,4,70.6,0.0,5.1,409.48,134.14
6893,2025-08-24,23,1,59.7,0.0,6.9,268.65,71.64
6894,2025-08-24,18,1,67.9,0.0,7.2,305.55,81.48
6895,2025-08-24,3,6,78.2,0.0,4.9,391.0,117.3
6896,2025-08-24,26,4,31.9,0.0,6.8,185.02,60.61
6897,2025-08-24,26,1,65.7,0.0,12.2,295.65,78.84
6898,2025-08-24,1,3,50.4,0.0,4.8,327.6,105.84
6899,2025-08-24,7,4,66.6,0.0,0.8,386.28,126.54
6900,2025-08-24,16,6,83.3,0.0,3.8,416.5,124.95
6901,2025-08-24,2,2,49.5,0.0,5.1,237.6,69.3
6902,2025-08-24,5,3,66.5,0.0,3.3,432.25,139.65
6903,2025-08-24,22,3,23.0,0.0,4.5,149.5,48.3
6904,2025-08-24,9,6,77.5,0.0,7.7,387.5,116.25
6905,2025-08-24,3,1,72.9,0.0,5.8,328.05,87.48
6906,2025-08-24,23,5,57.5,0.0,1.6,402.5,132.25
6907,2025-08-24,2,5,81.9,0.0,5.1,573.3,188.37
6908,2025-08-25,17,6,37.4,0.0,6.9,187.0,56.1
6909,2025-08-25,26,4,96.2,0.0,2.9,557.96,182.78
6910,2025-08-25,2,4,67.6,0.0,5.9,392.08,128.44
6911,2025-08-25,23,1,42.2,0.0,6.0,189.9,50.64
6912,2025-08-25,18,6,60.6,0.0,9.3,303.0,90.9
6913,2025-08-25,23,3,37.0,0.0,6.5,240.5,77.7
6914,2025-08-25,8,3,58.2,0.0,5.8,378.3,122.22
6915,2025-08-25,19,4,86.0,0.0,3.9,498.8,163.4
6916,2025-08-25,19,2,30.7,0.0,5.8,147.36,42.98
6917,2025-08-25,6,5,62.0,0.0,4.0,434.0,142.6
6918,2025-08-25,18,6,43.7,0.0,7.0,218.5,65.55
6919,2025-08-25,3,4,24.8,0.0,7.6,143.84,47.12
6920,2025-08-25,22,1,36.7,0.0,6.1,165.15,44.04
6921,2025-08-25,17,6,68.9,0.0,13.5,344.5,103.35
6922,2025-08-25,30,5,60.2,0.0,5.2,421.4,138.46
6923,2025-08-25,6,2,80.8,0.0,7.6,387.84,113.12
6924,2025-08-25,11,1,88.0,0.0,6.6,396.0,105.6
6925,2025-08-25,5,1,66.8,0.0,5.3,300.6,80.16
6926,2025-08-25,11,4,66.4,0.0,5.8,385.12,126.16
6927,2025-08-25,17,4,45.7,0.0,9.8,265.06,86.83
6928,2025-08-25,9,2,31.5,0.0,4.8,151.2,44.1
6929,2025-08-25,20,3,27.4,0.0,5.8,178.1,57.54
6930,2025-08-25,24,4,77.6,0.0,8.9,450.08,147.44
6931,2025-08-25,5,5,85.3,0.0,1.1,597.1,196.19
6932,2025-08-26,28,1,70.2,0.0,2.6,315.9,84.24
6933,2025-08-26,24,6,78.4,0.0,4.3,392.0,117.6
6934,2025-08-26,24,5,23.3,0.0,5.2,163.1,53.59
6935,2025-08-26,4,5,85.7,0.0,8.7,599.9,197.11
6936,2025-08-26,25,4,42.3,0.0,12.0,245.34,80.37
6937,2025-08-26,13,5,72.8,0.0,5.4,509.6,167.44
6938,2025-08-26,22,4,24.3,0.0,7.2,140.94,46.17
6939,2025-08-26,12,1,42.5,0.0,6.1,191.25,51.0
6940,2025-08-26,30,4,59.1,0.0,3.6,342.78,112.29
6941,2025-08-26,12,1,79.2,0.0,9.1,356.4,95.04
6942,2025-08-26,18,6,63.1,0.0,4.0,315.5,94.65
6943,2025-08-26,1,6,42.6,0.0,10.4,213.0,63.9
6944,2025-08-26,15,5,50.3,0.0,6.9,352.1,115.69
6945,2025-08-26,19,3,68.4,13.9,2.8,354.25,143.64
6946,2025-08-26,2,2,42.7,0.0,10.2,204.96,59.78
6947,2025-08-26,18,6,61.6,0.0,7.7,308.0,92.4
6948,2025-08-26,15,3,60.2,0.0,3.7,391.3,126.42
6949,2025-08-26,21,2,36.0,0.0,4.8,172.8,50.4
6950,2025-08-27,23,3,40.9,0.0,-0.1,265.85,85.89
6951,2025-08-27,3,1,92.6,0.0,7.4,416.7,111.12
6952,2025-08-27,23,5,24.2,0.0,8.3,169.4,55.66
6953,2025-08-27,3,5,32.7,0.0,5.7,228.9,75.21
6954,2025-08-27,20,4,95.3,0.0,7.2,552.74,181.07
6955,2025-08-27,22,5,97.8,0.0,6.7,684.6,224.94
6956,2025-08-27,24,3,94.3,0.0,4.8,612.95,198.03
6957,2025-08-27,8,6,33.5,0.0,3.8,167.5,50.25
6958,2025-08-27,20,5,46.4,0.0,8.6,324.8,106.72
6959,2025-08-27,4,6,77.0,0.0,6.8,385.0,115.5
6960,2025-08-27,28,5,45.9,0.0,9.7,321.3,105.57
6961,2025-08-27,21,6,49.6,0.0,7.9,248.0,74.4
6962,2025-08-27,20,4,99.1,0.0,3.0,574.78,188.29
6963,2025-08-27,10,2,63.7,0.0,6.7,305.76,89.18
6964,2025-08-27,25,6,81.2,0.0,7.7,406.0,121.8
6965,2025-08-27,14,6,30.8,0.0,1.9,154.0,46.2
6966,2025-08-27,26,6,39.9,0.0,9.4,199.5,59.85
6967,2025-08-27,15,6,81.1,0.0,7.2,405.5,121.65
6968,2025-08-27,15,5,97.4,0.0,7.7,681.8,224.02
6969,2025-08-27,9,4,64.3,0.0,5.6,372.94,122.17
6970,2025-08-27,14,1,93.2,0.0,7.1,419.4,111.84
6971,2025-08-27,23,1,53.3,0.0,6.2,239.85,63.96
6972,2025-08-27,22,5,69.3,0.0,5.4,485.1,159.39
6973,2025-08-27,26,4,54.9,0.0,3.3,318.42,104.31
6974,2025-08-27,4,4,48.4,0.0,6.9,280.72,91.96
6975,2025-08-27,13,2,36.9,0.0,2.5,177.12,51.66
6976,2025-08-27,10,1,83.1,0.0,7.5,373.95,99.72
6977,2025-08-27,15,2,75.3,0.0,5.8,361.44,105.42
6978,2025-08-27,25,6,67.8,0.0,8.4,339.0,101.7
6979,2025-08-27,10,3,43.0,0.0,5.3,279.5,90.3
6980,2025-08-27,15,5,49.2,0.0,10.1,344.4,113.16
6981,2025-08-27,14,1,48.3,0.0,5.0,217.35,57.96
6982,2025-08-27,21,5,23.9,0.0,5.8,167.3,54.97
6983,2025-08-27,26,6,80.7,0.0,4.2,403.5,121.05
6984,2025-08-28,23,5,88.6,0.0,3.5,620.2,203.78
6985,2025-08-28,23,1,40.6,0.0,5.2,182.7,48.72
6986,2025-08-28,2,3,39.1,0.0,7.9,254.15,82.11
6987,2025-08-28,29,6,93.5,0.0,5.3,467.5,140.25
6988,2025-08-28,25,2,54.1,0.0,0.5,259.68,75.74
6989,2025-08-28,26,6,69.8,0.0,3.0,349.0,104.7
6990,2025-08-28,15,1,97.0,0.0,8.4,436.5,116.4
6991,2025-08-28,12,2,84.6,0.0,3.9,406.08,118.44
6992,2025-08-28,12,3,67.1,0.0,9.1,436.15,140.91
6993,2025-08-28,13,3,55.2,0.0,6.9,358.8,115.92
6994,2025-08-28,19,2,24.0,0.0,-0.1,115.2,33.6
6995,2025-08-28,23,3,53.0,0.0,0.4,344.5,111.3
6996,2025-08-28,9,1,51.4,0.0,4.6,231.3,61.68
6997,2025-08-28,24,5,57.8,0.0,4.7,404.6,132.94
6998,2025-08-28,21,5,69.3,0.0,5.5,485.1,159.39
6999,2025-08-28,10,2,30.2,0.0,6.6,144.96,42.28
7000,2025-08-28,22,4,83.3,0.0,0.9,483.14,158.27
7001,2025-08-28,11,1,88.1,0.0,5.7,396.45,105.72
7002,2025-08-28,27,6,55.6,0.0,4.1,278.0,83.4
7003,2025-08-28,25,4,68.8,0.0,3.9,399.04,130.72
7004,2025-08-28,4,6,89.2,0.0,7.0,446.0,133.8
7005,2025-08-28,24,1,83.8,0.0,7.8,377.1,100.56
7006,2025-08-28,2,6,22.1,0.0,2.9,110.5,33.15
7007,2025-08-28,20,4,77.6,0.0,5.3,450.08,147.44
7008,2025-08-28,10,4,48.5,0.0,5.3,281.3,92.15
7009,2025-08-28,18,3,56.8,0.0,6.8,369.2,119.28
7010,2025-08-28,12,5,93.6,0.0,7.4,655.2,215.28
7011,2025-08-28,14,6,41.7,0.0,8.1,208.5,62.55
7012,2025-08-28,7,3,26.9,0.0,2.2,174.85,56.49
7013,2025-08-28,16,2,87.4,15.7,4.6,344.16,122.36
7014,2025-08-28,4,3,79.4,0.0,6.2,516.1,166.74
7015,2025-08-28,2,5,88.9,0.0,6.3,622.3,204.47
7016,2025-08-29,21,1,76.3,0.0,3.2,343.35,91.56
7017,2025-08-29,18,3,89.8,0.0,5.8,583.7,188.58
7018,2025-08-29,18,4,45.8,0.0,4.4,265.64,87.02
7019,2025-08-29,29,6,45.3,0.0,5.1,226.5,67.95
7020,2025-08-29,5,3,31.1,0.0,5.9,202.15,65.31
7021,2025-08-29,25,5,60.0,0.0,7.8,420.0,138.0
7022,2025-08-29,28,4,64.7,0.0,2.6,375.26,122.93
7023,2025-08-29,8,5,27.0,0.0,1.2,189.0,62.1
7024,2025-08-29,6,5,82.3,0.0,6.4,576.1,189.29
7025,2025-08-29,2,6,44.2,0.0,5.0,221.0,66.3
7026,2025-08-29,18,1,47.9,0.0,6.8,215.55,57.48
7027,2025-08-29,27,4,54.1,0.0,5.5,313.78,102.79
7028,2025-08-29,4,6,48.8,0.0,1.6,244.0,73.2
7029,2025-08-29,18,5,56.8,0.0,4.8,397.6,130.64
7030,2025-08-29,28,2,84.0,0.0,5.3,403.2,117.6
7031,2025-08-29,10,6,65.4,0.0,8.5,327.0,98.1
7032,2025-08-29,28,4,84.7,0.0,0.8,491.26,160.93
7033,2025-08-29,14,4,99.1,0.0,2.9,574.78,188.29
7034,2025-08-29,20,1,58.5,0.0,2.6,263.25,70.2
7035,2025-08-29,27,4,84.9,0.0,7.3,492.42,161.31
7036,2025-08-29,7,5,80.4,0.0,2.9,562.8,184.92
7037,2025-08-29,29,4,34.6,0.0,3.3,200.68,65.74
7038,2025-08-29,15,3,61.4,0.0,2.7,399.1,128.94
7039,2025-08-29,15,6,48.0,0.0,2.9,240.0,72.0
7040,2025-08-29,19,2,52.7,0.0,7.0,252.96,73.78
7041,2025-08-29,11,4,21.5,0.0,6.2,124.7,40.85
7042,2025-08-29,17,3,78.2,0.0,7.9,508.3,164.22
7043,2025-08-29,29,6,31.1,0.0,2.7,155.5,46.65
7044,2025-08-29,7,4,64.5,0.0,8.9,374.1,122.55
7045,2025-08-29,11,6,59.9,0.0,8.7,299.5,89.85
7046,2025-08-29,7,4,50.3,0.0,-0.9,291.74,95.57
7047,2025-08-29,16,5,45.2,0.0,6.0,316.4,103.96
7048,2025-08-29,1,6,77.3,0.0,5.5,386.5,115.95
7049,2025-08-29,29,4,97.7,0.0,2.6,566.66,185.63
7050,2025-08-29,7,6,95.0,0.0,5.8,475.0,142.5
7051,2025-08-29,19,3,99.5,0.0,8.4,646.75,208.95
7052,2025-08-29,24,3,68.7,0.0,5.4,446.55,144.27
7053,2025-08-29,3,1,80.1,0.0,3.7,360.45,96.12
7054,2025-08-29,30,6,92.6,0.0,6.1,463.0,138.9
7055,2025-08-29,7,6,33.7,0.0,3.6,168.5,50.55
7056,2025-08-29,1,2,67.4,0.0,9.7,323.52,94.36
7057,2025-08-29,12,4,54.5,0.0,7.2,316.1,103.55
7058,2025-08-29,2,4,49.0,0.0,4.2,284.2,93.1
7059,2025-08-29,1,6,26.1,0.0,6.1,130.5,39.15
7060,2025-08-29,22,6,83.1,0.0,4.4,415.5,124.65
7061,2025-08-30,8,4,21.6,0.0,1.9,125.28,41.04
7062,2025-08-30,8,4,61.1,0.0,8.6,354.38,116.09
7063,2025-08-30,7,1,56.5,0.0,4.8,254.25,67.8
7064,2025-08-30,22,3,79.8,0.0,6.3,518.7,167.58
7065,2025-08-30,4,1,86.2,0.0,4.1,387.9,103.44
7066,2025-08-30,24,6,74.9,0.0,6.1,374.5,112.35
7067,2025-08-30,9,6,69.5,0.0,4.3,347.5,104.25
7068,2025-08-30,3,3,66.4,0.0,6.0,431.6,139.44
7069,2025-08-30,3,2,72.4,0.0,2.0,347.52,101.36
7070,2025-08-30,20,1,43.1,0.0,3.0,193.95,51.72
7071,2025-08-30,2,5,85.7,0.0,6.8,599.9,197.11
7072,2025-08-30,11,1,32.5,0.0,6.3,146.25,39.0
7073,2025-08-30,13,2,98.0,0.0,3.4,470.4,137.2
7074,2025-08-30,3,3,45.1,0.0,6.7,293.15,94.71
7075,2025-08-30,13,2,22.7,0.0,5.4,108.96,31.78
7076,2025-08-30,24,4,91.7,0.0,9.6,531.86,174.23
7077,2025-08-30,16,5,42.7,0.0,6.4,298.9,98.21
7078,2025-08-30,7,1,86.6,0.0,8.3,389.7,103.92
7079,2025-08-30,22,6,78.3,0.0,4.0,391.5,117.45
7080,2025-08-30,5,4,27.4,0.0,6.0,158.92,52.06
7081,2025-08-30,13,2,53.0,0.0,5.6,254.4,74.2
7082,2025-08-30,13,4,43.9,0.0,4.4,254.62,83.41
7083,2025-08-30,21,3,90.5,0.0,3.5,588.25,190.05
7084,2025-08-30,23,5,56.8,0.0,5.3,397.6,130.64
7085,2025-08-30,25,4,26.8,0.0,5.7,155.44,50.92
7086,2025-08-30,14,5,96.6,0.0,10.4,676.2,222.18
7087,2025-08-30,23,5,21.9,0.0,6.3,153.3,50.37
7088,2025-08-30,14,1,74.9,0.0,4.7,337.05,89.88
7089,2025-08-30,3,6,83.5,0.0,3.3,417.5,125.25
7090,2025-08-30,4,3,78.3,0.0,8.0,508.95,164.43
7091,2025-08-30,13,5,25.7,0.0,6.9,179.9,59.11
7092,2025-08-30,28,4,75.0,0.0,9.1,435.0,142.5
7093,2025-08-30,4,3,32.6,0.0,5.6,211.9,68.46
7094,2025-08-30,13,2,92.0,0.0,6.5,441.6,128.8
7095,2025-08-30,10,5,78.5,0.0,7.3,549.5,180.55
7096,2025-08-30,11,5,62.8,0.0,3.3,439.6,144.44
7097,2025-08-30,30,4,45.9,0.0,5.7,266.22,87.21
7098,2025-08-31,30,2,96.9,0.0,3.3,465.12,135.66
7099,2025-08-31,3,1,88.3,0.0,7.3,397.35,105.96
7100,2025-08-31,12,2,30.0,0.0,8.1,144.0,42.0
7101,2025-08-31,3,5,72.4,0.0,10.3,506.8,166.52
7102,2025-08-31,12,5,26.7,0.0,9.7,186.9,61.41
7103,2025-08-31,14,4,86.5,0.0,4.0,501.7,164.35
7104,2025-08-31,16,5,64.7,0.0,4.6,452.9,148.81
7105,2025-08-31,5,1,57.7,0.0,4.8,259.65,69.24
7106,2025-08-31,15,2,24.0,0.0,7.4,115.2,33.6
7107,2025-08-31,3,5,24.8,0.0,6.4,173.6,57.04
7108,2025-08-31,23,6,29.0,0.0,2.6,145.0,43.5
7109,2025-08-31,1,2,52.3,0.0,6.5,251.04,73.22
7110,2025-08-31,17,2,99.5,0.0,4.5,477.6,139.3
7111,2025-08-31,21,2,48.4,0.0,7.2,232.32,67.76
7112,2025-08-31,11,1,66.1,0.0,6.3,297.45,79.32
7113,2025-08-31,1,1,95.5,0.0,3.5,429.75,114.6
7114,2025-08-31,24,1,58.3,0.0,6.9,262.35,69.96
7115,2025-08-31,24,4,95.0,0.0,6.9,551.0,180.5
7116,2025-08-31,18,1,43.0,0.0,6.3,193.5,51.6
7117,2025-08-31,8,3,20.3,0.0,2.8,131.95,42.63
7118,2025-08-31,9,5,38.5,0.0,5.0,269.5,88.55
7119,2025-08-31,6,2,67.9,0.0,9.8,325.92,95.06
7120,2025-08-31,24,2,61.9,0.0,7.1,297.12,86.66
7121,2025-08-31,12,3,96.4,0.0,4.4,626.6,202.44
7122,2025-08-31,29,2,72.1,0.0,9.2,346.08,100.94
7123,2025-08-31,12,6,45.9,0.0,3.8,229.5,68.85
7124,2025-08-31,26,2,63.9,0.0,8.9,306.72,89.46
7125,2025-08-31,20,4,21.6,0.0,6.3,125.28,41.04
7126,2025-08-31,20,3,89.8,0.0,4.7,583.7,188.58
7127,2025-08-31,20,2,95.7,0.0,6.9,459.36,133.98
7128,2025-08-31,27,2,48.8,0.0,2.4,234.24,68.32
7129,2025-08-31,13,3,26.5,0.0,7.8,172.25,55.65
7130,2025-08-31,9,5,66.1,22.2,6.2,307.3,152.03
7131,2025-08-31,19,6,56.8,0.0,6.0,284.0,85.2
7132,2025-08-31,13,2,75.5,0.0,6.4,362.4,105.7
7133,2025-08-31,11,3,81.8,0.0,3.7,531.7,171.78
7134,2025-08-31,14,1,35.9,0.0,10.6,161.55,43.08
7135,2025-08-31,16,3,35.2,0.0,5.5,228.8,73.92
7136,2025-08-31,30,3,21.7,6.1,3.9,101.4,45.57
7137,2025-08-31,6,3,49.7,0.0,7.2,323.05,104.37
7138,2025-08-31,4,4,56.3,0.0,6.4,326.54,106.97
7139,2025-08-31,13,2,91.2,0.0,8.7,437.76,127.68
7140,2025-08-31,4,1,26.6,0.0,8.9,119.7,31.92
7141,2025-08-31,18,5,81.0,0.0,7.5,567.0,186.3
7142,2025-08-31,16,2,22.0,0.0,5.9,105.6,30.8
7143,2025-08-31,22,2,30.4,0.0,4.8,145.92,42.56
7144,2025-09-01,11,5,79.5,0.0,3.0,556.5,182.85
7145,2025-09-01,14,6,62.7,0.0,8.2,313.5,94.05
7146,2025-09-01,4,3,21.7,0.0,6.4,141.05,45.57
7147,2025-09-01,23,2,61.7,0.0,1.2,296.16,86.38
7148,2025-09-01,4,6,91.5,0.0,5.5,457.5,137.25
7149,2025-09-01,26,4,81.4,0.0,5.2,472.12,154.66
7150,2025-09-01,8,2,20.3,2.7,3.9,84.48,28.42
7151,2025-09-01,12,3,90.4,0.0,1.9,587.6,189.84
7152,2025-09-01,7,6,73.7,0.0,11.7,368.5,110.55
7153,2025-09-01,23,3,45.2,0.0,2.9,293.8,94.92
7154,2025-09-01,5,6,74.8,0.0,3.3,374.0,112.2
7155,2025-09-01,7,4,81.2,0.0,8.4,470.96,154.28
7156,2025-09-01,26,1,44.1,0.0,3.7,198.45,52.92
7157,2025-09-01,13,6,21.3,0.0,4.4,106.5,31.95
7158,2025-09-01,16,4,61.3,0.0,8.9,355.54,116.47
7159,2025-09-01,21,5,29.3,0.0,-0.4,205.1,67.39
7160,2025-09-01,5,5,95.7,0.0,8.1,669.9,220.11
7161,2025-09-01,5,6,46.0,0.0,2.0,230.0,69.0
7162,2025-09-01,16,3,40.1,0.0,6.0,260.65,84.21
7163,2025-09-01,5,6,64.7,8.8,9.9,279.5,97.05
7164,2025-09-02,15,2,90.0,0.0,5.2,432.0,126.0
7165,2025-09-02,22,4,79.8,0.0,7.0,462.84,151.62
7166,2025-09-02,20,2,91.1,0.0,7.6,437.28,127.54
7167,2025-09-02,12,4,58.2,0.0,5.7,337.56,110.58
7168,2025-09-02,5,6,82.9,0.0,7.7,414.5,124.35
7169,2025-09-02,23,2,78.9,0.0,4.7,378.72,110.46
7170,2025-09-02,25,3,80.0,0.0,7.9,520.0,168.0
7171,2025-09-02,8,4,66.5,19.2,3.5,274.34,126.35
7172,2025-09-02,2,6,59.1,0.0,4.0,295.5,88.65
7173,2025-09-02,8,1,52.7,0.0,7.4,237.15,63.24
7174,2025-09-02,8,2,51.9,10.4,9.2,199.2,72.66
7175,2025-09-02,9,3,46.5,0.0,1.5,302.25,97.65
7176,2025-09-02,30,1,85.1,18.6,4.5,299.25,102.12
7177,2025-09-02,23,2,28.2,0.0,10.1,135.36,39.48
7178,2025-09-02,29,5,89.0,0.0,8.1,623.0,204.7
7179,2025-09-02,14,5,61.9,10.7,6.9,358.4,142.37
7180,2025-09-02,25,5,29.6,0.0,6.3,207.2,68.08
7181,2025-09-02,9,4,68.1,0.0,7.2,394.98,129.39
7182,2025-09-02,9,2,25.3,0.0,10.9,121.44,35.42
7183,2025-09-02,30,2,95.5,0.0,9.1,458.4,133.7
7184,2025-09-02,14,6,94.9,0.0,6.7,474.5,142.35
7185,2025-09-02,27,2,23.4,0.0,5.3,112.32,32.76
7186,2025-09-02,18,4,96.4,0.0,6.1,559.12,183.16
7187,2025-09-02,2,3,98.2,0.0,4.1,638.3,206.22
7188,2025-09-02,15,1,36.2,0.0,14.0,162.9,43.44
7189,2025-09-02,29,5,69.8,0.0,5.7,488.6,160.54
7190,2025-09-02,1,1,90.2,0.0,8.9,405.9,108.24
7191,2025-09-02,27,6,32.6,0.0,3.5,163.0,48.9
7192,2025-09-02,8,4,94.7,0.0,3.7,549.26,179.93
7193,2025-09-02,3,2,51.4,0.0,7.9,246.72,71.96
7194,2025-09-02,15,3,24.3,0.0,6.0,157.95,51.03
7195,2025-09-02,30,5,94.9,0.0,5.9,664.3,218.27
7196,2025-09-02,8,5,66.8,0.0,7.9,467.6,153.64
7197,2025-09-03,28,5,44.5,16.8,4.3,193.9,102.35
7198,2025-09-03,9,3,38.4,0.0,4.4,249.6,80.64
7199,2025-09-03,5,6,56.2,0.0,5.1,281.0,84.3
7200,2025-09-03,12,4,91.5,0.0,1.9,530.7,173.85
7201,2025-09-03,14,4,54.8,0.0,6.1,317.84,104.12
7202,2025-09-03,4,6,95.3,0.0,9.1,476.5,142.95
7203,2025-09-03,14,5,54.3,0.0,8.5,380.1,124.89
7204,2025-09-03,11,4,40.0,0.0,4.2,232.0,76.0
7205,2025-09-03,19,6,51.1,0.0,-0.9,255.5,76.65
7206,2025-09-03,20,6,35.8,0.0,9.1,179.0,53.7
7207,2025-09-03,18,3,21.5,0.0,9.4,139.75,45.15
7208,2025-09-03,5,4,51.4,0.0,7.3,298.12,97.66
7209,2025-09-03,21,3,40.5,0.0,7.9,263.25,85.05
7210,2025-09-03,30,4,53.2,0.0,7.8,308.56,101.08
7211,2025-09-03,27,5,47.9,0.0,7.5,335.3,110.17
7212,2025-09-03,23,2,39.6,0.0,8.7,190.08,55.44
7213,2025-09-03,8,4,53.6,0.0,4.0,310.88,101.84
7214,2025-09-03,21,3,91.1,0.0,7.4,592.15,191.31
7215,2025-09-04,9,1,67.9,0.0,4.1,305.55,81.48
7216,2025-09-04,13,4,27.1,0.0,6.6,157.18,51.49
7217,2025-09-04,7,3,65.6,0.0,5.2,426.4,137.76
7218,2025-09-04,27,5,29.3,0.0,7.7,205.1,67.39
7219,2025-09-04,29,4,46.3,0.0,5.8,268.54,87.97
7220,2025-09-04,5,1,81.0,0.0,1.7,364.5,97.2
7221,2025-09-04,23,5,27.3,0.0,4.6,191.1,62.79
7222,2025-09-04,5,5,67.6,0.0,4.9,473.2,155.48
7223,2025-09-04,10,2,80.0,0.0,2.0,384.0,112.0
7224,2025-09-04,7,2,21.8,0.0,3.4,104.64,30.52
7225,2025-09-04,13,2,72.3,0.0,4.9,347.04,101.22
7226,2025-09-04,28,5,44.9,0.0,2.9,314.3,103.27
7227,2025-09-04,6,6,25.8,0.0,5.4,129.0,38.7
7228,2025-09-04,28,1,50.5,0.0,8.3,227.25,60.6
7229,2025-09-04,5,1,34.4,0.0,2.1,154.8,41.28
7230,2025-09-04,4,4,30.7,0.0,3.1,178.06,58.33
7231,2025-09-04,17,6,44.1,0.0,6.9,220.5,66.15
7232,2025-09-04,24,1,69.9,0.0,9.7,314.55,83.88
7233,2025-09-04,20,4,71.8,0.0,3.9,416.44,136.42
7234,2025-09-05,12,3,58.7,0.0,7.0,381.55,123.27
7235,2025-09-05,11,1,34.8,0.0,6.0,156.6,41.76
7236,2025-09-05,14,4,71.9,0.0,4.6,417.02,136.61
7237,2025-09-05,26,1,23.8,0.0,4.6,107.1,28.56
7238,2025-09-05,16,3,60.3,0.0,4.7,391.95,126.63
7239,2025-09-05,19,3,90.7,0.0,7.9,589.55,190.47
7240,2025-09-05,30,3,47.5,0.0,5.4,308.75,99.75
7241,2025-09-05,9,1,52.9,0.0,0.1,238.05,63.48
7242,2025-09-05,7,2,48.3,0.0,11.4,231.84,67.62
7243,2025-09-05,28,5,81.4,0.0,6.8,569.8,187.22
7244,2025-09-05,24,3,71.4,0.0,3.9,464.1,149.94
7245,2025-09-05,25,2,30.2,0.0,6.4,144.96,42.28
7246,2025-09-05,15,3,43.2,0.0,2.1,280.8,90.72
7247,2025-09-05,2,3,73.6,0.0,5.3,478.4,154.56
7248,2025-09-05,19,3,44.6,8.1,9.3,237.25,93.66
7249,2025-09-05,19,5,36.9,0.0,5.1,258.3,84.87
7250,2025-09-05,30,4,80.8,0.0,4.3,468.64,153.52
7251,2025-09-05,1,5,81.9,0.0,4.7,573.3,188.37
7252,2025-09-05,10,1,95.6,0.0,2.6,430.2,114.72
7253,2025-09-05,28,4,41.2,0.0,2.0,238.96,78.28
7254,2025-09-05,23,6,72.6,0.0,7.8,363.0,108.9
7255,2025-09-05,14,5,90.1,26.5,11.8,445.2,207.23
7256,2025-09-05,30,5,32.5,0.0,6.2,227.5,74.75
7257,2025-09-05,15,5,29.0,0.0,5.5,203.0,66.7
7258,2025-09-05,24,4,35.2,0.0,4.9,204.16,66.88
7259,2025-09-05,1,1,93.1,0.0,2.0,418.95,111.72
7260,2025-09-05,21,4,59.2,0.0,6.3,343.36,112.48
7261,2025-09-05,30,1,99.4,0.0,6.7,447.3,119.28
7262,2025-09-05,8,5,98.7,0.0,7.4,690.9,227.01
7263,2025-09-05,8,2,75.0,0.0,6.0,360.0,105.0
7264,2025-09-05,12,5,36.7,0.0,3.3,256.9,84.41
7265,2025-09-05,18,4,53.5,0.0,7.9,310.3,101.65
7266,2025-09-05,29,4,54.7,0.0,5.6,317.26,103.93
7267,2025-09-05,11,3,59.7,0.0,6.5,388.05,125.37
7268,2025-09-05,1,3,96.9,0.0,3.1,629.85,203.49
7269,2025-09-05,15,1,26.0,0.0,4.9,117.0,31.2
7270,2025-09-05,12,2,96.4,0.0,7.4,462.72,134.96
7271,2025-09-05,23,3,30.1,0.0,4.1,195.65,63.21
7272,2025-09-05,6,2,69.5,0.0,5.3,333.6,97.3
7273,2025-09-05,1,5,61.7,0.0,5.5,431.9,141.91
7274,2025-09-05,7,2,91.5,0.0,5.0,439.2,128.1
7275,2025-09-05,9,4,83.3,20.0,5.9,367.14,158.27
7276,2025-09-05,5,2,74.5,0.0,4.4,357.6,104.3
7277,2025-09-05,2,3,65.8,0.0,9.2,427.7,138.18
7278,2025-09-05,18,5,79.6,0.0,9.8,557.2,183.08
7279,2025-09-05,13,1,71.3,0.0,5.5,320.85,85.56
7280,2025-09-05,26,4,56.7,0.0,7.4,328.86,107.73
7281,2025-09-05,9,4,72.0,0.0,5.7,417.6,136.8
7282,2025-09-06,9,3,54.0,0.0,7.8,351.0,113.4
7283,2025-09-06,11,6,49.9,0.0,7.5,249.5,74.85
7284,2025-09-06,19,5,67.5,0.0,7.1,472.5,155.25
7285,2025-09-06,19,1,30.1,0.0,-0.3,135.45,36.12
7286,2025-09-06,20,1,89.7,0.0,4.0,403.65,107.64
7287,2025-09-06,27,5,65.8,0.0,3.1,460.6,151.34
7288,2025-09-06,16,6,34.9,0.0,6.8,174.5,52.35
7289,2025-09-06,2,3,53.1,0.0,3.3,345.15,111.51
7290,2025-09-06,4,6,40.4,0.0,4.3,202.0,60.6
7291,2025-09-06,30,6,51.0,0.0,5.6,255.0,76.5
7292,2025-09-06,13,5,41.5,5.8,5.4,249.9,95.45
7293,2025-09-06,4,1,22.4,0.0,5.7,100.8,26.88
7294,2025-09-06,7,5,93.6,0.0,9.5,655.2,215.28
7295,2025-09-06,15,3,76.2,0.0,1.5,495.3,160.02
7296,2025-09-06,5,2,94.3,0.0,8.5,452.64,132.02
7297,2025-09-06,12,4,87.3,0.0,2.8,506.34,165.87
7298,2025-09-06,24,3,60.6,0.0,7.7,393.9,127.26
7299,2025-09-06,18,6,20.3,0.0,7.0,101.5,30.45
7300,2025-09-06,6,4,69.6,0.0,2.7,403.68,132.24
7301,2025-09-06,25,5,35.5,0.0,4.8,248.5,81.65
7302,2025-09-06,17,5,55.7,14.6,12.6,287.7,128.11
7303,2025-09-06,5,2,89.9,0.0,6.4,431.52,125.86
7304,2025-09-06,30,3,61.9,0.0,9.1,402.35,129.99
7305,2025-09-06,14,4,98.2,14.7,4.2,484.3,186.58
7306,2025-09-06,26,5,40.7,0.0,-0.7,284.9,93.61
7307,2025-09-06,21,6,76.6,0.0,3.7,383.0,114.9
7308,2025-09-06,8,2,44.3,0.0,4.2,212.64,62.02
7309,2025-09-06,26,6,60.2,0.0,2.5,301.0,90.3
7310,2025-09-06,22,4,44.3,0.0,6.3,256.94,84.17
7311,2025-09-06,12,1,87.6,18.4,9.4,311.4,105.12
7312,2025-09-06,28,2,71.1,0.0,7.5,341.28,99.54
7313,2025-09-06,8,6,67.0,0.0,4.4,335.0,100.5
7314,2025-09-06,17,4,26.1,0.0,5.3,151.38,49.59
7315,2025-09-06,29,3,39.5,0.0,6.4,256.75,82.95
7316,2025-09-06,8,3,20.7,0.0,5.8,134.55,43.47
7317,2025-09-06,27,5,85.4,0.0,5.8,597.8,196.42
7318,2025-09-06,8,5,21.9,0.0,6.2,153.3,50.37
7319,2025-09-06,15,1,54.7,0.0,10.4,246.15,65.64
7320,2025-09-06,3,2,72.0,0.0,8.5,345.6,100.8
7321,2025-09-07,1,5,31.8,0.0,7.2,222.6,73.14
7322,2025-09-07,29,6,53.1,0.0,6.4,265.5,79.65
7323,2025-09-07,5,2,76.8,0.0,8.0,368.64,107.52
7324,2025-09-07,2,5,66.9,0.0,5.6,468.3,153.87
7325,2025-09-07,10,5,24.9,0.0,2.2,174.3,57.27
7326,2025-09-07,28,3,64.8,0.0,7.5,421.2,136.08
7327,2025-09-07,10,3,20.7,0.0,5.4,134.55,43.47
7328,2025-09-07,23,5,68.1,0.0,7.1,476.7,156.63
7329,2025-09-07,19,6,37.8,0.0,5.9,189.0,56.7
7330,2025-09-07,9,5,53.6,0.0,6.8,375.2,123.28
7331,2025-09-07,2,5,73.0,0.0,6.8,511.0,167.9
7332,2025-09-07,30,5,25.7,0.0,5.4,179.9,59.11
7333,2025-09-07,8,2,91.2,0.0,6.0,437.76,127.68
7334,2025-09-07,16,2,23.6,5.3,9.3,87.84,33.04
7335,2025-09-07,22,1,93.1,0.0,2.7,418.95,111.72
7336,2025-09-07,21,2,80.4,0.0,7.2,385.92,112.56
7337,2025-09-07,20,6,79.7,0.0,9.1,398.5,119.55
7338,2025-09-07,4,4,80.1,0.0,6.8,464.58,152.19
7339,2025-09-07,1,3,46.7,0.0,5.3,303.55,98.07
7340,2025-09-07,2,4,55.1,0.0,9.3,319.58,104.69
7341,2025-09-07,30,3,99.9,0.0,6.8,649.35,209.79
7342,2025-09-07,16,1,73.3,0.0,8.4,329.85,87.96
7343,2025-09-07,24,4,85.0,0.0,6.4,493.0,161.5
7344,2025-09-07,27,1,26.4,0.0,5.3,118.8,31.68
7345,2025-09-07,30,1,44.8,0.0,7.1,201.6,53.76
7346,2025-09-07,5,2,98.6,0.0,7.5,473.28,138.04
7347,2025-09-07,4,2,20.8,0.0,8.2,99.84,29.12
7348,2025-09-07,25,5,98.2,0.0,4.2,687.4,225.86
7349,2025-09-08,20,6,40.2,0.0,8.1,201.0,60.3
7350,2025-09-08,4,4,75.5,0.0,-0.2,437.9,143.45
7351,2025-09-08,26,5,89.0,0.0,7.1,623.0,204.7
7352,2025-09-08,28,6,95.1,0.0,8.7,475.5,142.65
7353,2025-09-08,27,6,92.9,0.0,6.7,464.5,139.35
7354,2025-09-08,3,6,89.0,0.0,3.8,445.0,133.5
7355,2025-09-08,3,5,78.1,0.0,7.8,546.7,179.63
7356,2025-09-08,22,3,73.0,0.0,-0.5,474.5,153.3
7357,2025-09-08,15,5,33.7,0.0,5.5,235.9,77.51
7358,2025-09-08,5,1,90.9,17.1,6.8,332.1,109.08
7359,2025-09-08,16,6,40.5,0.0,6.2,202.5,60.75
7360,2025-09-08,7,2,24.3,0.0,6.1,116.64,34.02
7361,2025-09-08,25,3,58.5,0.0,8.0,380.25,122.85
7362,2025-09-08,21,6,23.4,0.0,1.7,117.0,35.1
7363,2025-09-08,15,1,80.6,0.0,5.4,362.7,96.72
7364,2025-09-08,6,3,26.3,0.0,9.6,170.95,55.23
7365,2025-09-08,29,1,94.6,0.0,7.3,425.7,113.52
7366,2025-09-08,27,2,60.0,0.0,4.8,288.0,84.0
7367,2025-09-08,29,4,34.7,0.0,3.0,201.26,65.93
7368,2025-09-08,30,6,42.6,0.0,4.8,213.0,63.9
7369,2025-09-08,27,4,52.9,0.0,3.8,306.82,100.51
7370,2025-09-09,27,3,47.5,0.0,4.0,308.75,99.75
7371,2025-09-09,3,4,64.2,0.0,7.2,372.36,121.98
7372,2025-09-09,25,4,68.8,0.0,8.0,399.04,130.72
7373,2025-09-09,8,6,39.0,0.0,5.6,195.0,58.5
7374,2025-09-09,11,6,22.6,0.0,3.2,113.0,33.9
7375,2025-09-09,25,2,34.5,0.0,4.9,165.6,48.3
7376,2025-09-09,6,2,56.8,0.0,12.3,272.64,79.52
7377,2025-09-09,15,5,30.3,3.3,10.0,189.0,69.69
7378,2025-09-09,17,2,83.4,0.0,6.9,400.32,116.76
7379,2025-09-09,28,4,80.0,0.0,3.2,464.0,152.0
7380,2025-09-09,30,2,98.1,0.0,5.6,470.88,137.34
7381,2025-09-09,5,1,91.9,0.0,7.7,413.55,110.28
7382,2025-09-09,17,5,72.4,0.0,4.6,506.8,166.52
7383,2025-09-09,3,3,49.2,0.0,5.6,319.8,103.32
7384,2025-09-09,17,2,86.0,0.0,3.6,412.8,120.4
7385,2025-09-09,21,5,71.4,0.0,4.6,499.8,164.22
7386,2025-09-09,19,4,49.7,0.0,6.5,288.26,94.43
7387,2025-09-09,3,3,67.8,0.0,5.7,440.7,142.38
7388,2025-09-09,16,3,49.8,0.0,3.9,323.7,104.58
7389,2025-09-09,9,2,50.0,0.0,9.9,240.0,70.0
7390,2025-09-09,12,2,50.1,0.0,6.9,240.48,70.14
7391,2025-09-09,23,3,45.6,0.0,5.8,296.4,95.76
7392,2025-09-09,26,2,23.9,0.0,5.6,114.72,33.46
7393,2025-09-09,7,3,87.8,0.0,6.3,570.7,184.38
7394,2025-09-10,3,2,72.8,0.0,10.9,349.44,101.92
7395,2025-09-10,10,6,42.6,0.0,6.3,213.0,63.9
7396,2025-09-10,10,3,87.4,0.0,4.8,568.1,183.54
7397,2025-09-10,25,1,44.9,0.0,6.3,202.05,53.88
7398,2025-09-10,3,5,89.6,0.0,2.8,627.2,206.08
7399,2025-09-10,1,2,95.6,0.0,6.4,458.88,133.84
7400,2025-09-10,5,5,91.8,0.0,9.8,642.6,211.14
7401,2025-09-10,16,5,40.4,0.0,6.4,282.8,92.92
7402,2025-09-10,14,5,83.8,0.0,5.9,586.6,192.74
7403,2025-09-10,15,3,65.0,0.0,2.0,422.5,136.5
7404,2025-09-10,27,2,40.3,0.0,6.0,193.44,56.42
7405,2025-09-10,28,6,89.7,0.0,5.0,448.5,134.55
7406,2025-09-10,17,3,62.3,0.0,7.8,404.95,130.83
7407,2025-09-10,9,4,24.5,0.0,7.2,142.1,46.55
7408,2025-09-10,13,4,30.2,0.0,2.1,175.16,57.38
7409,2025-09-10,23,1,30.4,0.0,6.0,136.8,36.48
7410,2025-09-10,7,5,23.0,0.0,2.7,161.0,52.9
7411,2025-09-10,1,1,56.9,0.0,4.4,256.05,68.28
7412,2025-09-10,3,2,87.5,0.0,8.6,420.0,122.5
7413,2025-09-10,28,5,57.2,0.0,3.0,400.4,131.56
7414,2025-09-10,18,2,49.2,0.0,6.4,236.16,68.88
7415,2025-09-10,13,5,65.9,0.0,3.8,461.3,151.57
7416,2025-09-10,15,4,63.7,0.0,5.6,369.46,121.03
7417,2025-09-10,1,2,43.5,0.0,4.8,208.8,60.9
7418,2025-09-10,22,1,87.2,28.7,6.9,263.25,104.64
7419,2025-09-10,10,5,94.9,0.0,7.3,664.3,218.27
7420,2025-09-10,24,5,84.7,0.0,6.2,592.9,194.81
7421,2025-09-10,22,2,32.6,0.0,4.2,156.48,45.64
7422,2025-09-10,10,5,57.6,0.0,7.8,403.2,132.48
7423,2025-09-10,14,6,29.0,0.0,6.4,145.0,43.5
7424,2025-09-11,26,3,62.1,0.0,5.9,403.65,130.41
7425,2025-09-11,9,5,32.7,0.0,5.3,228.9,75.21
7426,2025-09-11,4,5,63.8,12.3,9.7,360.5,146.74
7427,2025-09-11,19,5,75.2,0.0,8.5,526.4,172.96
7428,2025-09-11,13,6,86.5,0.0,2.0,432.5,129.75
7429,2025-09-11,5,4,43.9,0.0,4.8,254.62,83.41
7430,2025-09-11,11,2,75.0,0.0,7.2,360.0,105.0
7431,2025-09-11,30,4,72.0,0.0,-1.2,417.6,136.8
7432,2025-09-11,22,1,71.2,0.0,5.5,320.4,85.44
7433,2025-09-11,13,2,90.3,0.0,5.7,433.44,126.42
7434,2025-09-11,14,4,86.2,0.0,8.6,499.96,163.78
7435,2025-09-11,6,3,71.2,0.0,2.6,462.8,149.52
7436,2025-09-11,10,5,37.5,0.0,14.3,262.5,86.25
7437,2025-09-11,16,1,62.9,0.0,3.5,283.05,75.48
7438,2025-09-11,7,2,92.7,27.7,9.2,312.0,129.78
7439,2025-09-11,9,2,42.1,0.0,6.8,202.08,58.94
7440,2025-09-11,23,2,59.2,0.0,9.0,284.16,82.88
7441,2025-09-11,4,3,72.5,0.0,6.4,471.25,152.25
7442,2025-09-11,11,5,96.9,0.0,5.0,678.3,222.87
7443,2025-09-11,18,4,29.2,0.0,1.4,169.36,55.48
7444,2025-09-11,1,2,97.2,0.0,7.1,466.56,136.08
7445,2025-09-11,7,3,60.2,0.0,5.6,391.3,126.42
7446,2025-09-12,26,6,70.4,0.0,6.1,352.0,105.6
7447,2025-09-12,12,4,86.6,0.0,6.1,502.28,164.54
7448,2025-09-12,7,5,42.3,0.0,6.8,296.1,97.29
7449,2025-09-12,13,3,81.7,0.0,8.2,531.05,171.57
7450,2025-09-12,26,1,23.1,0.0,3.8,103.95,27.72
7451,2025-09-12,10,4,81.7,0.0,3.6,473.86,155.23
7452,2025-09-12,14,4,35.7,0.0,7.6,207.06,67.83
7453,2025-09-12,1,1,53.8,0.0,1.9,242.1,64.56
7454,2025-09-12,6,3,21.4,0.0,1.6,139.1,44.94
7455,2025-09-12,17,2,23.9,0.0,5.1,114.72,33.46
7456,2025-09-12,25,4,34.9,0.0,5.2,202.42,66.31
7457,2025-09-12,1,5,50.7,0.0,5.9,354.9,116.61
7458,2025-09-12,2,6,41.7,0.0,4.1,208.5,62.55
7459,2025-09-12,6,3,43.4,0.0,2.7,282.1,91.14
7460,2025-09-12,13,5,64.5,0.0,10.0,451.5,148.35
7461,2025-09-12,7,2,68.4,0.0,9.4,328.32,95.76
7462,2025-09-12,17,1,82.0,0.0,8.9,369.0,98.4
7463,2025-09-12,6,1,20.5,0.0,-0.8,92.25,24.6
7464,2025-09-12,5,1,89.6,0.0,4.5,403.2,107.52
7465,2025-09-12,8,2,23.7,0.0,4.3,113.76,33.18
7466,2025-09-12,12,2,68.5,0.0,6.4,328.8,95.9
7467,2025-09-12,12,3,87.8,0.0,11.3,570.7,184.38
7468,2025-09-12,24,2,98.1,0.0,6.9,470.88,137.34
7469,2025-09-12,14,4,25.6,0.0,3.9,148.48,48.64
7470,2025-09-12,24,4,87.2,0.0,4.6,505.76,165.68
7471,2025-09-12,25,4,50.0,0.0,3.9,290.0,95.0
7472,2025-09-12,21,2,51.3,0.0,9.2,246.24,71.82
7473,2025-09-12,9,6,90.7,0.0,6.8,453.5,136.05
7474,2025-09-12,12,3,70.5,0.0,9.3,458.25,148.05
7475,2025-09-12,24,3,38.1,0.0,9.0,247.65,80.01
7476,2025-09-12,6,3,82.7,28.9,9.4,349.7,173.67
7477,2025-09-12,7,1,55.1,0.0,8.9,247.95,66.12
7478,2025-09-12,20,3,79.9,0.0,1.1,519.35,167.79
7479,2025-09-12,5,4,53.7,0.0,5.8,311.46,102.03
7480,2025-09-12,28,2,42.0,0.0,2.3,201.6,58.8
7481,2025-09-12,22,1,42.8,0.0,3.3,192.6,51.36
7482,2025-09-12,2,4,68.7,0.0,5.4,398.46,130.53
7483,2025-09-12,24,5,60.3,0.0,4.8,422.1,138.69
7484,2025-09-12,14,3,56.9,0.0,5.9,369.85,119.49
7485,2025-09-12,13,4,84.1,0.0,3.3,487.78,159.79
7486,2025-09-12,20,4,58.3,0.0,10.3,338.14,110.77
7487,2025-09-12,11,5,59.5,0.0,2.5,416.5,136.85
7488,2025-09-12,28,2,26.6,0.0,3.9,127.68,37.24
7489,2025-09-12,15,1,29.3,5.8,4.9,105.75,35.16
7490,2025-09-12,4,5,67.0,0.0,6.5,469.0,154.1
7491,2025-09-12,6,5,59.2,0.0,4.9,414.4,136.16
7492,2025-09-12,16,5,31.5,0.0,4.9,220.5,72.45
7493,2025-09-12,9,1,49.1,0.0,6.1,220.95,58.92
7494,2025-09-12,8,3,33.0,0.0,11.5,214.5,69.3
7495,2025-09-13,22,5,58.2,0.0,3.9,407.4,133.86
7496,2025-09-13,16,5,38.0,0.0,5.6,266.0,87.4
7497,2025-09-13,21,2,97.3,0.0,3.3,467.04,136.22
7498,2025-09-13,15,4,30.7,0.0,4.1,178.06,58.33
7499,2025-09-13,30,6,41.2,0.0,5.7,206.0,61.8
7500,2025-09-13,13,5,93.1,0.0,3.9,651.7,214.13
7501,2025-09-13,21,1,87.6,0.0,6.0,394.2,105.12
7502,2025-09-13,21,4,53.3,0.0,3.8,309.14,101.27
7503,2025-09-13,20,6,72.8,0.0,5.5,364.0,109.2
7504,2025-09-13,12,1,29.1,0.0,9.4,130.95,34.92
7505,2025-09-13,14,3,70.2,0.0,6.1,456.3,147.42
7506,2025-09-13,21,1,88.1,0.0,4.9,396.45,105.72
7507,2025-09-13,2,5,55.8,0.0,3.9,390.6,128.34
7508,2025-09-13,18,2,74.1,0.0,11.0,355.68,103.74
7509,2025-09-13,13,5,40.5,0.0,7.5,283.5,93.15
7510,2025-09-13,12,2,55.5,0.0,5.1,266.4,77.7
7511,2025-09-13,27,1,71.3,21.6,9.9,223.65,85.56
7512,2025-09-13,25,3,62.1,0.0,6.2,403.65,130.41
7513,2025-09-13,12,3,63.8,0.0,6.2,414.7,133.98
7514,2025-09-13,1,1,39.6,0.0,3.5,178.2,47.52
7515,2025-09-13,25,2,72.1,0.0,8.7,346.08,100.94
7516,2025-09-13,21,2,87.1,0.0,7.0,418.08,121.94
7517,2025-09-13,3,6,42.3,0.0,8.3,211.5,63.45
7518,2025-09-13,13,4,80.8,0.0,4.1,468.64,153.52
7519,2025-09-13,30,4,70.0,0.0,10.4,406.0,133.0
7520,2025-09-13,3,4,35.0,0.0,4.8,203.0,66.5
7521,2025-09-13,27,6,67.8,0.0,3.9,339.0,101.7
7522,2025-09-13,30,2,98.6,0.0,9.7,473.28,138.04
7523,2025-09-13,22,5,57.5,0.0,4.9,402.5,132.25
7524,2025-09-13,8,3,76.6,0.0,7.3,497.9,160.86
7525,2025-09-13,3,6,72.5,0.0,1.6,362.5,108.75
7526,2025-09-13,2,6,41.6,0.0,0.9,208.0,62.4
7527,2025-09-13,14,3,26.7,0.0,4.6,173.55,56.07
7528,2025-09-13,3,3,65.4,0.0,6.1,425.1,137.34
7529,2025-09-13,28,1,54.6,0.0,7.9,245.7,65.52
7530,2025-09-13,23,3,63.2,0.0,3.8,410.8,132.72
7531,2025-09-13,3,1,59.2,0.0,2.8,266.4,71.04
7532,2025-09-13,30,2,34.7,0.0,7.6,166.56,48.58
7533,2025-09-13,26,2,93.4,0.0,4.2,448.32,130.76
7534,2025-09-13,20,4,56.3,0.0,8.1,326.54,106.97
7535,2025-09-13,4,5,74.6,0.0,4.4,522.2,171.58
7536,2025-09-13,23,4,57.7,0.0,4.6,334.66,109.63
7537,2025-09-13,21,1,32.2,0.0,5.0,144.9,38.64
7538,2025-09-14,28,5,35.9,0.0,5.3,251.3,82.57
7539,2025-09-14,12,4,40.9,0.0,9.1,237.22,77.71
7540,2025-09-14,16,3,40.7,0.0,2.2,264.55,85.47
7541,2025-09-14,8,2,45.9,0.0,5.5,220.32,64.26
7542,2025-09-14,18,1,82.3,0.0,6.3,370.35,98.76
7543,2025-09-14,7,5,24.9,0.0,8.1,174.3,57.27
7544,2025-09-14,5,3,64.9,0.0,4.8,421.85,136.29
7545,2025-09-14,9,6,24.2,0.0,3.1,121.0,36.3
7546,2025-09-14,20,5,95.5,0.0,4.1,668.5,219.65
7547,2025-09-14,22,5,34.6,0.0,5.9,242.2,79.58
7548,2025-09-14,20,6,85.3,0.0,11.9,426.5,127.95
7549,2025-09-14,9,2,75.8,0.0,9.6,363.84,106.12
7550,2025-09-14,14,5,83.8,0.0,2.5,586.6,192.74
7551,2025-09-14,8,2,57.1,0.0,6.0,274.08,79.94
7552,2025-09-14,20,2,77.2,0.0,2.5,370.56,108.08
7553,2025-09-14,26,2,97.8,0.0,6.0,469.44,136.92
7554,2025-09-14,1,3,91.8,0.0,6.4,596.7,192.78
7555,2025-09-14,20,5,62.9,0.0,8.3,440.3,144.67
7556,2025-09-14,17,5,64.4,10.2,5.4,379.4,148.12
7557,2025-09-14,10,3,60.7,0.0,7.5,394.55,127.47
7558,2025-09-14,23,6,75.0,0.0,8.0,375.0,112.5
7559,2025-09-14,25,5,57.9,0.0,3.6,405.3,133.17
7560,2025-09-14,1,1,57.2,0.0,9.0,257.4,68.64
7561,2025-09-14,11,6,92.9,0.0,8.1,464.5,139.35
7562,2025-09-14,2,4,71.9,0.0,7.4,417.02,136.61
7563,2025-09-14,29,5,41.0,5.7,9.3,247.1,94.3
7564,2025-09-14,12,6,64.2,0.0,4.7,321.0,96.3
7565,2025-09-14,9,2,92.0,0.0,4.6,441.6,128.8
7566,2025-09-14,27,4,33.0,4.1,4.3,167.62,62.7
7567,2025-09-14,25,6,75.2,0.0,7.5,376.0,112.8
7568,2025-09-14,30,4,43.9,0.0,6.6,254.62,83.41
7569,2025-09-14,5,6,22.1,0.0,8.4,110.5,33.15
7570,2025-09-14,6,3,63.0,0.0,6.0,409.5,132.3
7571,2025-09-14,21,4,39.6,0.0,4.0,229.68,75.24
7572,2025-09-14,6,1,73.1,0.0,5.6,328.95,87.72
7573,2025-09-14,16,3,67.4,0.0,5.9,438.1,141.54
7574,2025-09-14,14,2,29.2,0.0,1.6,140.16,40.88
7575,2025-09-14,25,3,36.1,0.0,3.9,234.65,75.81
7576,2025-09-14,3,3,41.1,0.0,8.7,267.15,86.31
7577,2025-09-14,25,4,76.2,0.0,7.8,441.96,144.78
7578,2025-09-14,18,1,30.0,0.0,7.7,135.0,36.0
7579,2025-09-14,7,6,86.2,0.0,4.2,431.0,129.3
7580,2025-09-14,15,5,25.1,0.0,6.0,175.7,57.73
7581,2025-09-14,29,1,21.9,0.0,-0.7,98.55,26.28
7582,2025-09-14,24,2,35.3,0.0,5.9,169.44,49.42
7583,2025-09-14,6,4,60.6,0.0,3.8,351.48,115.14
7584,2025-09-14,11,1,60.9,0.0,8.7,274.05,73.08
7585,2025-09-14,1,2,32.9,0.0,7.6,157.92,46.06
7586,2025-09-14,21,6,78.8,0.0,4.7,394.0,118.2
7587,2025-09-14,21,4,79.9,0.0,6.2,463.42,151.81
7588,2025-09-14,22,3,84.2,0.0,10.6,547.3,176.82
7589,2025-09-15,4,3,90.1,0.0,3.8,585.65,189.21
7590,2025-09-15,8,5,29.7,0.0,1.1,207.9,68.31
7591,2025-09-15,25,4,90.4,0.0,3.5,524.32,171.76
7592,2025-09-15,10,3,52.1,0.0,4.2,338.65,109.41
7593,2025-09-15,30,2,73.9,0.0,6.2,354.72,103.46
7594,2025-09-15,25,5,89.9,0.0,9.1,629.3,206.77
7595,2025-09-15,18,6,52.0,0.0,5.4,260.0,78.0
7596,2025-09-15,30,6,50.9,0.0,4.3,254.5,76.35
7597,2025-09-15,25,1,35.9,0.0,6.8,161.55,43.08
7598,2025-09-15,16,5,79.4,0.0,2.4,555.8,182.62
7599,2025-09-15,30,6,44.0,0.0,7.5,220.0,66.0
7600,2025-09-15,2,2,21.8,0.0,3.4,104.64,30.52
7601,2025-09-15,14,3,71.7,0.0,3.6,466.05,150.57
7602,2025-09-15,26,4,87.1,0.0,10.0,505.18,165.49
7603,2025-09-15,29,6,47.8,0.0,1.9,239.0,71.7
7604,2025-09-15,17,5,70.0,0.0,5.3,490.0,161.0
7605,2025-09-15,15,4,31.7,0.0,4.4,183.86,60.23
7606,2025-09-15,27,4,24.5,0.0,7.6,142.1,46.55
7607,2025-09-15,13,6,82.0,0.0,10.7,410.0,123.0
7608,2025-09-15,25,5,70.9,0.0,4.5,496.3,163.07
7609,2025-09-15,11,1,31.2,0.0,5.2,140.4,37.44
7610,2025-09-15,10,1,59.7,0.0,5.1,268.65,71.64
7611,2025-09-16,19,6,41.0,0.0,8.8,205.0,61.5
7612,2025-09-16,25,5,92.9,0.0,9.1,650.3,213.67
7613,2025-09-16,17,3,54.1,0.0,7.4,351.65,113.61
7614,2025-09-16,29,5,61.5,0.0,7.0,430.5,141.45
7615,2025-09-16,23,1,85.4,13.4,8.1,324.0,102.48
7616,2025-09-16,30,2,37.3,0.0,2.0,179.04,52.22
7617,2025-09-16,22,1,70.1,0.0,7.1,315.45,84.12
7618,2025-09-16,30,5,72.2,0.0,5.8,505.4,166.06
7619,2025-09-16,29,4,27.3,0.0,8.7,158.34,51.87
7620,2025-09-16,4,3,98.1,0.0,3.7,637.65,206.01
7621,2025-09-16,10,5,56.1,0.0,8.3,392.7,129.03
7622,2025-09-16,13,2,79.7,0.0,10.1,382.56,111.58
7623,2025-09-16,28,6,28.9,0.0,7.3,144.5,43.35
7624,2025-09-16,22,5,65.3,0.0,3.8,457.1,150.19
7625,2025-09-16,7,5,44.8,0.0,4.7,313.6,103.04
7626,2025-09-16,16,4,58.1,0.0,4.1,336.98,110.39
7627,2025-09-16,5,2,21.3,0.0,4.8,102.24,29.82
7628,2025-09-16,15,1,62.3,0.0,5.6,280.35,74.76
7629,2025-09-16,12,1,96.1,0.0,5.3,432.45,115.32
7630,2025-09-16,8,6,54.0,0.0,7.1,270.0,81.0
7631,2025-09-16,6,5,71.9,0.0,4.1,503.3,165.37
7632,2025-09-16,13,5,92.2,0.0,8.4,645.4,212.06
7633,2025-09-16,7,5,40.2,0.0,10.5,281.4,92.46
7634,2025-09-17,9,1,38.1,0.0,5.0,171.45,45.72
7635,2025-09-17,12,6,47.6,0.0,6.1,238.0,71.4
7636,2025-09-17,21,2,71.6,0.0,6.7,343.68,100.24
7637,2025-09-17,1,2,36.2,0.0,8.0,173.76,50.68
7638,2025-09-17,29,4,23.5,0.0,0.4,136.3,44.65
7639,2025-09-17,2,4,21.2,0.0,5.8,122.96,40.28
7640,2025-09-17,26,5,84.7,20.1,4.8,452.2,194.81
7641,2025-09-17,11,2,96.7,0.0,7.4,464.16,135.38
7642,2025-09-17,26,1,84.7,0.0,7.6,381.15,101.64
7643,2025-09-17,22,6,93.2,0.0,4.0,466.0,139.8
7644,2025-09-17,26,3,96.0,0.0,3.3,624.0,201.6
7645,2025-09-17,25,6,50.2,0.0,5.5,251.0,75.3
7646,2025-09-17,5,2,91.4,0.0,5.5,438.72,127.96
7647,2025-09-17,11,4,75.9,0.0,8.9,440.22,144.21
7648,2025-09-17,2,4,39.3,0.0,4.1,227.94,74.67
7649,2025-09-17,12,4,52.7,0.0,7.3,305.66,100.13
7650,2025-09-17,22,6,42.9,0.0,5.5,214.5,64.35
7651,2025-09-17,8,3,83.2,0.0,5.6,540.8,174.72
7652,2025-09-17,2,3,79.9,0.0,6.0,519.35,167.79
7653,2025-09-17,21,3,23.4,0.0,3.2,152.1,49.14
7654,2025-09-17,7,6,46.3,0.0,5.8,231.5,69.45
7655,2025-09-17,27,6,48.1,0.0,8.0,240.5,72.15
7656,2025-09-17,4,5,98.2,0.0,9.6,687.4,225.86
7657,2025-09-17,23,6,86.4,0.0,5.7,432.0,129.6
7658,2025-09-17,1,3,93.8,0.0,11.5,609.7,196.98
7659,2025-09-17,23,6,78.7,9.2,11.7,347.5,118.05
7660,2025-09-17,2,6,80.8,0.0,6.2,404.0,121.2
7661,2025-09-17,8,2,73.9,0.0,4.4,354.72,103.46
7662,2025-09-18,14,5,36.8,0.0,5.4,257.6,84.64
7663,2025-09-18,16,4,26.9,0.0,8.5,156.02,51.11
7664,2025-09-18,8,2,92.2,0.0,6.6,442.56,129.08
7665,2025-09-18,3,1,22.8,0.0,7.5,102.6,27.36
7666,2025-09-18,10,3,71.4,0.0,7.8,464.1,149.94
7667,2025-09-18,12,3,30.6,0.0,8.2,198.9,64.26
7668,2025-09-18,16,1,26.1,7.9,4.1,81.9,31.32
7669,2025-09-18,17,2,37.5,0.0,6.4,180.0,52.5
7670,2025-09-18,15,2,57.8,12.3,7.4,218.4,80.92
7671,2025-09-18,30,2,73.0,0.0,5.5,350.4,102.2
7672,2025-09-18,4,4,79.9,0.0,3.2,463.42,151.81
7673,2025-09-18,17,2,60.6,10.7,4.6,239.52,84.84
7674,2025-09-18,8,2,80.8,0.0,4.5,387.84,113.12
7675,2025-09-18,6,1,28.3,0.0,6.6,127.35,33.96
7676,2025-09-18,10,2,97.0,0.0,12.3,465.6,135.8
7677,2025-09-18,30,2,68.2,0.0,0.6,327.36,95.48
7678,2025-09-18,9,1,25.3,0.0,4.1,113.85,30.36
7679,2025-09-18,30,1,91.6,0.0,7.0,412.2,109.92
7680,2025-09-18,17,5,20.3,0.0,9.5,142.1,46.69
7681,2025-09-18,26,5,50.3,0.0,3.5,352.1,115.69
7682,2025-09-18,11,1,62.4,0.0,9.6,280.8,74.88
7683,2025-09-18,23,2,30.6,0.0,5.7,146.88,42.84
7684,2025-09-18,10,5,60.3,0.0,4.9,422.1,138.69
7685,2025-09-18,23,6,48.9,0.0,4.5,244.5,73.35
7686,2025-09-18,26,6,39.0,0.0,5.5,195.0,58.5
7687,2025-09-18,5,3,22.4,0.0,3.5,145.6,47.04
7688,2025-09-18,24,2,69.7,0.0,5.1,334.56,97.58
7689,2025-09-18,26,1,55.5,0.0,5.5,249.75,66.6
7690,2025-09-18,19,1,48.0,0.0,6.4,216.0,57.6
7691,2025-09-18,21,3,28.3,0.0,6.7,183.95,59.43
7692,2025-09-18,29,3,99.4,0.0,2.8,646.1,208.74
7693,2025-09-18,10,5,40.4,0.0,8.4,282.8,92.92
7694,2025-09-18,14,2,89.9,0.0,7.0,431.52,125.86
7695,2025-09-19,14,6,44.7,0.0,5.4,223.5,67.05
7696,2025-09-19,29,3,86.3,0.0,5.2,560.95,181.23
7697,2025-09-19,1,4,30.8,10.7,10.1,116.58,58.52
7698,2025-09-19,28,4,48.0,5.7,6.7,245.34,91.2
7699,2025-09-19,11,2,33.2,0.0,4.9,159.36,46.48
7700,2025-09-19,17,1,22.6,0.0,6.1,101.7,27.12
7701,2025-09-19,14,6,77.6,0.0,1.8,388.0,116.4
7702,2025-09-19,23,4,83.8,0.0,7.8,486.04,159.22
7703,2025-09-19,17,1,38.6,0.0,5.1,173.7,46.32
7704,2025-09-19,3,4,68.4,0.0,5.5,396.72,129.96
7705,2025-09-19,7,3,39.5,0.0,8.9,256.75,82.95
7706,2025-09-19,14,5,52.8,10.2,11.7,298.2,121.44
7707,2025-09-19,11,6,60.2,0.0,3.9,301.0,90.3
7708,2025-09-19,8,1,78.9,0.0,12.1,355.05,94.68
7709,2025-09-19,13,5,80.8,0.0,6.9,565.6,185.84
7710,2025-09-19,7,1,41.9,15.8,7.7,117.45,50.28
7711,2025-09-19,30,6,49.5,12.7,2.5,184.0,74.25
7712,2025-09-19,5,2,74.2,0.0,8.0,356.16,103.88
7713,2025-09-19,12,6,31.4,0.0,7.4,157.0,47.1
7714,2025-09-19,8,4,97.3,0.0,1.6,564.34,184.87
7715,2025-09-19,9,1,49.2,0.0,10.8,221.4,59.04
7716,2025-09-19,24,3,36.8,0.0,4.8,239.2,77.28
7717,2025-09-19,5,5,87.2,0.0,5.6,610.4,200.56
7718,2025-09-19,22,6,52.1,0.0,7.0,260.5,78.15
7719,2025-09-19,13,5,55.8,0.0,4.8,390.6,128.34
7720,2025-09-19,9,3,25.2,0.0,8.5,163.8,52.92
7721,2025-09-19,28,4,53.6,0.0,5.7,310.88,101.84
7722,2025-09-19,13,5,30.4,0.0,8.3,212.8,69.92
7723,2025-09-19,30,5,59.1,0.0,8.9,413.7,135.93
7724,2025-09-19,23,6,69.6,0.0,7.6,348.0,104.4
7725,2025-09-19,28,2,45.1,10.2,6.6,167.52,63.14
7726,2025-09-19,1,1,60.5,0.0,6.9,272.25,72.6
7727,2025-09-19,28,1,84.8,0.0,6.2,381.6,101.76
7728,2025-09-19,2,6,22.8,0.0,2.0,114.0,34.2
7729,2025-09-19,8,3,20.6,6.0,9.1,94.9,43.26
7730,2025-09-19,6,3,85.2,0.0,5.5,553.8,178.92
7731,2025-09-19,4,5,95.2,0.0,2.4,666.4,218.96
7732,2025-09-19,5,4,85.3,0.0,6.7,494.74,162.07
7733,2025-09-19,28,3,95.2,0.0,6.7,618.8,199.92
7734,2025-09-20,12,1,30.9,0.0,7.3,139.05,37.08
7735,2025-09-20,28,4,37.5,0.0,4.6,217.5,71.25
7736,2025-09-20,30,4,86.7,0.0,8.3,502.86,164.73
7737,2025-09-20,6,4,84.7,0.0,3.1,491.26,160.93
7738,2025-09-20,3,4,75.2,0.0,7.0,436.16,142.88
7739,2025-09-20,18,6,32.2,9.0,10.3,116.0,48.3
7740,2025-09-20,17,1,96.7,0.0,5.1,435.15,116.04
7741,2025-09-20,7,3,43.9,9.1,11.7,226.2,92.19
7742,2025-09-20,12,3,21.9,0.0,3.5,142.35,45.99
7743,2025-09-20,21,5,83.0,0.0,4.5,581.0,190.9
7744,2025-09-20,10,6,23.1,0.0,5.1,115.5,34.65
7745,2025-09-20,21,1,92.8,0.0,5.7,417.6,111.36
7746,2025-09-20,14,3,67.1,0.0,7.1,436.15,140.91
7747,2025-09-20,14,3,52.6,0.0,5.7,341.9,110.46
7748,2025-09-20,16,5,47.3,0.0,2.8,331.1,108.79
7749,2025-09-20,10,5,93.6,0.0,8.5,655.2,215.28
7750,2025-09-20,13,6,22.6,0.0,7.4,113.0,33.9
7751,2025-09-20,12,4,54.7,0.0,5.2,317.26,103.93
7752,2025-09-20,22,2,95.0,0.0,10.6,456.0,133.0
7753,2025-09-20,22,6,51.0,0.0,3.5,255.0,76.5
7754,2025-09-20,11,6,30.8,0.0,5.5,154.0,46.2
7755,2025-09-20,14,3,56.4,0.0,5.4,366.6,118.44
7756,2025-09-20,4,2,41.4,0.0,7.6,198.72,57.96
7757,2025-09-20,23,5,26.4,0.0,7.5,184.8,60.72
7758,2025-09-20,21,1,92.0,0.0,2.7,414.0,110.4
7759,2025-09-20,24,3,88.7,0.0,3.4,576.55,186.27
7760,2025-09-20,5,2,39.8,0.0,8.9,191.04,55.72
7761,2025-09-20,30,6,83.3,0.0,0.5,416.5,124.95
7762,2025-09-20,14,1,67.6,0.0,4.9,304.2,81.12
7763,2025-09-20,5,2,59.8,0.0,2.5,287.04,83.72
7764,2025-09-20,2,3,78.0,0.0,4.1,507.0,163.8
7765,2025-09-20,6,4,59.4,0.0,2.9,344.52,112.86
7766,2025-09-20,29,5,74.3,0.0,5.2,520.1,170.89
7767,2025-09-20,20,1,85.2,0.0,5.3,383.4,102.24
7768,2025-09-20,21,4,58.6,0.0,8.3,339.88,111.34
7769,2025-09-20,2,1,43.4,0.0,3.6,195.3,52.08
7770,2025-09-20,4,3,32.8,0.0,9.1,213.2,68.88
7771,2025-09-20,26,3,89.2,0.0,8.4,579.8,187.32
7772,2025-09-20,24,4,33.1,0.0,6.0,191.98,62.89
7773,2025-09-20,28,4,49.5,0.0,8.6,287.1,94.05
7774,2025-09-20,7,6,60.3,0.0,6.0,301.5,90.45
7775,2025-09-20,29,6,97.9,0.0,6.8,489.5,146.85
7776,2025-09-20,29,1,99.7,0.0,7.7,448.65,119.64
7777,2025-09-21,15,1,93.2,0.0,5.5,419.4,111.84
7778,2025-09-21,22,1,20.0,0.0,9.6,90.0,24.0
7779,2025-09-21,14,1,88.2,0.0,3.3,396.9,105.84
7780,2025-09-21,29,1,66.1,0.0,5.1,297.45,79.32
7781,2025-09-21,20,4,72.5,22.7,7.8,288.84,137.75
7782,2025-09-21,26,6,73.3,0.0,6.9,366.5,109.95
7783,2025-09-21,2,4,66.4,0.0,3.3,385.12,126.16
7784,2025-09-21,13,6,57.8,0.0,5.6,289.0,86.7
7785,2025-09-21,24,5,27.5,0.0,2.9,192.5,63.25
7786,2025-09-21,1,4,98.3,0.0,3.1,570.14,186.77
7787,2025-09-21,19,1,81.7,0.0,-0.3,367.65,98.04
7788,2025-09-21,12,3,67.8,0.0,5.0,440.7,142.38
7789,2025-09-21,5,5,92.7,0.0,8.3,648.9,213.21
7790,2025-09-21,5,5,96.9,0.0,2.0,678.3,222.87
7791,2025-09-21,24,5,66.2,0.0,6.8,463.4,152.26
7792,2025-09-21,29,4,26.4,0.0,7.9,153.12,50.16
7793,2025-09-21,17,2,67.1,14.3,6.9,253.44,93.94
7794,2025-09-21,8,5,42.4,0.0,3.3,296.8,97.52
7795,2025-09-21,29,2,87.3,0.0,5.1,419.04,122.22
7796,2025-09-21,15,5,62.0,0.0,5.9,434.0,142.6
7797,2025-09-21,28,5,57.4,0.0,9.3,401.8,132.02
7798,2025-09-21,11,1,30.0,0.0,4.5,135.0,36.0
7799,2025-09-22,22,3,21.9,0.0,3.5,142.35,45.99
7800,2025-09-22,3,6,92.1,0.0,10.3,460.5,138.15
7801,2025-09-22,2,3,51.4,0.0,5.8,334.1,107.94
7802,2025-09-22,3,3,54.1,0.0,3.5,351.65,113.61
7803,2025-09-22,5,5,30.2,0.0,6.2,211.4,69.46
7804,2025-09-22,11,2,27.2,5.3,6.1,105.12,38.08
7805,2025-09-22,14,1,67.3,0.0,7.9,302.85,80.76
7806,2025-09-22,10,6,54.1,0.0,4.9,270.5,81.15
7807,2025-09-22,25,5,37.2,0.0,5.8,260.4,85.56
7808,2025-09-22,15,6,33.9,4.5,7.0,147.0,50.85
7809,2025-09-22,15,1,69.3,0.0,4.9,311.85,83.16
7810,2025-09-22,19,5,70.4,0.0,5.9,492.8,161.92
7811,2025-09-22,10,3,73.5,0.0,4.6,477.75,154.35
7812,2025-09-22,27,1,23.2,0.0,5.1,104.4,27.84
7813,2025-09-22,18,5,31.3,0.0,7.2,219.1,71.99
7814,2025-09-22,16,5,32.0,0.0,7.8,224.0,73.6
7815,2025-09-22,11,3,65.9,0.0,9.0,428.35,138.39
7816,2025-09-22,21,2,69.6,0.0,6.9,334.08,97.44
7817,2025-09-22,20,6,99.3,0.0,3.0,496.5,148.95
7818,2025-09-22,18,1,92.9,0.0,3.3,418.05,111.48
7819,2025-09-22,14,3,49.6,0.0,4.1,322.4,104.16
7820,2025-09-22,19,4,69.9,0.0,7.5,405.42,132.81
7821,2025-09-22,21,4,91.5,0.0,8.7,530.7,173.85
7822,2025-09-22,25,2,33.7,0.0,5.9,161.76,47.18
7823,2025-09-22,28,3,72.9,0.0,2.4,473.85,153.09
7824,2025-09-22,1,6,39.2,0.0,1.9,196.0,58.8
7825,2025-09-22,7,3,90.8,0.0,5.0,590.2,190.68
7826,2025-09-22,11,2,35.1,0.0,4.6,168.48,49.14
7827,2025-09-22,4,5,98.2,0.0,8.2,687.4,225.86
7828,2025-09-22,22,2,88.2,0.0,4.8,423.36,123.48
7829,2025-09-22,28,2,69.5,0.0,6.5,333.6,97.3
7830,2025-09-22,30,3,73.7,12.9,11.0,395.2,154.77
7831,2025-09-22,17,4,72.7,0.0,6.4,421.66,138.13
7832,2025-09-22,4,2,65.9,0.0,10.9,316.32,92.26
7833,2025-09-23,29,1,76.7,0.0,6.5,345.15,92.04
7834,2025-09-23,25,5,78.5,0.0,5.4,549.5,180.55
7835,2025-09-23,25,4,99.9,0.0,0.5,579.42,189.81
7836,2025-09-23,15,1,57.0,0.0,11.4,256.5,68.4
7837,2025-09-23,17,4,44.4,0.0,7.7,257.52,84.36
7838,2025-09-23,24,6,70.6,0.0,7.4,353.0,105.9
7839,2025-09-23,17,3,86.8,0.0,5.8,564.2,182.28
7840,2025-09-23,14,6,82.6,0.0,4.2,413.0,123.9
7841,2025-09-23,30,5,50.2,0.0,9.1,351.4,115.46
7842,2025-09-23,6,4,54.2,9.6,4.1,258.68,102.98
7843,2025-09-23,29,6,87.8,0.0,4.6,439.0,131.7
7844,2025-09-23,4,1,58.8,11.4,9.3,213.3,70.56
7845,2025-09-23,14,4,89.2,0.0,6.4,517.36,169.48
7846,2025-09-23,10,6,54.7,0.0,5.2,273.5,82.05
7847,2025-09-23,13,6,93.3,0.0,5.3,466.5,139.95
7848,2025-09-23,28,5,98.6,0.0,7.6,690.2,226.78
7849,2025-09-23,15,3,28.5,0.0,4.1,185.25,59.85
7850,2025-09-23,11,4,87.3,0.0,12.6,506.34,165.87
7851,2025-09-23,16,6,46.0,0.0,8.8,230.0,69.0
7852,2025-09-23,22,4,94.9,0.0,9.6,550.42,180.31
7853,2025-09-23,29,5,88.5,0.0,10.6,619.5,203.55
7854,2025-09-23,28,3,34.2,0.0,5.3,222.3,71.82
7855,2025-09-23,3,4,74.9,14.5,6.0,350.32,142.31
7856,2025-09-23,23,3,68.0,0.0,7.2,442.0,142.8
7857,2025-09-23,3,6,42.9,0.0,7.1,214.5,64.35
7858,2025-09-23,21,1,89.7,0.0,6.9,403.65,107.64
7859,2025-09-23,16,6,96.5,0.0,11.0,482.5,144.75
7860,2025-09-24,25,4,50.4,0.0,0.6,292.32,95.76
7861,2025-09-24,29,5,31.8,0.0,4.0,222.6,73.14
7862,2025-09-24,14,6,20.1,0.0,6.1,100.5,30.15
7863,2025-09-24,20,2,55.8,0.0,6.5,267.84,78.12
7864,2025-09-24,2,6,21.6,0.0,7.0,108.0,32.4
7865,2025-09-24,9,1,75.0,0.0,3.3,337.5,90.0
7866,2025-09-24,23,5,88.4,0.0,0.7,618.8,203.32
7867,2025-09-24,22,4,96.2,0.0,5.0,557.96,182.78
7868,2025-09-24,26,2,65.8,0.0,10.3,315.84,92.12
7869,2025-09-24,10,4,36.8,0.0,3.5,213.44,69.92
7870,2025-09-24,24,3,95.4,0.0,2.7,620.1,200.34
7871,2025-09-24,23,3,72.3,0.0,8.6,469.95,151.83
7872,2025-09-24,25,1,26.8,0.0,3.6,120.6,32.16
7873,2025-09-24,26,1,22.5,0.0,5.5,101.25,27.0
7874,2025-09-24,18,6,21.2,0.0,3.1,106.0,31.8
7875,2025-09-24,10,6,33.0,0.0,8.5,165.0,49.5
7876,2025-09-24,25,2,78.1,0.0,12.8,374.88,109.34
7877,2025-09-24,22,4,48.1,0.0,9.1,278.98,91.39
7878,2025-09-24,20,3,28.8,0.0,5.4,187.2,60.48
7879,2025-09-24,8,3,55.1,0.0,7.5,358.15,115.71
7880,2025-09-24,5,2,20.3,0.0,5.6,97.44,28.42
7881,2025-09-24,16,1,50.9,0.0,8.8,229.05,61.08
7882,2025-09-24,6,6,71.1,0.0,10.9,355.5,106.65
7883,2025-09-24,4,4,75.2,0.0,7.0,436.16,142.88
7884,2025-09-24,2,6,27.9,0.0,7.1,139.5,41.85
7885,2025-09-24,4,4,95.5,0.0,8.7,553.9,181.45
7886,2025-09-24,30,2,83.7,0.0,4.8,401.76,117.18
7887,2025-09-24,18,5,45.0,0.0,7.6,315.0,103.5
7888,2025-09-24,8,3,82.4,0.0,5.3,535.6,173.04
7889,2025-09-24,28,2,29.6,6.5,11.3,110.88,41.44
7890,2025-09-24,14,4,65.2,0.0,2.8,378.16,123.88
7891,2025-09-24,15,3,71.5,0.0,8.5,464.75,150.15
7892,2025-09-25,28,2,74.6,0.0,6.9,358.08,104.44
7893,2025-09-25,22,1,36.0,0.0,7.2,162.0,43.2
7894,2025-09-25,11,3,58.8,0.0,3.8,382.2,123.48
7895,2025-09-25,25,6,27.0,0.0,6.9,135.0,40.5
7896,2025-09-25,22,4,61.2,0.0,7.8,354.96,116.28
7897,2025-09-25,22,1,20.5,0.0,5.1,92.25,24.6
7898,2025-09-25,17,4,85.3,0.0,0.8,494.74,162.07
7899,2025-09-25,9,4,90.4,0.0,2.0,524.32,171.76
7900,2025-09-25,29,4,55.5,0.0,3.6,321.9,105.45
7901,2025-09-25,30,2,96.5,0.0,6.2,463.2,135.1
7902,2025-09-25,4,5,73.0,0.0,4.5,511.0,167.9
7903,2025-09-25,4,3,63.9,0.0,6.2,415.35,134.19
7904,2025-09-25,15,1,31.9,0.0,9.0,143.55,38.28
7905,2025-09-25,19,6,42.1,0.0,9.6,210.5,63.15
7906,2025-09-25,16,4,37.8,0.0,3.4,219.24,71.82
7907,2025-09-26,8,2,36.7,0.0,-0.7,176.16,51.38
7908,2025-09-26,30,3,57.4,0.0,4.5,373.1,120.54
7909,2025-09-26,11,2,50.7,0.0,6.2,243.36,70.98
7910,2025-09-26,27,3,90.4,0.0,5.9,587.6,189.84
7911,2025-09-26,23,2,23.0,0.0,1.4,110.4,32.2
7912,2025-09-26,21,6,40.4,0.0,6.5,202.0,60.6
7913,2025-09-26,11,1,33.6,0.0,5.3,151.2,40.32
7914,2025-09-26,9,5,36.8,0.0,9.6,257.6,84.64
7915,2025-09-26,23,6,75.0,0.0,0.2,375.0,112.5
7916,2025-09-26,13,5,82.8,0.0,5.8,579.6,190.44
7917,2025-09-26,20,5,43.3,0.0,4.4,303.1,99.59
7918,2025-09-26,16,4,45.4,0.0,4.9,263.32,86.26
7919,2025-09-26,22,5,48.1,0.0,7.6,336.7,110.63
7920,2025-09-26,28,3,84.8,0.0,2.9,551.2,178.08
7921,2025-09-26,12,6,32.4,0.0,6.6,162.0,48.6
7922,2025-09-26,10,5,53.9,0.0,11.0,377.3,123.97
7923,2025-09-26,20,5,95.2,0.0,6.2,666.4,218.96
7924,2025-09-26,5,5,27.5,0.0,7.3,192.5,63.25
7925,2025-09-26,12,2,35.3,0.0,4.5,169.44,49.42
7926,2025-09-26,28,3,45.7,0.0,7.7,297.05,95.97
7927,2025-09-26,18,2,39.8,0.0,3.8,191.04,55.72
7928,2025-09-26,27,5,28.7,0.0,3.7,200.9,66.01
7929,2025-09-26,22,6,22.4,0.0,4.4,112.0,33.6
7930,2025-09-26,16,6,58.4,0.0,1.3,292.0,87.6
7931,2025-09-26,4,4,29.9,0.0,4.7,173.42,56.81
7932,2025-09-26,3,4,51.6,0.0,7.1,299.28,98.04
7933,2025-09-26,11,1,38.6,0.0,1.9,173.7,46.32
7934,2025-09-26,20,5,82.9,0.0,4.3,580.3,190.67
7935,2025-09-26,1,4,47.4,0.0,8.0,274.92,90.06
7936,2025-09-26,2,5,79.2,0.0,4.1,554.4,182.16
7937,2025-09-26,11,6,37.1,0.0,6.2,185.5,55.65
7938,2025-09-26,2,3,68.7,0.0,7.7,446.55,144.27
7939,2025-09-26,14,5,39.8,0.0,6.6,278.6,91.54
7940,2025-09-27,28,5,88.3,0.0,5.3,618.1,203.09
7941,2025-09-27,23,4,85.2,0.0,10.4,494.16,161.88
7942,2025-09-27,1,1,47.7,0.0,0.5,214.65,57.24
7943,2025-09-27,25,6,44.6,0.0,5.0,223.0,66.9
7944,2025-09-27,14,2,23.6,0.0,10.3,113.28,33.04
7945,2025-09-27,8,4,78.6,0.0,11.5,455.88,149.34
7946,2025-09-27,15,5,38.6,0.0,5.8,270.2,88.78
7947,2025-09-27,20,5,32.6,0.0,4.7,228.2,74.98
7948,2025-09-27,20,1,74.1,0.0,3.5,333.45,88.92
7949,2025-09-27,11,3,24.3,0.0,8.2,157.95,51.03
7950,2025-09-27,12,5,56.1,0.0,5.0,392.7,129.03
7951,2025-09-27,18,4,95.0,0.0,2.2,551.0,180.5
7952,2025-09-27,2,4,51.3,0.0,4.8,297.54,97.47
7953,2025-09-27,17,1,64.3,0.0,7.7,289.35,77.16
7954,2025-09-27,11,3,91.6,0.0,4.9,595.4,192.36
7955,2025-09-27,8,2,50.8,0.0,7.0,243.84,71.12
7956,2025-09-27,12,1,53.4,0.0,3.2,240.3,64.08
7957,2025-09-27,12,4,30.7,3.6,3.0,157.18,58.33
7958,2025-09-27,22,1,42.0,0.0,4.7,189.0,50.4
7959,2025-09-27,12,2,74.4,0.0,-0.2,357.12,104.16
7960,2025-09-27,10,4,91.7,0.0,0.6,531.86,174.23
7961,2025-09-27,20,6,93.8,0.0,5.5,469.0,140.7
7962,2025-09-27,20,5,78.3,0.0,8.0,548.1,180.09
7963,2025-09-27,27,4,43.6,13.2,10.3,176.32,82.84
7964,2025-09-27,1,6,51.0,0.0,10.5,255.0,76.5
7965,2025-09-27,1,5,87.4,0.0,1.2,611.8,201.02
7966,2025-09-27,6,3,25.6,0.0,5.8,166.4,53.76
7967,2025-09-27,7,6,93.9,0.0,8.0,469.5,140.85
7968,2025-09-27,3,2,38.5,0.0,4.8,184.8,53.9
7969,2025-09-27,14,4,74.1,0.0,3.7,429.78,140.79
7970,2025-09-27,2,6,76.9,0.0,8.6,384.5,115.35
7971,2025-09-27,7,6,35.6,0.0,5.2,178.0,53.4
7972,2025-09-27,9,2,32.7,0.0,11.2,156.96,45.78
7973,2025-09-27,11,3,55.9,0.0,7.4,363.35,117.39
7974,2025-09-27,27,6,37.8,0.0,8.2,189.0,56.7
7975,2025-09-27,1,2,49.9,0.0,4.8,239.52,69.86
7976,2025-09-27,15,4,59.9,0.0,6.7,347.42,113.81
7977,2025-09-27,14,3,62.5,0.0,7.3,406.25,131.25
7978,2025-09-27,26,2,92.2,0.0,11.4,442.56,129.08
7979,2025-09-27,8,5,88.1,0.0,3.9,616.7,202.63
7980,2025-09-27,6,2,74.4,21.4,7.9,254.4,104.16
7981,2025-09-27,15,6,66.0,0.0,6.7,330.0,99.0
7982,2025-09-27,1,5,48.1,0.0,4.8,336.7,110.63
7983,2025-09-27,6,5,85.5,0.0,4.0,598.5,196.65
7984,2025-09-27,22,4,77.4,0.0,6.2,448.92,147.06
7985,2025-09-27,12,1,21.9,0.0,5.7,98.55,26.28
7986,2025-09-27,23,1,55.7,0.0,4.1,250.65,66.84
7987,2025-09-27,28,5,96.3,0.0,4.9,674.1,221.49
7988,2025-09-27,12,3,41.3,0.0,5.0,268.45,86.73
7989,2025-09-28,6,2,21.5,0.0,4.6,103.2,30.1
7990,2025-09-28,20,3,72.8,0.0,2.0,473.2,152.88
7991,2025-09-28,8,4,92.9,0.0,9.7,538.82,176.51
7992,2025-09-28,1,2,90.4,30.1,9.2,289.44,126.56
7993,2025-09-28,6,6,80.1,0.0,6.3,400.5,120.15
7994,2025-09-28,4,6,91.0,0.0,2.0,455.0,136.5
7995,2025-09-28,21,5,28.2,0.0,3.8,197.4,64.86
7996,2025-09-28,28,4,98.1,0.0,0.8,568.98,186.39
7997,2025-09-28,20,6,87.0,0.0,4.2,435.0,130.5
7998,2025-09-28,16,1,31.6,0.0,5.0,142.2,37.92
7999,2025-09-28,2,5,86.7,0.0,3.6,606.9,199.41
8000,2025-09-28,21,6,73.9,0.0,7.9,369.5,110.85
8001,2025-09-28,10,5,72.3,0.0,5.3,506.1,166.29
8002,2025-09-28,16,1,34.8,0.0,5.5,156.6,41.76
8003,2025-09-28,4,4,50.3,0.0,4.5,291.74,95.57
8004,2025-09-28,15,5,66.1,0.0,2.8,462.7,152.03
8005,2025-09-28,27,6,23.8,0.0,2.5,119.0,35.7
8006,2025-09-28,22,4,35.7,0.0,1.4,207.06,67.83
8007,2025-09-28,12,3,32.0,0.0,6.3,208.0,67.2
8008,2025-09-28,7,6,42.1,0.0,7.6,210.5,63.15
8009,2025-09-28,5,3,57.2,0.0,7.1,371.8,120.12
8010,2025-09-28,22,2,54.7,0.0,5.6,262.56,76.58
8011,2025-09-28,17,4,70.6,0.0,9.7,409.48,134.14
8012,2025-09-28,26,1,68.6,0.0,7.7,308.7,82.32
8013,2025-09-28,7,6,59.6,0.0,4.6,298.0,89.4
8014,2025-09-28,16,5,51.3,0.0,4.9,359.1,117.99
8015,2025-09-28,10,3,91.5,0.0,3.3,594.75,192.15
8016,2025-09-28,19,4,93.7,0.0,4.4,543.46,178.03
8017,2025-09-28,6,6,89.7,0.0,6.7,448.5,134.55
8018,2025-09-28,25,3,69.7,0.0,2.5,453.05,146.37
8019,2025-09-29,1,1,92.6,0.0,7.3,416.7,111.12
8020,2025-09-29,24,2,73.3,0.0,9.1,351.84,102.62
8021,2025-09-29,20,6,28.6,0.0,3.8,143.0,42.9
8022,2025-09-29,16,6,80.3,0.0,5.8,401.5,120.45
8023,2025-09-29,17,5,62.7,0.0,7.1,438.9,144.21
8024,2025-09-29,17,4,41.4,0.0,5.6,240.12,78.66
8025,2025-09-29,15,1,63.1,15.1,9.2,216.0,75.72
8026,2025-09-29,4,2,54.7,0.0,5.4,262.56,76.58
8027,2025-09-29,10,6,87.9,17.6,12.6,351.5,131.85
8028,2025-09-29,16,4,30.6,0.0,7.8,177.48,58.14
8029,2025-09-29,6,6,23.1,0.0,7.2,115.5,34.65
8030,2025-09-29,13,1,27.0,0.0,3.3,121.5,32.4
8031,2025-09-29,23,6,82.7,10.4,10.4,361.5,124.05
8032,2025-09-29,19,5,24.9,0.0,3.3,174.3,57.27
8033,2025-09-29,19,1,58.2,0.0,9.1,261.9,69.84
8034,2025-09-29,24,6,40.6,7.9,6.2,163.5,60.9
8035,2025-09-29,3,3,62.3,0.0,8.7,404.95,130.83
8036,2025-09-29,7,5,22.1,0.0,3.9,154.7,50.83
8037,2025-09-29,14,1,20.2,0.0,5.2,90.9,24.24
8038,2025-09-29,13,5,25.3,0.0,5.2,177.1,58.19
8039,2025-09-29,28,2,26.1,0.0,2.4,125.28,36.54
8040,2025-09-30,6,1,43.0,0.0,1.3,193.5,51.6
8041,2025-09-30,6,3,20.7,0.0,5.6,134.55,43.47
8042,2025-09-30,29,6,67.8,0.0,4.5,339.0,101.7
8043,2025-09-30,26,3,65.5,0.0,4.2,425.75,137.55
8044,2025-09-30,14,2,70.9,0.0,4.7,340.32,99.26
8045,2025-09-30,19,2,76.6,0.0,5.6,367.68,107.24
8046,2025-09-30,19,3,89.9,0.0,7.1,584.35,188.79
8047,2025-09-30,18,1,27.6,0.0,5.7,124.2,33.12
8048,2025-09-30,15,2,85.3,0.0,9.7,409.44,119.42
8049,2025-09-30,13,5,30.4,0.0,5.8,212.8,69.92
8050,2025-09-30,26,5,40.1,0.0,5.5,280.7,92.23
8051,2025-09-30,20,5,82.2,0.0,0.3,575.4,189.06
8052,2025-09-30,25,4,58.7,0.0,8.1,340.46,111.53
8053,2025-09-30,6,1,98.1,0.0,1.1,441.45,117.72
8054,2025-09-30,10,2,46.1,0.0,9.4,221.28,64.54
8055,2025-09-30,7,3,64.1,0.0,2.7,416.65,134.61
8056,2025-09-30,25,1,30.6,0.0,5.2,137.7,36.72
8057,2025-09-30,23,1,79.5,0.0,10.9,357.75,95.4
8058,2025-09-30,23,3,52.2,0.0,4.6,339.3,109.62
8059,2025-10-01,25,5,74.3,0.0,8.1,520.1,170.89
8060,2025-10-01,13,3,24.0,0.0,8.5,156.0,50.4
8061,2025-10-01,15,1,67.2,0.0,7.0,302.4,80.64
8062,2025-10-01,26,6,86.8,0.0,7.8,434.0,130.2
8063,2025-10-01,8,2,97.3,0.0,5.1,467.04,136.22
8064,2025-10-01,12,2,53.1,0.0,6.5,254.88,74.34
8065,2025-10-01,14,1,41.7,0.0,5.9,187.65,50.04
8066,2025-10-01,22,6,88.2,0.0,9.2,441.0,132.3
8067,2025-10-01,1,5,44.2,0.0,7.5,309.4,101.66
8068,2025-10-01,13,6,52.7,0.0,4.3,263.5,79.05
8069,2025-10-01,5,2,99.2,0.0,3.7,476.16,138.88
8070,2025-10-01,27,6,83.7,0.0,3.3,418.5,125.55
8071,2025-10-01,8,1,29.6,0.0,7.5,133.2,35.52
8072,2025-10-01,6,6,48.6,0.0,4.4,243.0,72.9
8073,2025-10-01,16,4,95.2,0.0,4.2,552.16,180.88
8074,2025-10-01,21,3,60.1,0.0,9.2,390.65,126.21
8075,2025-10-01,10,5,51.0,0.0,3.9,357.0,117.3
8076,2025-10-01,21,1,66.9,0.0,6.4,301.05,80.28
8077,2025-10-01,20,4,74.3,0.0,8.0,430.94,141.17
8078,2025-10-01,22,6,82.7,0.0,3.1,413.5,124.05
8079,2025-10-01,5,3,41.7,0.0,6.6,271.05,87.57
8080,2025-10-01,20,6,98.0,0.0,3.8,490.0,147.0
8081,2025-10-01,27,3,90.3,0.0,2.9,586.95,189.63
8082,2025-10-01,3,3,46.8,0.0,4.1,304.2,98.28
8083,2025-10-01,13,5,41.8,0.0,8.0,292.6,96.14
8084,2025-10-01,23,1,52.4,0.0,7.9,235.8,62.88
8085,2025-10-01,12,4,44.8,0.0,7.0,259.84,85.12
8086,2025-10-01,27,4,41.9,7.5,10.4,199.52,79.61
8087,2025-10-01,28,2,77.2,0.0,6.9,370.56,108.08
8088,2025-10-02,19,2,70.7,0.0,7.7,339.36,98.98
8089,2025-10-02,29,5,72.0,0.0,7.0,504.0,165.6
8090,2025-10-02,19,4,36.0,0.0,6.2,208.8,68.4
8091,2025-10-02,13,2,27.3,0.0,2.8,131.04,38.22
8092,2025-10-02,25,2,38.6,0.0,0.8,185.28,54.04
8093,2025-10-02,9,5,93.3,0.0,11.3,653.1,214.59
8094,2025-10-02,15,6,25.5,0.0,4.4,127.5,38.25
8095,2025-10-02,24,1,38.5,0.0,6.0,173.25,46.2
8096,2025-10-02,5,3,95.5,0.0,9.0,620.75,200.55
8097,2025-10-02,18,1,71.2,0.0,-0.9,320.4,85.44
8098,2025-10-02,16,5,43.5,0.0,6.2,304.5,100.05
8099,2025-10-02,10,3,95.6,0.0,6.4,621.4,200.76
8100,2025-10-02,4,4,58.9,0.0,8.6,341.62,111.91
8101,2025-10-02,25,3,99.7,0.0,8.9,648.05,209.37
8102,2025-10-02,27,2,94.6,0.0,4.8,454.08,132.44
8103,2025-10-02,24,2,72.9,0.0,6.2,349.92,102.06
8104,2025-10-02,8,5,55.4,0.0,8.1,387.8,127.42
8105,2025-10-02,19,3,88.9,0.0,4.6,577.85,186.69
8106,2025-10-02,4,5,26.3,0.0,9.1,184.1,60.49
8107,2025-10-02,13,2,74.5,22.0,9.6,252.0,104.3
8108,2025-10-02,6,6,49.5,0.0,4.3,247.5,74.25
8109,2025-10-02,13,6,34.9,0.0,5.0,174.5,52.35
8110,2025-10-02,17,3,34.5,0.0,8.2,224.25,72.45
8111,2025-10-02,30,1,44.4,0.0,4.2,199.8,53.28
8112,2025-10-02,13,1,31.4,0.0,7.8,141.3,37.68
8113,2025-10-02,25,6,32.0,0.0,6.1,160.0,48.0
8114,2025-10-02,23,6,68.8,0.0,8.2,344.0,103.2
8115,2025-10-02,3,5,35.6,0.0,4.1,249.2,81.88
8116,2025-10-03,28,2,93.2,0.0,4.3,447.36,130.48
8117,2025-10-03,9,3,80.3,0.0,4.1,521.95,168.63
8118,2025-10-03,26,1,73.2,0.0,7.5,329.4,87.84
8119,2025-10-03,13,4,29.8,0.0,6.4,172.84,56.62
8120,2025-10-03,14,5,37.5,0.0,2.7,262.5,86.25
8121,2025-10-03,17,4,99.9,0.0,4.9,579.42,189.81
8122,2025-10-03,12,5,95.6,29.1,9.3,465.5,219.88
8123,2025-10-03,30,5,24.7,0.0,5.0,172.9,56.81
8124,2025-10-03,17,3,98.0,0.0,4.7,637.0,205.8
8125,2025-10-03,18,3,29.6,0.0,4.5,192.4,62.16
8126,2025-10-03,11,2,33.5,7.8,10.9,123.36,46.9
8127,2025-10-03,21,5,96.9,0.0,4.8,678.3,222.87
8128,2025-10-03,20,3,77.7,0.0,7.7,505.05,163.17
8129,2025-10-03,21,5,92.6,35.3,9.5,401.1,212.98
8130,2025-10-03,8,6,93.5,0.0,3.6,467.5,140.25
8131,2025-10-03,23,1,56.6,0.0,10.2,254.7,67.92
8132,2025-10-03,20,1,68.3,0.0,3.8,307.35,81.96
8133,2025-10-03,14,3,55.3,0.0,4.6,359.45,116.13
8134,2025-10-03,16,5,60.1,0.0,7.2,420.7,138.23
8135,2025-10-03,13,4,84.1,0.0,6.7,487.78,159.79
8136,2025-10-03,29,6,56.7,0.0,6.0,283.5,85.05
8137,2025-10-03,20,5,37.1,0.0,5.3,259.7,85.33
8138,2025-10-03,14,5,39.4,0.0,2.7,275.8,90.62
8139,2025-10-03,18,3,33.7,0.0,7.7,219.05,70.77
8140,2025-10-04,12,6,80.0,0.0,9.1,400.0,120.0
8141,2025-10-04,24,6,63.9,0.0,1.6,319.5,95.85
8142,2025-10-04,30,5,64.5,0.0,7.6,451.5,148.35
8143,2025-10-04,28,5,91.5,0.0,2.7,640.5,210.45
8144,2025-10-04,19,6,75.4,0.0,6.4,377.0,113.1
8145,2025-10-04,14,3,49.7,0.0,6.1,323.05,104.37
8146,2025-10-04,24,2,43.0,0.0,6.7,206.4,60.2
8147,2025-10-04,28,4,72.3,0.0,2.4,419.34,137.37
8148,2025-10-04,3,1,83.2,0.0,8.0,374.4,99.84
8149,2025-10-04,6,2,56.7,0.0,4.7,272.16,79.38
8150,2025-10-04,25,4,74.1,0.0,5.8,429.78,140.79
8151,2025-10-04,23,2,79.1,0.0,6.9,379.68,110.74
8152,2025-10-04,25,4,25.0,0.0,5.6,145.0,47.5
8153,2025-10-04,8,6,79.9,0.0,6.4,399.5,119.85
8154,2025-10-04,23,2,26.0,0.0,5.2,124.8,36.4
8155,2025-10-04,19,3,35.6,0.0,5.7,231.4,74.76
8156,2025-10-04,15,6,96.6,0.0,4.2,483.0,144.9
8157,2025-10-04,11,4,67.7,0.0,4.7,392.66,128.63
8158,2025-10-04,11,4,67.9,0.0,0.3,393.82,129.01
8159,2025-10-04,18,4,47.3,0.0,4.8,274.34,89.87
8160,2025-10-04,29,3,73.9,0.0,9.6,480.35,155.19
8161,2025-10-04,20,3,68.6,0.0,3.1,445.9,144.06
8162,2025-10-04,12,2,98.1,0.0,1.0,470.88,137.34
8163,2025-10-04,8,6,39.1,0.0,7.1,195.5,58.65
8164,2025-10-04,19,4,98.3,0.0,2.2,570.14,186.77
8165,2025-10-04,14,4,24.0,0.0,8.2,139.2,45.6
8166,2025-10-04,4,2,30.4,0.0,-0.0,145.92,42.56
8167,2025-10-04,6,1,88.9,0.0,5.0,400.05,106.68
8168,2025-10-04,8,6,34.0,0.0,2.7,170.0,51.0
8169,2025-10-04,4,4,62.8,0.0,9.7,364.24,119.32
8170,2025-10-04,12,3,28.3,0.0,9.4,183.95,59.43
8171,2025-10-04,18,5,52.2,0.0,6.4,365.4,120.06
8172,2025-10-04,26,4,94.3,0.0,5.8,546.94,179.17
8173,2025-10-04,17,6,35.4,0.0,4.4,177.0,53.1
8174,2025-10-04,8,4,52.0,0.0,3.6,301.6,98.8
8175,2025-10-04,13,4,92.3,0.0,8.2,535.34,175.37
8176,2025-10-04,30,4,45.4,0.0,9.4,263.32,86.26
8177,2025-10-04,26,6,36.7,0.0,12.2,183.5,55.05
8178,2025-10-04,20,1,33.7,0.0,5.9,151.65,40.44
8179,2025-10-04,13,2,77.4,0.0,6.9,371.52,108.36
8180,2025-10-04,24,5,45.6,0.0,1.8,319.2,104.88
8181,2025-10-04,20,2,87.3,0.0,4.9,419.04,122.22
8182,2025-10-04,24,4,86.5,0.0,3.1,501.7,164.35
8183,2025-10-04,23,3,20.7,0.0,7.8,134.55,43.47
8184,2025-10-04,11,4,41.4,0.0,6.6,240.12,78.66
8185,2025-10-04,29,2,70.8,0.0,6.6,339.84,99.12
8186,2025-10-04,5,4,63.2,0.0,9.2,366.56,120.08
8187,2025-10-04,16,2,48.7,13.2,3.9,170.4,68.18
8188,2025-10-05,11,3,34.3,0.0,4.9,222.95,72.03
8189,2025-10-05,30,2,33.4,0.0,9.2,160.32,46.76
8190,2025-10-05,17,5,97.3,0.0,5.8,681.1,223.79
8191,2025-10-05,7,1,90.1,0.0,7.0,405.45,108.12
8192,2025-10-05,17,2,27.3,0.0,7.8,131.04,38.22
8193,2025-10-05,18,5,38.0,0.0,14.9,266.0,87.4
8194,2025-10-05,26,5,71.1,0.0,2.1,497.7,163.53
8195,2025-10-05,23,2,40.7,0.0,5.6,195.36,56.98
8196,2025-10-05,7,6,88.6,0.0,4.6,443.0,132.9
8197,2025-10-05,27,3,77.5,0.0,7.0,503.75,162.75
8198,2025-10-05,8,2,80.7,0.0,9.0,387.36,112.98
8199,2025-10-05,20,3,65.2,0.0,6.5,423.8,136.92
8200,2025-10-05,29,4,56.6,0.0,4.5,328.28,107.54
8201,2025-10-05,12,5,85.7,0.0,2.1,599.9,197.11
8202,2025-10-05,8,3,71.4,0.0,6.6,464.1,149.94
8203,2025-10-05,30,1,35.2,0.0,8.0,158.4,42.24
8204,2025-10-05,18,4,66.5,0.0,0.3,385.7,126.35
8205,2025-10-05,8,2,90.7,0.0,5.8,435.36,126.98
8206,2025-10-05,4,3,55.2,0.0,7.7,358.8,115.92
8207,2025-10-05,4,5,58.4,0.0,4.9,408.8,134.32
8208,2025-10-05,4,2,99.0,0.0,5.9,475.2,138.6
8209,2025-10-05,29,6,74.4,0.0,7.8,372.0,111.6
8210,2025-10-05,3,4,69.4,0.0,8.7,402.52,131.86
8211,2025-10-05,1,3,83.9,0.0,3.4,545.35,176.19
8212,2025-10-06,20,6,30.1,0.0,5.2,150.5,45.15
8213,2025-10-06,4,1,80.0,0.0,3.8,360.0,96.0
8214,2025-10-06,1,4,31.8,0.0,2.6,184.44,60.42
8215,2025-10-06,5,4,53.0,0.0,8.8,307.4,100.7
8216,2025-10-06,28,4,98.3,0.0,6.6,570.14,186.77
8217,2025-10-06,17,1,64.6,0.0,5.6,290.7,77.52
8218,2025-10-06,16,2,61.7,0.0,6.4,296.16,86.38
8219,2025-10-06,25,3,88.1,0.0,6.3,572.65,185.01
8220,2025-10-06,26,3,23.9,0.0,9.2,155.35,50.19
8221,2025-10-06,16,1,22.9,0.0,8.5,103.05,27.48
8222,2025-10-06,28,5,78.4,0.0,8.8,548.8,180.32
8223,2025-10-06,13,6,69.5,0.0,9.4,347.5,104.25
8224,2025-10-06,27,6,63.7,0.0,0.7,318.5,95.55
8225,2025-10-06,6,6,29.0,0.0,8.9,145.0,43.5
8226,2025-10-06,21,6,82.0,0.0,7.2,410.0,123.0
8227,2025-10-06,10,3,26.4,0.0,7.4,171.6,55.44
8228,2025-10-06,11,4,97.7,0.0,6.1,566.66,185.63
8229,2025-10-06,24,5,70.2,0.0,6.7,491.4,161.46
8230,2025-10-06,17,1,59.1,0.0,9.3,265.95,70.92
8231,2025-10-06,3,6,59.4,0.0,2.5,297.0,89.1
8232,2025-10-06,29,6,75.9,14.4,2.5,307.5,113.85
8233,2025-10-06,21,5,43.5,7.0,5.8,255.5,100.05
8234,2025-10-06,22,2,92.8,0.0,1.1,445.44,129.92
8235,2025-10-06,29,6,86.0,0.0,4.7,430.0,129.0
8236,2025-10-06,13,3,42.8,0.0,5.4,278.2,89.88
8237,2025-10-06,14,2,74.1,0.0,5.3,355.68,103.74
8238,2025-10-06,26,6,22.6,0.0,9.2,113.0,33.9
8239,2025-10-06,17,5,80.0,0.0,6.3,560.0,184.0
8240,2025-10-06,12,5,30.7,0.0,6.0,214.9,70.61
8241,2025-10-07,22,5,28.9,0.0,8.4,202.3,66.47
8242,2025-10-07,13,4,71.1,0.0,7.9,412.38,135.09
8243,2025-10-07,15,5,65.7,0.0,6.1,459.9,151.11
8244,2025-10-07,10,4,33.7,0.0,9.1,195.46,64.03
8245,2025-10-07,12,1,50.4,0.0,7.0,226.8,60.48
8246,2025-10-07,19,5,33.1,0.0,-2.1,231.7,76.13
8247,2025-10-07,25,1,88.5,0.0,8.8,398.25,106.2
8248,2025-10-07,19,5,27.6,0.0,6.6,193.2,63.48
8249,2025-10-07,5,1,80.2,0.0,7.2,360.9,96.24
8250,2025-10-07,4,1,30.7,0.0,4.8,138.15,36.84
8251,2025-10-07,27,1,75.2,0.0,3.8,338.4,90.24
8252,2025-10-07,15,2,42.2,0.0,3.9,202.56,59.08
8253,2025-10-07,20,3,65.2,0.0,5.3,423.8,136.92
8254,2025-10-07,7,2,50.0,0.0,10.3,240.0,70.0
8255,2025-10-07,11,5,52.4,0.0,4.0,366.8,120.52
8256,2025-10-07,21,3,96.1,0.0,6.2,624.65,201.81
8257,2025-10-07,27,4,36.6,0.0,2.4,212.28,69.54
8258,2025-10-07,2,4,65.5,0.0,6.5,379.9,124.45
8259,2025-10-07,28,1,81.2,0.0,10.3,365.4,97.44
8260,2025-10-07,20,2,36.8,0.0,2.8,176.64,51.52
8261,2025-10-07,20,4,42.1,4.7,8.9,216.92,79.99
8262,2025-10-07,29,1,99.0,0.0,4.3,445.5,118.8
8263,2025-10-07,18,5,31.8,0.0,5.4,222.6,73.14
8264,2025-10-07,30,6,34.6,0.0,8.7,173.0,51.9
8265,2025-10-08,20,4,40.8,0.0,3.1,236.64,77.52
8266,2025-10-08,27,3,59.3,0.0,4.4,385.45,124.53
8267,2025-10-08,15,6,84.0,0.0,4.8,420.0,126.0
8268,2025-10-08,6,2,48.1,0.0,6.8,230.88,67.34
8269,2025-10-08,28,6,68.8,0.0,5.0,344.0,103.2
8270,2025-10-08,24,5,25.3,0.0,9.8,177.1,58.19
8271,2025-10-08,27,1,24.0,0.0,8.2,108.0,28.8
8272,2025-10-08,5,2,36.3,10.2,4.4,125.28,50.82
8273,2025-10-08,30,1,65.5,0.0,2.6,294.75,78.6
8274,2025-10-08,19,5,37.9,0.0,1.8,265.3,87.17
8275,2025-10-08,23,6,79.7,0.0,4.8,398.5,119.55
8276,2025-10-08,22,6,24.2,0.0,8.7,121.0,36.3
8277,2025-10-08,17,4,26.9,0.0,4.9,156.02,51.11
8278,2025-10-08,6,4,97.5,0.0,10.4,565.5,185.25
8279,2025-10-08,16,3,52.3,0.0,3.9,339.95,109.83
8280,2025-10-08,9,2,21.3,0.0,3.0,102.24,29.82
8281,2025-10-08,27,2,60.4,0.0,3.0,289.92,84.56
8282,2025-10-08,16,1,85.6,0.0,6.8,385.2,102.72
8283,2025-10-08,22,6,39.9,0.0,5.7,199.5,59.85
8284,2025-10-08,5,3,29.2,0.0,8.8,189.8,61.32
8285,2025-10-08,10,5,88.8,0.0,2.1,621.6,204.24
8286,2025-10-08,19,2,50.1,0.0,6.4,240.48,70.14
8287,2025-10-08,17,5,90.4,0.0,3.5,632.8,207.92
8288,2025-10-08,18,5,69.9,0.0,4.4,489.3,160.77
8289,2025-10-08,12,3,96.0,0.0,5.6,624.0,201.6
8290,2025-10-08,11,2,93.9,0.0,7.8,450.72,131.46
8291,2025-10-08,23,4,68.3,0.0,4.1,396.14,129.77
8292,2025-10-08,27,5,41.8,0.0,5.2,292.6,96.14
8293,2025-10-08,8,1,29.6,0.0,8.0,133.2,35.52
8294,2025-10-08,23,5,67.5,0.0,7.3,472.5,155.25
8295,2025-10-08,15,5,31.5,0.0,8.9,220.5,72.45
8296,2025-10-09,24,5,81.9,24.8,9.7,399.7,188.37
8297,2025-10-09,19,2,41.9,0.0,4.9,201.12,58.66
8298,2025-10-09,22,3,54.5,0.0,5.5,354.25,114.45
8299,2025-10-09,24,4,23.8,0.0,1.5,138.04,45.22
8300,2025-10-09,21,6,44.8,0.0,7.1,224.0,67.2
8301,2025-10-09,3,1,59.6,0.0,6.4,268.2,71.52
8302,2025-10-09,11,2,67.5,0.0,7.2,324.0,94.5
8303,2025-10-09,19,2,41.2,0.0,0.7,197.76,57.68
8304,2025-10-09,7,3,91.9,0.0,4.1,597.35,192.99
8305,2025-10-09,17,5,27.8,0.0,10.9,194.6,63.94
8306,2025-10-09,18,2,43.9,0.0,6.5,210.72,61.46
8307,2025-10-09,21,1,88.5,0.0,5.2,398.25,106.2
8308,2025-10-09,30,2,43.0,7.9,10.2,168.48,60.2
8309,2025-10-09,21,4,51.3,0.0,6.4,297.54,97.47
8310,2025-10-09,28,3,31.4,0.0,2.6,204.1,65.94
8311,2025-10-09,5,2,21.6,0.0,2.9,103.68,30.24
8312,2025-10-09,4,4,50.0,0.0,8.8,290.0,95.0
8313,2025-10-09,3,5,95.3,0.0,3.4,667.1,219.19
8314,2025-10-09,17,6,40.7,0.0,7.2,203.5,61.05
8315,2025-10-09,4,1,39.0,0.0,2.3,175.5,46.8
8316,2025-10-09,1,1,90.4,0.0,5.9,406.8,108.48
8317,2025-10-09,18,5,81.9,0.0,3.0,573.3,188.37
8318,2025-10-09,15,4,56.1,0.0,5.0,325.38,106.59
8319,2025-10-10,23,5,24.0,0.0,3.4,168.0,55.2
8320,2025-10-10,10,3,39.1,0.0,4.5,254.15,82.11
8321,2025-10-10,6,2,49.4,0.0,4.6,237.12,69.16
8322,2025-10-10,6,1,26.7,0.0,8.3,120.15,32.04
8323,2025-10-10,7,3,47.1,0.0,6.6,306.15,98.91
8324,2025-10-10,13,1,44.7,0.0,6.6,201.15,53.64
8325,2025-10-10,17,4,45.8,0.0,0.2,265.64,87.02
8326,2025-10-10,21,2,23.2,0.0,8.8,111.36,32.48
8327,2025-10-10,12,6,33.1,0.0,2.3,165.5,49.65
8328,2025-10-10,17,1,34.1,0.0,4.5,153.45,40.92
8329,2025-10-10,25,4,94.1,0.0,7.8,545.78,178.79
8330,2025-10-10,20,6,22.3,0.0,5.0,111.5,33.45
8331,2025-10-10,23,2,75.0,0.0,6.0,360.0,105.0
8332,2025-10-10,16,6,86.5,0.0,2.7,432.5,129.75
8333,2025-10-10,22,5,99.8,0.0,6.9,698.6,229.54
8334,2025-10-10,29,4,37.6,0.0,4.3,218.08,71.44
8335,2025-10-10,19,6,65.6,0.0,4.2,328.0,98.4
8336,2025-10-10,10,4,20.5,0.0,7.3,118.9,38.95
8337,2025-10-10,19,5,75.0,0.0,7.1,525.0,172.5
8338,2025-10-10,21,2,50.6,0.0,6.1,242.88,70.84
8339,2025-10-10,23,1,39.3,0.0,3.5,176.85,47.16
8340,2025-10-10,5,1,59.6,0.0,4.4,268.2,71.52
8341,2025-10-11,9,3,50.1,0.0,4.1,325.65,105.21
8342,2025-10-11,25,4,81.4,0.0,-0.0,472.12,154.66
8343,2025-10-11,12,3,98.4,0.0,6.2,639.6,206.64
8344,2025-10-11,23,6,69.2,0.0,4.3,346.0,103.8
8345,2025-10-11,17,1,42.2,0.0,7.6,189.9,50.64
8346,2025-10-11,11,4,33.7,0.0,2.9,195.46,64.03
8347,2025-10-11,19,5,50.1,0.0,1.1,350.7,115.23
8348,2025-10-11,15,5,57.1,0.0,5.2,399.7,131.33
8349,2025-10-11,9,5,45.2,17.5,4.3,193.9,103.96
8350,2025-10-11,2,3,89.3,0.0,6.6,580.45,187.53
8351,2025-10-11,18,5,98.3,0.0,8.5,688.1,226.09
8352,2025-10-11,2,1,93.1,0.0,5.2,418.95,111.72
8353,2025-10-11,4,4,57.7,0.0,7.4,334.66,109.63
8354,2025-10-11,17,1,62.7,0.0,8.4,282.15,75.24
8355,2025-10-11,23,4,26.2,0.0,4.2,151.96,49.78
8356,2025-10-11,9,5,88.2,0.0,6.3,617.4,202.86
8357,2025-10-11,9,1,52.7,0.0,4.5,237.15,63.24
8358,2025-10-11,15,4,69.6,0.0,6.7,403.68,132.24
8359,2025-10-11,29,2,93.4,0.0,6.1,448.32,130.76
8360,2025-10-11,8,4,44.7,0.0,6.3,259.26,84.93
8361,2025-10-11,6,2,40.7,0.0,2.2,195.36,56.98
8362,2025-10-11,7,2,95.3,0.0,3.1,457.44,133.42
8363,2025-10-12,4,1,52.0,0.0,7.6,234.0,62.4
8364,2025-10-12,17,5,83.2,0.0,5.0,582.4,191.36
8365,2025-10-12,9,2,98.6,0.0,4.3,473.28,138.04
8366,2025-10-12,18,3,52.9,0.0,6.5,343.85,111.09
8367,2025-10-12,30,2,91.5,0.0,6.9,439.2,128.1
8368,2025-10-12,26,6,76.1,0.0,2.2,380.5,114.15
8369,2025-10-12,2,3,54.4,0.0,1.9,353.6,114.24
8370,2025-10-12,2,5,70.4,0.0,0.6,492.8,161.92
8371,2025-10-12,4,6,23.7,0.0,9.4,118.5,35.55
8372,2025-10-12,23,2,52.9,0.0,0.7,253.92,74.06
8373,2025-10-12,3,3,82.5,0.0,4.0,536.25,173.25
8374,2025-10-12,14,3,90.9,0.0,6.2,590.85,190.89
8375,2025-10-12,26,5,78.5,0.0,5.7,549.5,180.55
8376,2025-10-12,30,6,53.8,0.0,3.8,269.0,80.7
8377,2025-10-12,30,6,50.4,0.0,5.1,252.0,75.6
8378,2025-10-12,18,3,25.4,0.0,8.7,165.1,53.34
8379,2025-10-12,30,6,26.5,0.0,5.8,132.5,39.75
8380,2025-10-12,20,1,91.9,0.0,3.5,413.55,110.28
8381,2025-10-12,9,6,54.7,0.0,5.5,273.5,82.05
8382,2025-10-12,22,5,54.0,0.0,2.2,378.0,124.2
8383,2025-10-12,28,3,52.5,0.0,5.2,341.25,110.25
8384,2025-10-12,1,4,51.7,0.0,3.4,299.86,98.23
8385,2025-10-12,9,2,76.4,0.0,5.1,366.72,106.96
8386,2025-10-12,25,4,33.8,0.0,0.2,196.04,64.22
8387,2025-10-12,6,2,78.2,0.0,0.6,375.36,109.48
8388,2025-10-12,20,5,68.1,0.0,9.0,476.7,156.63
8389,2025-10-12,22,3,91.0,0.0,3.8,591.5,191.1
8390,2025-10-12,26,5,78.9,0.0,3.1,552.3,181.47
8391,2025-10-12,7,3,31.7,0.0,5.1,206.05,66.57
8392,2025-10-12,21,2,75.5,0.0,8.6,362.4,105.7
8393,2025-10-12,7,2,59.4,0.0,2.8,285.12,83.16
8394,2025-10-13,20,2,65.6,0.0,3.8,314.88,91.84
8395,2025-10-13,10,2,32.8,0.0,3.5,157.44,45.92
8396,2025-10-13,28,1,50.3,0.0,8.8,226.35,60.36
8397,2025-10-13,21,6,81.8,0.0,8.2,409.0,122.7
8398,2025-10-13,30,3,57.9,0.0,3.8,376.35,121.59
8399,2025-10-13,15,4,49.4,0.0,8.9,286.52,93.86
8400,2025-10-13,22,5,67.6,0.0,5.9,473.2,155.48
8401,2025-10-13,21,1,99.9,0.0,6.2,449.55,119.88
8402,2025-10-13,6,4,68.4,23.1,8.9,262.74,129.96
8403,2025-10-13,18,1,21.2,0.0,4.7,95.4,25.44
8404,2025-10-13,23,6,88.1,0.0,6.1,440.5,132.15
8405,2025-10-13,4,5,45.1,0.0,0.6,315.7,103.73
8406,2025-10-13,1,3,46.9,0.0,5.0,304.85,98.49
8407,2025-10-13,25,2,51.3,0.0,5.9,246.24,71.82
8408,2025-10-13,11,2,68.5,0.0,10.9,328.8,95.9
8409,2025-10-13,3,5,49.7,0.0,7.1,347.9,114.31
8410,2025-10-13,3,5,57.0,0.0,1.1,399.0,131.1
8411,2025-10-13,18,5,20.3,0.0,7.0,142.1,46.69
8412,2025-10-13,29,1,71.5,15.9,3.6,250.2,85.8
8413,2025-10-13,23,6,69.2,0.0,6.6,346.0,103.8
8414,2025-10-13,19,6,78.7,0.0,5.4,393.5,118.05
8415,2025-10-13,16,2,98.9,0.0,6.4,474.72,138.46
8416,2025-10-13,20,1,47.2,0.0,5.6,212.4,56.64
8417,2025-10-13,14,6,99.6,0.0,8.3,498.0,149.4
8418,2025-10-14,7,1,40.2,0.0,3.5,180.9,48.24
8419,2025-10-14,15,4,29.6,0.0,4.6,171.68,56.24
8420,2025-10-14,13,6,77.4,0.0,6.2,387.0,116.1
8421,2025-10-14,22,6,43.2,0.0,5.8,216.0,64.8
8422,2025-10-14,9,2,89.4,0.0,6.9,429.12,125.16
8423,2025-10-14,15,2,75.5,0.0,3.0,362.4,105.7
8424,2025-10-14,4,4,99.3,0.0,3.5,575.94,188.67
8425,2025-10-14,10,4,73.5,0.0,3.1,426.3,139.65
8426,2025-10-14,13,4,77.8,0.0,6.2,451.24,147.82
8427,2025-10-14,19,5,92.4,0.0,9.4,646.8,212.52
8428,2025-10-14,12,4,73.5,0.0,1.4,426.3,139.65
8429,2025-10-14,3,2,60.5,0.0,9.4,290.4,84.7
8430,2025-10-14,24,6,31.2,0.0,4.0,156.0,46.8
8431,2025-10-14,6,4,21.0,0.0,5.1,121.8,39.9
8432,2025-10-14,27,5,96.5,0.0,2.4,675.5,221.95
8433,2025-10-14,10,5,60.6,0.0,7.4,424.2,139.38
8434,2025-10-14,11,2,42.9,0.0,4.0,205.92,60.06
8435,2025-10-14,20,4,71.6,0.0,5.8,415.28,136.04
8436,2025-10-14,8,2,87.2,0.0,3.3,418.56,122.08
8437,2025-10-14,15,2,65.3,0.0,7.5,313.44,91.42
8438,2025-10-14,28,3,25.3,0.0,7.5,164.45,53.13
8439,2025-10-14,28,2,83.4,0.0,5.1,400.32,116.76
8440,2025-10-14,25,1,25.4,0.0,8.1,114.3,30.48
8441,2025-10-14,17,1,49.8,0.0,9.1,224.1,59.76
8442,2025-10-14,24,4,77.8,0.0,5.3,451.24,147.82
8443,2025-10-15,24,5,92.5,0.0,3.4,647.5,212.75
8444,2025-10-15,22,3,66.0,0.0,2.1,429.0,138.6
8445,2025-10-15,3,5,97.3,0.0,9.7,681.1,223.79
8446,2025-10-15,29,2,59.3,0.0,5.4,284.64,83.02
8447,2025-10-15,17,4,83.2,0.0,8.5,482.56,158.08
8448,2025-10-15,27,6,76.5,0.0,5.7,382.5,114.75
8449,2025-10-15,13,4,73.5,0.0,3.8,426.3,139.65
8450,2025-10-15,3,5,34.1,0.0,8.7,238.7,78.43
8451,2025-10-15,27,5,24.1,0.0,3.2,168.7,55.43
8452,2025-10-15,25,3,74.4,0.0,4.3,483.6,156.24
8453,2025-10-15,12,5,33.4,0.0,3.2,233.8,76.82
8454,2025-10-15,27,6,36.0,0.0,0.8,180.0,54.0
8455,2025-10-15,21,3,44.3,0.0,1.9,287.95,93.03
8456,2025-10-15,4,1,43.7,0.0,4.1,196.65,52.44
8457,2025-10-15,22,2,85.4,0.0,6.7,409.92,119.56
8458,2025-10-15,21,6,83.8,0.0,3.9,419.0,125.7
8459,2025-10-15,15,4,45.2,0.0,2.3,262.16,85.88
8460,2025-10-15,7,1,62.3,14.1,7.1,216.9,74.76
8461,2025-10-15,13,5,42.9,0.0,7.3,300.3,98.67
8462,2025-10-15,9,5,87.5,0.0,3.7,612.5,201.25
8463,2025-10-15,9,2,96.6,0.0,3.6,463.68,135.24
8464,2025-10-15,25,1,68.8,0.0,2.6,309.6,82.56
8465,2025-10-15,27,2,89.3,0.0,8.0,428.64,125.02
8466,2025-10-15,30,5,90.2,0.0,8.0,631.4,207.46
8467,2025-10-15,1,3,92.6,0.0,4.5,601.9,194.46
8468,2025-10-15,5,6,35.9,0.0,7.2,179.5,53.85
8469,2025-10-15,13,1,54.1,0.0,9.9,243.45,64.92
8470,2025-10-15,5,3,78.5,0.0,6.3,510.25,164.85
8471,2025-10-16,16,3,46.2,0.0,1.2,300.3,97.02
8472,2025-10-16,18,1,76.2,0.0,3.9,342.9,91.44
8473,2025-10-16,30,1,42.4,0.0,4.3,190.8,50.88
8474,2025-10-16,6,6,22.7,0.0,8.3,113.5,34.05
8475,2025-10-16,6,3,82.7,0.0,4.9,537.55,173.67
8476,2025-10-16,25,6,90.6,0.0,3.9,453.0,135.9
8477,2025-10-16,15,1,69.8,0.0,8.4,314.1,83.76
8478,2025-10-16,11,4,70.0,0.0,6.0,406.0,133.0
8479,2025-10-16,20,6,53.5,0.0,4.0,267.5,80.25
8480,2025-10-16,28,2,41.4,0.0,6.5,198.72,57.96
8481,2025-10-16,30,1,21.0,0.0,7.1,94.5,25.2
8482,2025-10-16,1,6,65.6,0.0,6.0,328.0,98.4
8483,2025-10-16,25,4,49.7,0.0,7.3,288.26,94.43
8484,2025-10-16,27,3,67.6,0.0,6.9,439.4,141.96
8485,2025-10-16,10,4,29.3,0.0,5.9,169.94,55.67
8486,2025-10-16,19,3,40.9,0.0,5.0,265.85,85.89
8487,2025-10-17,27,6,86.6,0.0,5.4,433.0,129.9
8488,2025-10-17,29,2,92.3,0.0,2.0,443.04,129.22
8489,2025-10-17,28,5,99.4,0.0,5.6,695.8,228.62
8490,2025-10-17,8,1,32.5,0.0,2.0,146.25,39.0
8491,2025-10-17,11,5,77.9,0.0,2.4,545.3,179.17
8492,2025-10-17,20,4,29.0,0.0,1.3,168.2,55.1
8493,2025-10-17,30,1,38.6,0.0,5.4,173.7,46.32
8494,2025-10-17,10,5,37.8,0.0,7.7,264.6,86.94
8495,2025-10-17,14,6,92.5,0.0,1.5,462.5,138.75
8496,2025-10-17,18,3,56.2,0.0,6.0,365.3,118.02
8497,2025-10-17,30,3,24.1,0.0,8.4,156.65,50.61
8498,2025-10-17,14,5,72.4,0.0,4.9,506.8,166.52
8499,2025-10-17,30,4,67.7,0.0,0.3,392.66,128.63
8500,2025-10-17,5,1,58.7,0.0,5.5,264.15,70.44
8501,2025-10-17,5,3,96.0,0.0,5.1,624.0,201.6
8502,2025-10-17,23,4,35.7,0.0,2.3,207.06,67.83
8503,2025-10-17,14,1,47.4,0.0,5.5,213.3,56.88
8504,2025-10-17,5,1,54.3,0.0,6.6,244.35,65.16
8505,2025-10-17,12,5,24.2,0.0,1.8,169.4,55.66
8506,2025-10-17,25,6,74.3,0.0,7.4,371.5,111.45
8507,2025-10-17,19,3,46.0,0.0,7.1,299.0,96.6
8508,2025-10-17,20,4,38.4,0.0,1.9,222.72,72.96
8509,2025-10-17,8,6,84.2,0.0,8.3,421.0,126.3
8510,2025-10-17,13,2,88.5,0.0,9.2,424.8,123.9
8511,2025-10-17,5,6,34.1,0.0,8.6,170.5,51.15
8512,2025-10-17,17,6,45.7,0.0,8.4,228.5,68.55
8513,2025-10-17,18,6,73.1,0.0,7.2,365.5,109.65
8514,2025-10-17,24,2,81.8,0.0,5.1,392.64,114.52
8515,2025-10-17,6,5,35.9,0.0,4.8,251.3,82.57
8516,2025-10-17,2,6,36.6,0.0,6.8,183.0,54.9
8517,2025-10-17,2,6,100.0,0.0,5.8,500.0,150.0
8518,2025-10-17,25,3,70.4,0.0,8.3,457.6,147.84
8519,2025-10-17,22,1,91.8,0.0,8.4,413.1,110.16
8520,2025-10-17,8,1,72.1,0.0,9.0,324.45,86.52
8521,2025-10-17,11,1,51.3,0.0,1.2,230.85,61.56
8522,2025-10-17,12,6,48.8,0.0,9.7,244.0,73.2
8523,2025-10-17,4,4,20.7,0.0,5.9,120.06,39.33
8524,2025-10-17,1,2,88.4,0.0,7.9,424.32,123.76
8525,2025-10-17,18,6,56.2,0.0,3.8,281.0,84.3
8526,2025-10-17,6,1,96.0,0.0,4.1,432.0,115.2
8527,2025-10-17,22,4,24.7,0.0,2.2,143.26,46.93
8528,2025-10-17,20,1,58.3,0.0,0.1,262.35,69.96
8529,2025-10-18,3,2,75.6,0.0,8.8,362.88,105.84
8530,2025-10-18,13,5,51.3,0.0,9.5,359.1,117.99
8531,2025-10-18,23,6,24.4,0.0,4.8,122.0,36.6
8532,2025-10-18,26,2,62.5,0.0,7.3,300.0,87.5
8533,2025-10-18,7,3,38.1,0.0,4.7,247.65,80.01
8534,2025-10-18,22,2,38.6,0.0,9.0,185.28,54.04
8535,2025-10-18,19,4,74.3,0.0,2.8,430.94,141.17
8536,2025-10-18,4,5,36.5,0.0,8.4,255.5,83.95
8537,2025-10-18,13,4,55.5,0.0,8.5,321.9,105.45
8538,2025-10-18,29,5,83.3,0.0,7.8,583.1,191.59
8539,2025-10-18,1,4,35.1,0.0,6.6,203.58,66.69
8540,2025-10-18,2,2,93.0,0.0,7.2,446.4,130.2
8541,2025-10-18,4,4,84.0,0.0,3.7,487.2,159.6
8542,2025-10-18,30,3,60.9,0.0,5.6,395.85,127.89
8543,2025-10-18,29,1,30.8,0.0,6.5,138.6,36.96
8544,2025-10-18,29,4,69.4,0.0,9.5,402.52,131.86
8545,2025-10-18,16,4,39.9,0.0,6.1,231.42,75.81
8546,2025-10-18,6,6,33.5,0.0,6.9,167.5,50.25
8547,2025-10-18,29,1,25.7,0.0,7.1,115.65,30.84
8548,2025-10-18,4,5,81.7,0.0,6.0,571.9,187.91
8549,2025-10-18,6,1,85.9,0.0,7.4,386.55,103.08
8550,2025-10-18,10,1,83.1,0.0,4.5,373.95,99.72
8551,2025-10-18,6,2,61.0,0.0,7.3,292.8,85.4
8552,2025-10-18,26,1,44.4,0.0,7.3,199.8,53.28
8553,2025-10-18,13,1,68.7,0.0,7.3,309.15,82.44
8554,2025-10-18,24,2,73.7,0.0,4.4,353.76,103.18
8555,2025-10-18,20,3,90.7,0.0,3.5,589.55,190.47
8556,2025-10-18,25,6,57.0,0.0,8.4,285.0,85.5
8557,2025-10-18,27,4,60.2,0.0,3.7,349.16,114.38
8558,2025-10-18,16,1,46.6,0.0,7.7,209.7,55.92
8559,2025-10-19,24,4,47.5,0.0,2.4,275.5,90.25
8560,2025-10-19,27,6,34.6,0.0,1.8,173.0,51.9
8561,2025-10-19,2,1,25.0,0.0,6.4,112.5,30.0
8562,2025-10-19,30,5,86.2,0.0,5.3,603.4,198.26
8563,2025-10-19,30,5,78.0,0.0,8.1,546.0,179.4
8564,2025-10-19,26,5,23.2,0.0,10.6,162.4,53.36
8565,2025-10-19,11,1,28.0,0.0,2.7,126.0,33.6
8566,2025-10-19,5,3,32.7,0.0,4.2,212.55,68.67
8567,2025-10-19,28,4,37.8,0.0,5.5,219.24,71.82
8568,2025-10-19,21,4,20.7,0.0,5.2,120.06,39.33
8569,2025-10-19,24,2,94.8,0.0,2.5,455.04,132.72
8570,2025-10-19,10,1,61.5,0.0,6.0,276.75,73.8
8571,2025-10-19,6,4,43.5,0.0,2.5,252.3,82.65
8572,2025-10-19,7,5,31.0,0.0,5.3,217.0,71.3
8573,2025-10-19,13,6,80.3,0.0,5.6,401.5,120.45
8574,2025-10-19,15,5,83.8,0.0,6.2,586.6,192.74
8575,2025-10-19,28,2,52.3,0.0,1.3,251.04,73.22
8576,2025-10-19,21,3,82.6,0.0,5.8,536.9,173.46
8577,2025-10-19,26,4,39.7,0.0,5.1,230.26,75.43
8578,2025-10-19,17,6,97.7,0.0,3.9,488.5,146.55
8579,2025-10-19,2,3,52.8,0.0,5.9,343.2,110.88
8580,2025-10-19,22,4,26.0,0.0,2.7,150.8,49.4
8581,2025-10-19,27,3,95.9,0.0,6.1,623.35,201.39
8582,2025-10-19,24,5,20.1,0.0,6.2,140.7,46.23
8583,2025-10-19,27,4,51.9,0.0,5.9,301.02,98.61
8584,2025-10-19,21,6,29.3,0.0,5.1,146.5,43.95
8585,2025-10-19,27,2,27.7,0.0,5.6,132.96,38.78
8586,2025-10-19,21,4,58.5,0.0,5.2,339.3,111.15
8587,2025-10-19,26,3,60.7,0.0,3.1,394.55,127.47
8588,2025-10-19,11,2,59.4,0.0,6.6,285.12,83.16
8589,2025-10-19,1,2,87.2,0.0,3.5,418.56,122.08
8590,2025-10-19,25,2,96.6,0.0,0.4,463.68,135.24
8591,2025-10-19,26,3,84.2,0.0,2.3,547.3,176.82
8592,2025-10-19,18,1,32.7,0.0,-0.4,147.15,39.24
8593,2025-10-20,11,5,29.0,0.0,7.1,203.0,66.7
8594,2025-10-20,13,2,88.5,0.0,8.6,424.8,123.9
8595,2025-10-20,12,2,42.2,0.0,2.2,202.56,59.08
8596,2025-10-20,12,5,21.8,0.0,8.7,152.6,50.14
8597,2025-10-20,19,1,66.4,0.0,9.3,298.8,79.68
8598,2025-10-20,26,1,29.9,0.0,5.3,134.55,35.88
8599,2025-10-20,28,4,53.0,0.0,3.1,307.4,100.7
8600,2025-10-20,9,4,48.4,0.0,4.6,280.72,91.96
8601,2025-10-20,27,1,60.1,0.0,5.4,270.45,72.12
8602,2025-10-20,9,5,71.7,0.0,3.5,501.9,164.91
8603,2025-10-20,20,1,66.9,0.0,3.2,301.05,80.28
8604,2025-10-20,27,6,49.3,0.0,3.0,246.5,73.95
8605,2025-10-20,16,3,22.4,0.0,8.0,145.6,47.04
8606,2025-10-20,13,1,28.7,0.0,8.1,129.15,34.44
8607,2025-10-20,22,3,27.3,10.2,3.7,111.15,57.33
8608,2025-10-20,8,1,67.7,0.0,7.7,304.65,81.24
8609,2025-10-20,25,6,85.2,0.0,2.5,426.0,127.8
8610,2025-10-20,14,6,23.3,0.0,6.0,116.5,34.95
8611,2025-10-20,7,5,51.3,0.0,10.4,359.1,117.99
8612,2025-10-20,4,3,47.4,0.0,5.7,308.1,99.54
8613,2025-10-20,17,4,61.5,0.0,5.7,356.7,116.85
8614,2025-10-20,20,5,41.6,0.0,5.0,291.2,95.68
8615,2025-10-20,25,2,93.5,0.0,5.9,448.8,130.9
8616,2025-10-21,6,6,23.3,0.0,6.7,116.5,34.95
8617,2025-10-21,21,4,32.7,10.4,10.9,129.34,62.13
8618,2025-10-21,25,5,61.4,0.0,5.8,429.8,141.22
8619,2025-10-21,13,6,21.0,0.0,4.0,105.0,31.5
8620,2025-10-21,17,5,80.1,0.0,5.9,560.7,184.23
8621,2025-10-21,18,6,37.1,0.0,7.6,185.5,55.65
8622,2025-10-21,15,5,47.1,0.0,4.3,329.7,108.33
8623,2025-10-21,28,4,56.7,0.0,3.9,328.86,107.73
8624,2025-10-21,18,2,24.5,0.0,7.6,117.6,34.3
8625,2025-10-21,26,6,32.6,0.0,5.0,163.0,48.9
8626,2025-10-21,26,4,42.7,0.0,4.0,247.66,81.13
8627,2025-10-21,8,5,46.0,0.0,3.7,322.0,105.8
8628,2025-10-21,4,4,91.2,0.0,11.1,528.96,173.28
8629,2025-10-21,17,4,66.2,0.0,3.1,383.96,125.78
8630,2025-10-21,25,4,75.0,0.0,5.2,435.0,142.5
8631,2025-10-21,17,2,60.1,0.0,4.5,288.48,84.14
8632,2025-10-21,14,1,23.5,0.0,6.2,105.75,28.2
8633,2025-10-21,30,4,79.7,10.5,9.4,401.36,151.43
8634,2025-10-21,3,4,31.2,0.0,3.7,180.96,59.28
8635,2025-10-21,12,3,92.3,0.0,7.9,599.95,193.83
8636,2025-10-21,11,5,45.4,0.0,1.6,317.8,104.42
8637,2025-10-21,12,1,66.6,0.0,4.3,299.7,79.92
8638,2025-10-21,4,4,80.1,0.0,6.0,464.58,152.19
8639,2025-10-22,17,4,36.3,0.0,2.1,210.54,68.97
8640,2025-10-22,6,3,75.9,0.0,3.3,493.35,159.39
8641,2025-10-22,30,6,56.0,21.3,8.5,173.5,84.0
8642,2025-10-22,9,4,64.1,0.0,10.7,371.78,121.79
8643,2025-10-22,7,5,72.1,0.0,5.1,504.7,165.83
8644,2025-10-22,12,3,29.3,0.0,8.0,190.45,61.53
8645,2025-10-22,19,5,92.2,0.0,7.0,645.4,212.06
8646,2025-10-22,1,3,79.8,9.7,9.5,455.65,167.58
8647,2025-10-22,9,4,48.0,0.0,3.2,278.4,91.2
8648,2025-10-22,23,1,31.6,0.0,3.0,142.2,37.92
8649,2025-10-22,26,1,25.5,0.0,4.7,114.75,30.6
8650,2025-10-22,29,2,92.0,0.0,10.9,441.6,128.8
8651,2025-10-22,15,1,99.7,0.0,6.0,448.65,119.64
8652,2025-10-22,1,1,67.4,0.0,6.4,303.3,80.88
8653,2025-10-22,6,6,42.1,0.0,8.2,210.5,63.15
8654,2025-10-22,8,5,43.5,0.0,3.4,304.5,100.05
8655,2025-10-23,16,4,28.2,0.0,3.5,163.56,53.58
8656,2025-10-23,8,4,84.9,0.0,3.0,492.42,161.31
8657,2025-10-23,3,1,55.9,0.0,11.0,251.55,67.08
8658,2025-10-23,24,1,74.0,0.0,9.9,333.0,88.8
8659,2025-10-23,1,1,60.8,0.0,6.5,273.6,72.96
8660,2025-10-23,11,3,61.0,10.9,7.1,325.65,128.1
8661,2025-10-23,13,2,22.5,0.0,8.2,108.0,31.5
8662,2025-10-23,30,6,61.2,0.0,8.9,306.0,91.8
8663,2025-10-23,12,6,38.7,0.0,7.3,193.5,58.05
8664,2025-10-23,13,4,41.0,4.2,5.0,213.44,77.9
8665,2025-10-23,5,6,76.0,0.0,3.9,380.0,114.0
8666,2025-10-23,10,6,98.0,0.0,3.7,490.0,147.0
8667,2025-10-23,30,2,65.2,0.0,4.9,312.96,91.28
8668,2025-10-23,8,4,69.8,0.0,5.2,404.84,132.62
8669,2025-10-23,30,3,37.6,0.0,8.1,244.4,78.96
8670,2025-10-23,16,1,65.0,0.0,4.8,292.5,78.0
8671,2025-10-23,16,4,50.9,0.0,8.5,295.22,96.71
8672,2025-10-23,28,2,64.4,0.0,8.0,309.12,90.16
8673,2025-10-23,17,6,61.2,0.0,8.0,306.0,91.8
8674,2025-10-23,3,4,90.9,0.0,6.7,527.22,172.71
8675,2025-10-23,2,3,58.1,0.0,7.5,377.65,122.01
8676,2025-10-23,19,1,80.4,0.0,9.9,361.8,96.48
8677,2025-10-23,1,1,35.7,0.0,3.8,160.65,42.84
8678,2025-10-23,18,1,27.9,0.0,7.8,125.55,33.48
8679,2025-10-23,19,4,28.0,0.0,4.4,162.4,53.2
8680,2025-10-23,7,5,28.5,0.0,6.3,199.5,65.55
8681,2025-10-23,22,5,43.4,0.0,7.2,303.8,99.82
8682,2025-10-23,17,2,89.6,0.0,2.5,430.08,125.44
8683,2025-10-23,3,2,32.8,11.9,11.9,100.32,45.92
8684,2025-10-23,2,1,25.9,0.0,8.9,116.55,31.08
8685,2025-10-24,29,1,47.9,0.0,3.6,215.55,57.48
8686,2025-10-24,30,6,99.4,0.0,4.0,497.0,149.1
8687,2025-10-24,9,5,53.4,0.0,6.2,373.8,122.82
8688,2025-10-24,9,4,98.4,0.0,7.0,570.72,186.96
8689,2025-10-24,14,5,51.3,0.0,7.6,359.1,117.99
8690,2025-10-24,17,5,59.3,0.0,7.0,415.1,136.39
8691,2025-10-24,11,2,66.7,0.0,3.3,320.16,93.38
8692,2025-10-24,4,5,39.3,0.0,7.4,275.1,90.39
8693,2025-10-24,20,1,44.1,17.3,9.4,120.6,52.92
8694,2025-10-24,13,3,42.3,0.0,12.8,274.95,88.83
8695,2025-10-24,15,4,33.8,0.0,6.6,196.04,64.22
8696,2025-10-24,18,3,63.7,0.0,4.5,414.05,133.77
8697,2025-10-24,29,3,92.6,0.0,3.3,601.9,194.46
8698,2025-10-24,2,4,70.4,0.0,8.5,408.32,133.76
8699,2025-10-24,18,5,37.3,11.4,4.7,181.3,85.79
8700,2025-10-24,30,1,71.3,0.0,8.9,320.85,85.56
8701,2025-10-24,2,4,88.8,0.0,8.2,515.04,168.72
8702,2025-10-24,22,5,46.5,0.0,6.7,325.5,106.95
8703,2025-10-24,27,6,87.8,0.0,5.5,439.0,131.7
8704,2025-10-24,27,2,66.2,0.0,6.4,317.76,92.68
8705,2025-10-24,22,3,21.4,0.0,4.6,139.1,44.94
8706,2025-10-24,22,1,37.6,0.0,9.1,169.2,45.12
8707,2025-10-24,22,1,22.8,0.0,7.8,102.6,27.36
8708,2025-10-24,23,6,79.8,0.0,8.6,399.0,119.7
8709,2025-10-24,16,6,85.5,0.0,6.5,427.5,128.25
8710,2025-10-24,7,6,65.5,0.0,7.3,327.5,98.25
8711,2025-10-24,5,3,58.7,0.0,5.7,381.55,123.27
8712,2025-10-24,16,3,40.3,0.0,5.7,261.95,84.63
8713,2025-10-24,3,6,48.5,0.0,7.2,242.5,72.75
8714,2025-10-24,24,3,28.4,0.0,5.0,184.6,59.64
8715,2025-10-24,2,3,99.0,0.0,9.6,643.5,207.9
8716,2025-10-24,18,1,61.7,0.0,6.8,277.65,74.04
8717,2025-10-24,30,5,25.4,0.0,8.0,177.8,58.42
8718,2025-10-24,6,4,29.2,0.0,6.3,169.36,55.48
8719,2025-10-24,2,4,44.1,0.0,2.7,255.78,83.79
8720,2025-10-24,7,4,79.9,17.4,6.3,362.5,151.81
8721,2025-10-24,11,6,31.6,0.0,6.7,158.0,47.4
8722,2025-10-24,10,2,58.0,0.0,10.1,278.4,81.2
8723,2025-10-24,11,2,67.4,0.0,5.9,323.52,94.36
8724,2025-10-24,12,5,79.0,0.0,5.4,553.0,181.7
8725,2025-10-24,11,1,64.3,0.0,6.9,289.35,77.16
8726,2025-10-24,22,6,62.5,0.0,6.1,312.5,93.75
8727,2025-10-24,18,1,95.2,0.0,7.8,428.4,114.24
8728,2025-10-25,15,4,57.0,0.0,7.1,330.6,108.3
8729,2025-10-25,21,5,23.0,0.0,8.8,161.0,52.9
8730,2025-10-25,25,6,24.3,0.0,6.5,121.5,36.45
8731,2025-10-25,2,6,84.2,0.0,5.7,421.0,126.3
8732,2025-10-25,15,2,85.6,0.0,5.7,410.88,119.84
8733,2025-10-25,22,6,50.9,0.0,6.0,254.5,76.35
8734,2025-10-25,30,5,37.3,0.0,5.1,261.1,85.79
8735,2025-10-25,14,1,54.0,0.0,6.4,243.0,64.8
8736,2025-10-25,27,4,79.1,0.0,6.6,458.78,150.29
8737,2025-10-25,14,5,96.3,0.0,6.8,674.1,221.49
8738,2025-10-25,24,4,88.8,0.0,3.8,515.04,168.72
8739,2025-10-25,26,1,83.9,0.0,8.1,377.55,100.68
8740,2025-10-25,11,3,80.5,0.0,3.7,523.25,169.05
8741,2025-10-25,24,3,81.0,0.0,6.5,526.5,170.1
8742,2025-10-25,22,1,20.3,0.0,3.5,91.35,24.36
8743,2025-10-25,28,6,79.0,0.0,4.7,395.0,118.5
8744,2025-10-25,1,4,51.4,17.4,4.8,197.2,97.66
8745,2025-10-25,6,1,74.2,0.0,9.0,333.9,89.04
8746,2025-10-25,11,5,86.7,0.0,6.3,606.9,199.41
8747,2025-10-25,27,5,32.7,0.0,9.9,228.9,75.21
8748,2025-10-25,15,4,77.6,0.0,5.5,450.08,147.44
8749,2025-10-25,10,1,64.0,0.0,7.8,288.0,76.8
8750,2025-10-25,6,2,60.8,0.0,5.8,291.84,85.12
8751,2025-10-25,3,2,94.6,0.0,4.5,454.08,132.44
8752,2025-10-25,26,6,78.4,0.0,4.2,392.0,117.6
8753,2025-10-25,2,1,64.4,0.0,10.0,289.8,77.28
8754,2025-10-25,29,6,94.5,0.0,7.8,472.5,141.75
8755,2025-10-25,16,6,36.1,0.0,2.9,180.5,54.15
8756,2025-10-25,28,3,86.8,0.0,1.5,564.2,182.28
8757,2025-10-25,10,6,35.6,0.0,2.4,178.0,53.4
8758,2025-10-25,6,3,70.5,0.0,6.9,458.25,148.05
8759,2025-10-25,6,4,68.4,0.0,12.9,396.72,129.96
8760,2025-10-25,1,1,54.0,0.0,7.3,243.0,64.8
8761,2025-10-25,12,5,89.6,24.1,1.0,458.5,206.08
8762,2025-10-25,10,6,42.4,0.0,4.9,212.0,63.6
8763,2025-10-25,23,6,26.9,0.0,4.2,134.5,40.35
8764,2025-10-25,18,3,29.5,0.0,3.5,191.75,61.95
8765,2025-10-26,17,2,88.3,0.0,3.4,423.84,123.62
8766,2025-10-26,4,3,21.8,0.0,3.3,141.7,45.78
8767,2025-10-26,17,2,26.5,0.0,3.4,127.2,37.1
8768,2025-10-26,7,3,88.2,0.0,6.7,573.3,185.22
8769,2025-10-26,4,1,90.7,0.0,7.2,408.15,108.84
8770,2025-10-26,15,4,83.1,0.0,9.1,481.98,157.89
8771,2025-10-26,12,2,93.0,0.0,6.5,446.4,130.2
8772,2025-10-26,1,6,50.9,0.0,5.1,254.5,76.35
8773,2025-10-26,19,6,43.6,0.0,8.3,218.0,65.4
8774,2025-10-26,7,2,22.6,0.0,4.3,108.48,31.64
8775,2025-10-26,4,6,61.5,0.0,7.5,307.5,92.25
8776,2025-10-26,4,3,96.7,0.0,2.5,628.55,203.07
8777,2025-10-26,19,5,66.5,0.0,4.4,465.5,152.95
8778,2025-10-26,3,3,43.3,0.0,4.7,281.45,90.93
8779,2025-10-26,12,4,24.9,0.0,8.4,144.42,47.31
8780,2025-10-26,16,6,49.4,0.0,5.9,247.0,74.1
8781,2025-10-26,4,5,22.0,0.0,6.2,154.0,50.6
8782,2025-10-26,8,5,53.3,0.0,4.6,373.1,122.59
8783,2025-10-26,17,5,34.3,0.0,10.1,240.1,78.89
8784,2025-10-26,23,2,73.5,0.0,4.2,352.8,102.9
8785,2025-10-26,23,3,47.1,0.0,5.8,306.15,98.91
8786,2025-10-26,5,2,87.6,0.0,4.0,420.48,122.64
8787,2025-10-27,27,1,87.5,0.0,7.1,393.75,105.0
8788,2025-10-27,8,5,66.1,0.0,2.5,462.7,152.03
8789,2025-10-27,28,3,42.5,0.0,8.9,276.25,89.25
8790,2025-10-27,29,4,89.6,0.0,4.8,519.68,170.24
8791,2025-10-27,7,5,92.5,0.0,3.2,647.5,212.75
8792,2025-10-27,22,6,23.4,0.0,11.9,117.0,35.1
8793,2025-10-27,14,4,97.8,24.7,9.3,423.98,185.82
8794,2025-10-27,16,2,55.4,0.0,4.6,265.92,77.56
8795,2025-10-27,6,5,92.6,0.0,4.1,648.2,212.98
8796,2025-10-27,6,4,63.6,0.0,4.6,368.88,120.84
8797,2025-10-27,26,4,66.8,0.0,11.5,387.44,126.92
8798,2025-10-27,10,4,66.7,0.0,5.7,386.86,126.73
8799,2025-10-27,17,3,34.8,0.0,3.1,226.2,73.08
8800,2025-10-27,19,3,67.8,0.0,5.1,440.7,142.38
8801,2025-10-27,16,4,69.5,0.0,5.1,403.1,132.05
8802,2025-10-27,25,1,81.4,0.0,7.9,366.3,97.68
8803,2025-10-27,14,4,70.8,0.0,6.1,410.64,134.52
8804,2025-10-27,3,2,23.9,0.0,6.0,114.72,33.46
8805,2025-10-27,15,3,73.0,0.0,5.5,474.5,153.3
8806,2025-10-27,24,3,62.5,0.0,-0.0,406.25,131.25
8807,2025-10-27,16,2,51.0,5.5,4.7,218.4,71.4
8808,2025-10-27,29,6,68.5,0.0,4.6,342.5,102.75
8809,2025-10-27,1,4,37.4,0.0,3.0,216.92,71.06
8810,2025-10-27,15,4,51.2,0.0,5.6,296.96,97.28
8811,2025-10-27,11,6,32.6,0.0,5.4,163.0,48.9
8812,2025-10-27,1,1,95.3,0.0,13.4,428.85,114.36
8813,2025-10-27,26,4,28.5,0.0,11.4,165.3,54.15
8814,2025-10-27,21,6,77.3,0.0,2.5,386.5,115.95
8815,2025-10-27,8,4,58.8,0.0,7.4,341.04,111.72
8816,2025-10-27,29,3,86.7,0.0,3.2,563.55,182.07
8817,2025-10-27,28,1,88.8,0.0,8.0,399.6,106.56
8818,2025-10-28,2,6,29.2,0.0,5.9,146.0,43.8
8819,2025-10-28,16,6,97.4,0.0,4.9,487.0,146.1
8820,2025-10-28,27,1,91.6,0.0,1.6,412.2,109.92
8821,2025-10-28,22,6,64.1,0.0,8.2,320.5,96.15
8822,2025-10-28,28,2,23.2,0.0,10.2,111.36,32.48
8823,2025-10-28,27,4,30.0,0.0,5.7,174.0,57.0
8824,2025-10-28,8,5,21.1,0.0,3.9,147.7,48.53
8825,2025-10-28,10,1,57.3,0.0,5.0,257.85,68.76
8826,2025-10-28,2,1,50.6,0.0,8.1,227.7,60.72
8827,2025-10-28,24,1,63.3,0.0,9.4,284.85,75.96
8828,2025-10-28,12,3,96.6,0.0,4.1,627.9,202.86
8829,2025-10-28,19,1,32.4,0.0,4.0,145.8,38.88
8830,2025-10-28,12,1,55.5,0.0,4.5,249.75,66.6
8831,2025-10-28,23,3,27.4,0.0,1.0,178.1,57.54
8832,2025-10-28,11,4,40.9,0.0,4.1,237.22,77.71
8833,2025-10-28,4,6,25.1,0.0,4.9,125.5,37.65
8834,2025-10-28,26,5,40.6,0.0,4.3,284.2,93.38
8835,2025-10-28,18,4,75.5,28.4,3.5,273.18,143.45
8836,2025-10-28,9,5,89.9,0.0,1.5,629.3,206.77
8837,2025-10-28,14,1,21.1,0.0,8.9,94.95,25.32
8838,2025-10-28,4,4,33.9,0.0,3.5,196.62,64.41
8839,2025-10-28,18,6,97.0,0.0,3.4,485.0,145.5
8840,2025-10-29,27,3,51.1,0.0,2.4,332.15,107.31
8841,2025-10-29,12,1,69.5,0.0,8.7,312.75,83.4
8842,2025-10-29,4,6,82.8,0.0,7.4,414.0,124.2
8843,2025-10-29,30,1,52.2,0.0,7.5,234.9,62.64
8844,2025-10-29,4,1,54.5,0.0,5.5,245.25,65.4
8845,2025-10-29,16,1,88.1,0.0,6.0,396.45,105.72
8846,2025-10-29,27,6,23.2,0.0,6.5,116.0,34.8
8847,2025-10-29,9,5,66.5,0.0,5.5,465.5,152.95
8848,2025-10-29,4,2,63.8,0.0,4.8,306.24,89.32
8849,2025-10-29,10,4,98.6,0.0,1.0,571.88,187.34
8850,2025-10-29,4,4,53.3,0.0,6.6,309.14,101.27
8851,2025-10-29,29,1,76.8,0.0,4.7,345.6,92.16
8852,2025-10-29,3,4,57.2,0.0,5.0,331.76,108.68
8853,2025-10-29,30,3,22.7,0.0,10.9,147.55,47.67
8854,2025-10-29,26,6,96.2,0.0,7.7,481.0,144.3
8855,2025-10-29,24,4,95.2,0.0,7.5,552.16,180.88
8856,2025-10-29,25,5,59.6,0.0,4.1,417.2,137.08
8857,2025-10-30,29,5,52.9,0.0,7.1,370.3,121.67
8858,2025-10-30,18,4,58.4,0.0,7.1,338.72,110.96
8859,2025-10-30,11,3,67.2,0.0,7.8,436.8,141.12
8860,2025-10-30,22,6,59.7,0.0,6.7,298.5,89.55
8861,2025-10-30,4,2,70.2,0.0,7.9,336.96,98.28
8862,2025-10-30,24,2,61.7,0.0,1.4,296.16,86.38
8863,2025-10-30,20,4,46.3,0.0,11.1,268.54,87.97
8864,2025-10-30,21,5,50.5,0.0,10.4,353.5,116.15
8865,2025-10-30,27,3,25.8,0.0,5.3,167.7,54.18
8866,2025-10-30,10,6,46.7,0.0,6.8,233.5,70.05
8867,2025-10-30,18,4,34.7,0.0,7.9,201.26,65.93
8868,2025-10-30,17,6,24.0,0.0,5.6,120.0,36.0
8869,2025-10-30,25,1,77.1,0.0,10.1,346.95,92.52
8870,2025-10-30,1,4,65.6,0.0,2.3,380.48,124.64
8871,2025-10-30,29,5,22.8,0.0,5.0,159.6,52.44
8872,2025-10-30,22,4,71.4,0.0,4.3,414.12,135.66
8873,2025-10-30,26,2,67.9,0.0,3.7,325.92,95.06
8874,2025-10-30,10,6,98.9,32.5,9.1,332.0,148.35
8875,2025-10-31,30,5,43.2,0.0,9.1,302.4,99.36
8876,2025-10-31,19,1,72.8,0.0,6.6,327.6,87.36
8877,2025-10-31,3,2,76.3,0.0,4.8,366.24,106.82
8878,2025-10-31,12,2,30.4,0.0,7.4,145.92,42.56
8879,2025-10-31,14,3,46.3,0.0,1.5,300.95,97.23
8880,2025-10-31,17,2,61.4,0.0,5.4,294.72,85.96
8881,2025-10-31,13,5,92.3,0.0,6.6,646.1,212.29
8882,2025-10-31,26,3,98.7,0.0,5.1,641.55,207.27
8883,2025-10-31,26,3,82.7,0.0,4.9,537.55,173.67
8884,2025-10-31,7,2,61.2,0.0,7.0,293.76,85.68
8885,2025-10-31,21,2,36.0,0.0,5.5,172.8,50.4
8886,2025-10-31,20,3,62.7,0.0,4.0,407.55,131.67
8887,2025-10-31,15,5,57.2,0.0,7.4,400.4,131.56
8888,2025-10-31,22,3,95.4,0.0,11.9,620.1,200.34
8889,2025-10-31,29,1,27.4,0.0,6.7,123.3,32.88
8890,2025-10-31,21,1,21.5,3.0,9.3,83.25,25.8
8891,2025-10-31,19,6,42.9,0.0,12.1,214.5,64.35
8892,2025-10-31,17,6,36.5,0.0,8.4,182.5,54.75
8893,2025-10-31,12,5,69.6,0.0,7.7,487.2,160.08
8894,2025-10-31,18,1,27.8,0.0,5.1,125.1,33.36
8895,2025-10-31,17,3,98.6,0.0,4.1,640.9,207.06
8896,2025-10-31,22,2,64.1,0.0,9.4,307.68,89.74
8897,2025-10-31,22,3,65.4,0.0,3.5,425.1,137.34
8898,2025-10-31,27,6,50.5,0.0,5.2,252.5,75.75
8899,2025-10-31,18,6,89.4,0.0,7.1,447.0,134.1
8900,2025-10-31,9,6,41.5,0.0,5.7,207.5,62.25
8901,2025-10-31,21,3,22.4,0.0,5.0,145.6,47.04
8902,2025-10-31,21,1,38.5,0.0,7.8,173.25,46.2
8903,2025-10-31,7,3,31.9,0.0,7.9,207.35,66.99
8904,2025-10-31,28,5,95.1,0.0,2.3,665.7,218.73
8905,2025-10-31,18,6,42.3,0.0,6.6,211.5,63.45
8906,2025-10-31,5,4,76.5,0.0,8.2,443.7,145.35
8907,2025-10-31,19,2,80.5,0.0,-0.5,386.4,112.7
8908,2025-10-31,10,5,65.5,0.0,8.1,458.5,150.65
8909,2025-10-31,15,1,85.0,0.0,2.5,382.5,102.0
8910,2025-10-31,13,6,76.0,0.0,8.8,380.0,114.0
8911,2025-11-01,28,5,69.8,0.0,2.4,488.6,160.54
8912,2025-11-01,19,2,26.4,0.0,8.0,126.72,36.96
8913,2025-11-01,16,6,26.7,0.0,2.0,133.5,40.05
8914,2025-11-01,6,1,58.5,0.0,1.7,263.25,70.2
8915,2025-11-01,5,4,82.5,0.0,11.2,478.5,156.75
8916,2025-11-01,21,3,89.1,0.0,4.1,579.15,187.11
8917,2025-11-01,15,3,96.9,0.0,12.4,629.85,203.49
8918,2025-11-01,1,4,99.0,0.0,2.5,574.2,188.1
8919,2025-11-01,4,2,70.8,0.0,4.5,339.84,99.12
8920,2025-11-01,23,4,75.9,0.0,6.7,440.22,144.21
8921,2025-11-01,18,4,74.5,0.0,1.6,432.1,141.55
8922,2025-11-01,23,5,77.6,15.6,9.1,434.0,178.48
8923,2025-11-01,18,2,98.6,0.0,5.7,473.28,138.04
8924,2025-11-01,21,6,76.1,0.0,4.4,380.5,114.15
8925,2025-11-01,2,1,83.2,0.0,4.4,374.4,99.84
8926,2025-11-01,29,4,46.6,0.0,3.7,270.28,88.54
8927,2025-11-01,15,5,31.5,0.0,3.5,220.5,72.45
8928,2025-11-01,1,5,55.3,0.0,7.1,387.1,127.19
8929,2025-11-01,23,4,57.1,0.0,6.1,331.18,108.49
8930,2025-11-01,20,4,65.4,0.0,5.3,379.32,124.26
8931,2025-11-01,8,2,88.5,0.0,6.1,424.8,123.9
8932,2025-11-01,14,2,88.5,0.0,6.6,424.8,123.9
8933,2025-11-01,27,2,50.5,0.0,1.3,242.4,70.7
8934,2025-11-01,22,5,85.1,0.0,4.7,595.7,195.73
8935,2025-11-01,17,6,48.6,0.0,7.0,243.0,72.9
8936,2025-11-01,9,4,91.5,0.0,9.8,530.7,173.85
8937,2025-11-01,7,5,90.8,0.0,4.8,635.6,208.84
8938,2025-11-01,20,5,68.6,0.0,6.7,480.2,157.78
8939,2025-11-02,6,4,48.1,0.0,7.4,278.98,91.39
8940,2025-11-02,23,2,47.5,0.0,9.3,228.0,66.5
8941,2025-11-02,30,2,58.6,0.0,4.2,281.28,82.04
8942,2025-11-02,12,2,97.7,0.0,3.1,468.96,136.78
8943,2025-11-02,12,1,78.8,17.7,3.4,274.95,94.56
8944,2025-11-02,9,1,24.6,0.0,3.1,110.7,29.52
8945,2025-11-02,14,4,84.6,0.0,2.5,490.68,160.74
8946,2025-11-02,3,2,49.2,0.0,4.9,236.16,68.88
8947,2025-11-02,9,6,31.8,0.0,9.1,159.0,47.7
8948,2025-11-02,26,5,96.0,0.0,7.5,672.0,220.8
8949,2025-11-02,12,1,28.9,0.0,4.3,130.05,34.68
8950,2025-11-02,25,1,51.9,0.0,5.5,233.55,62.28
8951,2025-11-02,23,5,91.0,12.5,7.5,549.5,209.3
8952,2025-11-02,8,5,60.6,0.0,5.1,424.2,139.38
8953,2025-11-02,19,6,47.6,0.0,7.1,238.0,71.4
8954,2025-11-02,8,4,25.1,0.0,3.8,145.58,47.69
8955,2025-11-02,6,6,42.4,0.0,5.0,212.0,63.6
8956,2025-11-02,30,2,80.5,0.0,8.9,386.4,112.7
8957,2025-11-02,8,2,27.0,0.0,6.4,129.6,37.8
8958,2025-11-02,6,4,75.5,0.0,5.7,437.9,143.45
8959,2025-11-02,22,5,96.3,0.0,6.4,674.1,221.49
8960,2025-11-02,9,4,32.5,0.0,5.7,188.5,61.75
8961,2025-11-02,12,5,85.2,0.0,3.8,596.4,195.96
8962,2025-11-02,4,2,42.9,0.0,5.1,205.92,60.06
8963,2025-11-02,4,1,38.8,0.0,3.5,174.6,46.56
8964,2025-11-02,8,5,96.3,0.0,5.1,674.1,221.49
8965,2025-11-02,14,4,31.3,0.0,10.0,181.54,59.47
8966,2025-11-02,2,3,61.1,0.0,2.2,397.15,128.31
8967,2025-11-02,3,4,27.8,0.0,7.7,161.24,52.82
8968,2025-11-02,3,6,66.3,0.0,8.3,331.5,99.45
8969,2025-11-02,7,2,78.5,0.0,8.1,376.8,109.9
8970,2025-11-02,4,1,27.9,0.0,6.4,125.55,33.48
8971,2025-11-02,6,4,45.1,0.0,4.5,261.58,85.69
8972,2025-11-02,30,3,29.1,0.0,8.0,189.15,61.11
8973,2025-11-02,5,1,23.4,0.0,6.3,105.3,28.08
8974,2025-11-02,28,4,98.4,0.0,4.2,570.72,186.96
8975,2025-11-02,12,6,42.0,0.0,5.0,210.0,63.0
8976,2025-11-02,7,6,44.8,0.0,7.4,224.0,67.2
8977,2025-11-02,8,1,21.8,0.0,3.5,98.1,26.16
8978,2025-11-02,11,4,29.7,0.0,6.5,172.26,56.43
8979,2025-11-03,29,6,87.7,34.9,8.1,264.0,131.55
8980,2025-11-03,18,3,85.1,0.0,3.6,553.15,178.71
8981,2025-11-03,18,2,76.2,13.1,8.0,302.88,106.68
8982,2025-11-03,24,2,44.7,0.0,2.6,214.56,62.58
8983,2025-11-03,19,6,83.5,0.0,5.6,417.5,125.25
8984,2025-11-03,14,4,84.6,0.0,8.1,490.68,160.74
8985,2025-11-03,5,3,84.5,0.0,8.2,549.25,177.45
8986,2025-11-03,21,6,21.0,0.0,1.2,105.0,31.5
8987,2025-11-03,28,1,91.2,0.0,5.4,410.4,109.44
8988,2025-11-03,15,1,96.2,0.0,6.3,432.9,115.44
8989,2025-11-03,25,3,83.9,0.0,4.3,545.35,176.19
8990,2025-11-03,25,2,85.6,0.0,4.8,410.88,119.84
8991,2025-11-03,11,3,72.8,0.0,3.3,473.2,152.88
8992,2025-11-03,20,3,22.3,0.0,4.5,144.95,46.83
8993,2025-11-03,12,1,44.1,0.0,6.1,198.45,52.92
8994,2025-11-03,15,2,39.1,0.0,4.7,187.68,54.74
8995,2025-11-04,5,6,28.5,0.0,7.7,142.5,42.75
8996,2025-11-04,1,2,65.9,0.0,5.0,316.32,92.26
8997,2025-11-04,1,4,65.8,0.0,7.7,381.64,125.02
8998,2025-11-04,24,6,45.9,0.0,6.4,229.5,68.85
8999,2025-11-04,3,2,42.4,0.0,1.1,203.52,59.36
9000,2025-11-04,1,4,37.3,0.0,4.9,216.34,70.87
9001,2025-11-04,23,1,45.6,0.0,7.2,205.2,54.72
9002,2025-11-04,24,2,30.6,0.0,7.5,146.88,42.84
9003,2025-11-04,12,4,92.4,0.0,6.6,535.92,175.56
9004,2025-11-04,24,1,63.4,0.0,7.4,285.3,76.08
9005,2025-11-04,4,5,48.6,0.0,5.9,340.2,111.78
9006,2025-11-04,25,6,90.1,0.0,3.7,450.5,135.15
9007,2025-11-04,14,5,83.1,0.0,7.1,581.7,191.13
9008,2025-11-04,3,5,31.4,0.0,7.5,219.8,72.22
9009,2025-11-04,18,6,48.1,0.0,6.4,240.5,72.15
9010,2025-11-04,15,3,70.3,24.0,6.9,300.95,147.63
9011,2025-11-04,3,6,29.0,0.0,4.5,145.0,43.5
9012,2025-11-04,5,4,96.9,0.0,5.5,562.02,184.11
9013,2025-11-04,3,5,98.9,0.0,4.2,692.3,227.47
9014,2025-11-05,1,4,88.7,0.0,8.0,514.46,168.53
9015,2025-11-05,1,6,86.1,0.0,5.6,430.5,129.15
9016,2025-11-05,23,1,54.4,0.0,2.9,244.8,65.28
9017,2025-11-05,3,1,57.2,0.0,2.9,257.4,68.64
9018,2025-11-05,2,3,73.3,0.0,2.1,476.45,153.93
9019,2025-11-05,11,5,40.3,0.0,4.4,282.1,92.69
9020,2025-11-05,15,1,31.4,0.0,5.2,141.3,37.68
9021,2025-11-05,7,5,37.3,0.0,7.4,261.1,85.79
9022,2025-11-05,21,5,65.4,0.0,7.6,457.8,150.42
9023,2025-11-05,1,3,90.9,0.0,2.5,590.85,190.89
9024,2025-11-05,27,6,29.2,0.0,5.1,146.0,43.8
9025,2025-11-05,12,1,47.7,0.0,6.9,214.65,57.24
9026,2025-11-05,8,1,39.7,0.0,2.5,178.65,47.64
9027,2025-11-05,26,6,68.2,0.0,6.2,341.0,102.3
9028,2025-11-05,27,6,75.9,0.0,10.2,379.5,113.85
9029,2025-11-05,29,3,63.6,0.0,5.5,413.4,133.56
9030,2025-11-05,19,3,21.3,0.0,5.8,138.45,44.73
9031,2025-11-05,1,2,64.2,0.0,7.9,308.16,89.88
9032,2025-11-05,4,2,88.7,0.0,3.8,425.76,124.18
9033,2025-11-05,2,3,70.1,0.0,3.7,455.65,147.21
9034,2025-11-05,26,5,68.3,0.0,5.7,478.1,157.09
9035,2025-11-05,20,3,43.9,0.0,9.0,285.35,92.19
9036,2025-11-05,4,4,47.1,0.0,4.3,273.18,89.49
9037,2025-11-05,11,4,64.7,0.0,7.7,375.26,122.93
9038,2025-11-05,10,1,22.0,0.0,6.8,99.0,26.4
9039,2025-11-05,8,2,59.6,0.0,6.3,286.08,83.44
9040,2025-11-05,22,1,45.7,0.0,4.9,205.65,54.84
9041,2025-11-05,8,5,40.8,0.0,4.7,285.6,93.84
9042,2025-11-05,15,3,63.7,0.0,2.9,414.05,133.77
9043,2025-11-05,26,6,80.7,0.0,-0.2,403.5,121.05
9044,2025-11-05,4,4,24.6,0.0,5.0,142.68,46.74
9045,2025-11-05,7,3,96.2,0.0,4.6,625.3,202.02
9046,2025-11-05,20,3,68.5,23.7,9.3,291.2,143.85
9047,2025-11-05,9,2,48.4,0.0,1.2,232.32,67.76
9048,2025-11-06,11,3,48.4,0.0,12.0,314.6,101.64
9049,2025-11-06,8,1,53.3,0.0,7.5,239.85,63.96
9050,2025-11-06,3,6,96.6,0.0,8.5,483.0,144.9
9051,2025-11-06,29,5,31.6,0.0,5.2,221.2,72.68
9052,2025-11-06,14,2,87.0,0.0,6.9,417.6,121.8
9053,2025-11-06,8,3,32.0,0.0,8.2,208.0,67.2
9054,2025-11-06,21,6,94.7,0.0,6.4,473.5,142.05
9055,2025-11-06,4,4,34.2,0.0,1.8,198.36,64.98
9056,2025-11-06,8,2,54.7,0.0,6.8,262.56,76.58
9057,2025-11-06,28,3,92.7,0.0,5.1,602.55,194.67
9058,2025-11-06,8,1,94.0,0.0,6.9,423.0,112.8
9059,2025-11-06,30,1,91.6,0.0,5.3,412.2,109.92
9060,2025-11-06,13,1,21.7,0.0,6.5,97.65,26.04
9061,2025-11-06,10,4,41.4,0.0,1.9,240.12,78.66
9062,2025-11-06,4,4,43.9,0.0,7.2,254.62,83.41
9063,2025-11-06,8,3,91.7,0.0,5.1,596.05,192.57
9064,2025-11-06,7,5,90.2,0.0,7.9,631.4,207.46
9065,2025-11-06,2,1,35.1,0.0,5.1,157.95,42.12
9066,2025-11-06,4,4,20.4,0.0,9.2,118.32,38.76
9067,2025-11-06,1,6,38.6,0.0,1.4,193.0,57.9
9068,2025-11-06,23,1,61.1,0.0,5.9,274.95,73.32
9069,2025-11-06,6,4,27.5,0.0,6.7,159.5,52.25
9070,2025-11-07,30,1,93.4,18.8,10.9,335.7,112.08
9071,2025-11-07,17,2,58.4,0.0,2.6,280.32,81.76
9072,2025-11-07,22,3,84.9,0.0,6.4,551.85,178.29
9073,2025-11-07,5,2,61.4,0.0,4.1,294.72,85.96
9074,2025-11-07,14,1,32.5,0.0,6.7,146.25,39.0
9075,2025-11-07,27,1,32.7,0.0,7.1,147.15,39.24
9076,2025-11-07,4,3,34.9,6.5,10.4,184.6,73.29
9077,2025-11-07,21,6,58.1,0.0,10.0,290.5,87.15
9078,2025-11-07,1,2,35.6,0.0,5.1,170.88,49.84
9079,2025-11-07,20,5,85.4,0.0,4.5,597.8,196.42
9080,2025-11-07,9,2,40.8,0.0,3.9,195.84,57.12
9081,2025-11-07,5,1,83.5,0.0,6.5,375.75,100.2
9082,2025-11-07,15,3,75.3,0.0,4.6,489.45,158.13
9083,2025-11-07,10,6,52.5,0.0,6.5,262.5,78.75
9084,2025-11-07,26,4,23.2,0.0,5.4,134.56,44.08
9085,2025-11-07,6,2,55.1,0.0,4.6,264.48,77.14
9086,2025-11-07,5,6,51.0,0.0,6.1,255.0,76.5
9087,2025-11-07,15,5,26.6,0.0,10.2,186.2,61.18
9088,2025-11-07,30,1,63.5,0.0,6.2,285.75,76.2
9089,2025-11-07,15,4,95.8,0.0,5.7,555.64,182.02
9090,2025-11-07,19,1,66.2,0.0,8.8,297.9,79.44
9091,2025-11-07,30,3,70.0,0.0,1.4,455.0,147.0
9092,2025-11-07,11,1,97.8,0.0,2.4,440.1,117.36
9093,2025-11-07,17,5,39.0,0.0,1.6,273.0,89.7
9094,2025-11-07,10,2,47.9,11.2,4.4,176.16,67.06
9095,2025-11-07,18,4,29.5,0.0,5.4,171.1,56.05
9096,2025-11-07,4,3,42.2,0.0,6.4,274.3,88.62
9097,2025-11-07,20,1,25.0,0.0,3.1,112.5,30.0
9098,2025-11-07,22,1,55.5,0.0,5.8,249.75,66.6
9099,2025-11-07,14,1,33.3,0.0,10.2,149.85,39.96
9100,2025-11-07,22,2,98.7,0.0,6.6,473.76,138.18
9101,2025-11-07,6,3,83.5,0.0,7.0,542.75,175.35
9102,2025-11-07,29,2,82.3,0.0,8.6,395.04,115.22
9103,2025-11-07,29,5,58.0,0.0,1.8,406.0,133.4
9104,2025-11-07,2,6,60.4,0.0,5.5,302.0,90.6
9105,2025-11-07,19,5,64.4,0.0,5.7,450.8,148.12
9106,2025-11-07,26,1,95.9,0.0,6.4,431.55,115.08
9107,2025-11-07,20,2,48.0,8.1,9.6,191.52,67.2
9108,2025-11-07,8,6,95.1,0.0,9.6,475.5,142.65
9109,2025-11-08,8,5,55.7,0.0,5.4,389.9,128.11
9110,2025-11-08,7,2,85.5,0.0,8.8,410.4,119.7
9111,2025-11-08,15,1,59.9,0.0,2.9,269.55,71.88
9112,2025-11-08,7,6,79.6,0.0,3.3,398.0,119.4
9113,2025-11-08,24,5,51.4,0.0,10.6,359.8,118.22
9114,2025-11-08,3,2,62.5,0.0,0.2,300.0,87.5
9115,2025-11-08,7,2,48.0,0.0,2.0,230.4,67.2
9116,2025-11-08,9,2,26.0,0.0,7.6,124.8,36.4
9117,2025-11-08,2,5,70.4,27.9,9.6,297.5,161.92
9118,2025-11-08,15,2,90.3,0.0,4.5,433.44,126.42
9119,2025-11-08,29,3,90.5,0.0,7.9,588.25,190.05
9120,2025-11-08,25,6,24.4,0.0,6.7,122.0,36.6
9121,2025-11-08,10,5,30.4,0.0,5.2,212.8,69.92
9122,2025-11-08,15,3,49.8,0.0,7.8,323.7,104.58
9123,2025-11-08,7,3,87.3,0.0,8.1,567.45,183.33
9124,2025-11-08,2,2,94.5,0.0,0.8,453.6,132.3
9125,2025-11-08,24,1,25.8,0.0,7.4,116.1,30.96
9126,2025-11-08,5,6,35.4,0.0,8.6,177.0,53.1
9127,2025-11-08,8,2,69.4,0.0,4.1,333.12,97.16
9128,2025-11-08,3,6,92.6,0.0,10.9,463.0,138.9
9129,2025-11-08,11,3,60.9,10.0,10.9,330.85,127.89
9130,2025-11-08,4,5,65.2,0.0,7.7,456.4,149.96
9131,2025-11-08,1,4,69.1,0.0,4.4,400.78,131.29
9132,2025-11-08,15,3,73.3,0.0,-1.3,476.45,153.93
9133,2025-11-08,5,4,99.9,0.0,11.3,579.42,189.81
9134,2025-11-08,2,4,23.2,0.0,7.8,134.56,44.08
9135,2025-11-08,24,2,29.5,0.0,2.4,141.6,41.3
9136,2025-11-08,18,1,95.7,0.0,7.8,430.65,114.84
9137,2025-11-08,15,2,68.2,0.0,4.5,327.36,95.48
9138,2025-11-08,10,5,56.3,0.0,9.3,394.1,129.49
9139,2025-11-08,3,5,57.4,0.0,7.1,401.8,132.02
9140,2025-11-08,29,3,98.4,0.0,5.5,639.6,206.64
9141,2025-11-08,27,5,61.1,0.0,6.6,427.7,140.53
9142,2025-11-08,20,4,33.4,0.0,7.7,193.72,63.46
9143,2025-11-08,20,5,51.0,0.0,2.6,357.0,117.3
9144,2025-11-08,11,6,76.2,0.0,6.3,381.0,114.3
9145,2025-11-08,30,3,54.1,0.0,2.5,351.65,113.61
9146,2025-11-08,18,3,76.1,0.0,3.3,494.65,159.81
9147,2025-11-08,24,3,39.6,0.0,7.6,257.4,83.16
9148,2025-11-08,8,5,54.5,0.0,5.5,381.5,125.35
9149,2025-11-08,1,1,81.4,0.0,12.8,366.3,97.68
9150,2025-11-08,29,4,77.6,0.0,10.6,450.08,147.44
9151,2025-11-09,29,1,98.3,0.0,5.4,442.35,117.96
9152,2025-11-09,8,6,43.0,0.0,3.2,215.0,64.5
9153,2025-11-09,25,1,88.7,0.0,6.1,399.15,106.44
9154,2025-11-09,9,6,50.4,6.9,9.4,217.5,75.6
9155,2025-11-09,10,6,52.6,0.0,7.4,263.0,78.9
9156,2025-11-09,13,1,49.6,15.0,4.7,155.7,59.52
9157,2025-11-09,3,4,71.0,0.0,8.8,411.8,134.9
9158,2025-11-09,18,4,73.6,0.0,2.0,426.88,139.84
9159,2025-11-09,26,2,57.1,0.0,7.1,274.08,79.94
9160,2025-11-09,7,4,68.4,0.0,8.3,396.72,129.96
9161,2025-11-09,9,4,73.9,0.0,9.3,428.62,140.41
9162,2025-11-09,19,2,90.9,0.0,8.1,436.32,127.26
9163,2025-11-09,15,4,23.0,0.0,9.6,133.4,43.7
9164,2025-11-09,26,1,71.4,0.0,7.1,321.3,85.68
9165,2025-11-09,13,4,70.1,0.0,6.8,406.58,133.19
9166,2025-11-09,20,2,90.3,0.0,9.1,433.44,126.42
9167,2025-11-09,21,5,40.3,0.0,5.4,282.1,92.69
9168,2025-11-09,4,3,22.9,0.0,10.3,148.85,48.09
9169,2025-11-09,16,6,54.7,0.0,7.4,273.5,82.05
9170,2025-11-09,15,3,92.4,0.0,2.0,600.6,194.04
9171,2025-11-09,8,4,93.3,0.0,4.8,541.14,177.27
9172,2025-11-09,30,4,51.8,0.0,6.4,300.44,98.42
9173,2025-11-09,22,3,20.1,0.0,4.7,130.65,42.21
9174,2025-11-09,30,5,32.0,0.0,8.3,224.0,73.6
9175,2025-11-09,4,4,31.5,0.0,7.9,182.7,59.85
9176,2025-11-09,10,3,44.2,0.0,6.0,287.3,92.82
9177,2025-11-09,17,3,45.0,0.0,3.7,292.5,94.5
9178,2025-11-09,10,5,80.7,0.0,2.1,564.9,185.61
9179,2025-11-09,22,4,42.5,0.0,6.4,246.5,80.75
9180,2025-11-09,1,3,79.6,0.0,10.5,517.4,167.16
9181,2025-11-10,13,6,39.5,0.0,0.9,197.5,59.25
9182,2025-11-10,9,3,71.8,0.0,6.0,466.7,150.78
9183,2025-11-10,18,1,48.6,0.0,10.9,218.7,58.32
9184,2025-11-10,15,4,65.4,0.0,6.8,379.32,124.26
9185,2025-11-10,27,6,71.8,0.0,9.1,359.0,107.7
9186,2025-11-10,14,3,71.2,0.0,5.0,462.8,149.52
9187,2025-11-10,14,5,30.9,6.1,9.5,173.6,71.07
9188,2025-11-10,20,5,72.4,0.0,7.1,506.8,166.52
9189,2025-11-10,18,1,93.7,0.0,6.3,421.65,112.44
9190,2025-11-10,20,5,45.8,0.0,1.9,320.6,105.34
9191,2025-11-10,20,5,35.5,0.0,3.1,248.5,81.65
9192,2025-11-10,8,2,79.8,0.0,3.7,383.04,111.72
9193,2025-11-10,6,2,75.1,0.0,1.4,360.48,105.14
9194,2025-11-10,25,4,86.0,0.0,8.5,498.8,163.4
9195,2025-11-10,7,4,80.8,0.0,4.1,468.64,153.52
9196,2025-11-10,22,3,49.1,0.0,3.5,319.15,103.11
9197,2025-11-10,21,1,82.7,0.0,3.8,372.15,99.24
9198,2025-11-10,1,3,56.1,0.0,5.2,364.65,117.81
9199,2025-11-10,29,2,69.6,0.0,7.0,334.08,97.44
9200,2025-11-10,28,5,53.8,0.0,7.2,376.6,123.74
9201,2025-11-10,26,6,38.6,0.0,6.7,193.0,57.9
9202,2025-11-10,14,2,47.7,0.0,9.8,228.96,66.78
9203,2025-11-10,7,4,61.6,0.0,3.8,357.28,117.04
9204,2025-11-10,3,6,22.4,0.0,7.6,112.0,33.6
9205,2025-11-10,18,3,48.3,0.0,-1.4,313.95,101.43
9206,2025-11-10,23,4,71.1,0.0,9.0,412.38,135.09
9207,2025-11-10,16,2,85.5,0.0,3.4,410.4,119.7
9208,2025-11-11,8,1,57.8,0.0,3.6,260.1,69.36
9209,2025-11-11,10,6,33.0,7.5,10.2,127.5,49.5
9210,2025-11-11,13,2,21.6,0.0,6.7,103.68,30.24
9211,2025-11-11,10,5,94.2,0.0,2.0,659.4,216.66
9212,2025-11-11,21,1,42.0,4.7,6.7,167.85,50.4
9213,2025-11-11,21,3,26.2,0.0,7.0,170.3,55.02
9214,2025-11-11,16,5,85.7,0.0,8.1,599.9,197.11
9215,2025-11-11,10,4,69.4,0.0,11.2,402.52,131.86
9216,2025-11-11,12,3,66.9,0.0,3.4,434.85,140.49
9217,2025-11-11,21,6,71.7,0.0,2.1,358.5,107.55
9218,2025-11-11,8,5,48.8,0.0,2.1,341.6,112.24
9219,2025-11-11,4,1,32.5,0.0,3.6,146.25,39.0
9220,2025-11-11,7,6,92.3,0.0,10.5,461.5,138.45
9221,2025-11-11,6,6,40.9,0.0,7.4,204.5,61.35
9222,2025-11-11,24,3,87.7,0.0,8.1,570.05,184.17
9223,2025-11-11,17,6,48.8,0.0,5.6,244.0,73.2
9224,2025-11-11,7,4,35.5,0.0,4.0,205.9,67.45
9225,2025-11-11,18,1,85.2,0.0,1.0,383.4,102.24
9226,2025-11-11,28,2,75.1,0.0,6.0,360.48,105.14
9227,2025-11-11,16,5,84.4,0.0,3.5,590.8,194.12
9228,2025-11-11,2,3,57.7,0.0,4.3,375.05,121.17
9229,2025-11-11,9,5,64.7,0.0,7.3,452.9,148.81
9230,2025-11-11,17,1,29.0,0.0,10.3,130.5,34.8
9231,2025-11-11,19,4,99.9,0.0,4.2,579.42,189.81
9232,2025-11-11,11,3,34.4,0.0,7.1,223.6,72.24
9233,2025-11-11,26,4,49.6,0.0,6.7,287.68,94.24
9234,2025-11-11,4,5,82.1,0.0,1.5,574.7,188.83
9235,2025-11-11,7,2,85.0,0.0,5.7,408.0,119.0
9236,2025-11-11,23,1,35.1,0.0,9.8,157.95,42.12
9237,2025-11-11,18,5,58.7,0.0,4.2,410.9,135.01
9238,2025-11-11,4,6,72.9,0.0,4.7,364.5,109.35
9239,2025-11-11,2,2,25.9,0.0,2.5,124.32,36.26
9240,2025-11-12,7,3,25.4,0.0,7.3,165.1,53.34
9241,2025-11-12,26,4,97.4,0.0,2.6,564.92,185.06
9242,2025-11-12,4,3,92.8,0.0,6.2,603.2,194.88
9243,2025-11-12,3,1,73.4,0.0,4.1,330.3,88.08
9244,2025-11-12,30,5,23.8,0.0,5.3,166.6,54.74
9245,2025-11-12,22,2,61.3,0.0,7.2,294.24,85.82
9246,2025-11-12,20,4,95.2,0.0,8.8,552.16,180.88
9247,2025-11-12,16,2,56.6,0.0,7.5,271.68,79.24
9248,2025-11-12,7,3,27.5,0.0,1.2,178.75,57.75
9249,2025-11-12,27,5,42.8,0.0,9.0,299.6,98.44
9250,2025-11-12,9,2,24.2,0.0,4.1,116.16,33.88
9251,2025-11-12,11,4,67.0,17.6,-0.1,286.52,127.3
9252,2025-11-12,9,1,53.8,5.4,6.8,217.8,64.56
9253,2025-11-12,13,1,21.1,0.0,5.7,94.95,25.32
9254,2025-11-12,22,5,28.7,0.0,7.7,200.9,66.01
9255,2025-11-12,19,2,89.5,0.0,4.5,429.6,125.3
9256,2025-11-12,2,4,55.6,0.0,4.9,322.48,105.64
9257,2025-11-12,16,2,69.6,0.0,9.0,334.08,97.44
9258,2025-11-13,28,4,53.3,15.3,2.5,220.4,101.27
9259,2025-11-13,15,1,40.3,0.0,6.5,181.35,48.36
9260,2025-11-13,10,6,90.8,0.0,6.3,454.0,136.2
9261,2025-11-13,6,6,22.2,0.0,4.6,111.0,33.3
9262,2025-11-13,22,2,96.2,0.0,8.7,461.76,134.68
9263,2025-11-13,28,3,89.8,0.0,6.9,583.7,188.58
9264,2025-11-13,10,1,60.5,0.0,8.3,272.25,72.6
9265,2025-11-13,27,5,27.6,0.0,5.8,193.2,63.48
9266,2025-11-13,28,2,77.9,0.0,4.0,373.92,109.06
9267,2025-11-13,18,4,74.3,0.0,7.5,430.94,141.17
9268,2025-11-13,25,2,62.5,0.0,10.0,300.0,87.5
9269,2025-11-13,8,5,27.2,0.0,6.1,190.4,62.56
9270,2025-11-13,11,4,47.6,16.5,7.4,180.38,90.44
9271,2025-11-13,25,6,56.0,0.0,9.4,280.0,84.0
9272,2025-11-13,15,5,31.6,0.0,4.3,221.2,72.68
9273,2025-11-13,11,4,76.1,0.0,8.6,441.38,144.59
9274,2025-11-13,7,1,55.2,0.0,5.4,248.4,66.24
9275,2025-11-13,1,1,43.2,0.0,6.2,194.4,51.84
9276,2025-11-13,18,6,74.8,0.0,6.9,374.0,112.2
9277,2025-11-13,17,3,60.9,0.0,9.6,395.85,127.89
9278,2025-11-13,28,1,92.3,0.0,8.9,415.35,110.76
9279,2025-11-14,1,2,20.9,0.0,3.2,100.32,29.26
9280,2025-11-14,2,2,94.1,0.0,4.4,451.68,131.74
9281,2025-11-14,30,3,38.5,0.0,6.3,250.25,80.85
9282,2025-11-14,9,2,51.7,0.0,4.2,248.16,72.38
9283,2025-11-14,27,3,68.8,19.3,11.0,321.75,144.48
9284,2025-11-14,6,2,89.3,0.0,3.7,428.64,125.02
9285,2025-11-14,27,2,49.7,0.0,9.1,238.56,69.58
9286,2025-11-14,7,5,42.4,0.0,3.1,296.8,97.52
9287,2025-11-14,8,3,33.1,0.0,7.4,215.15,69.51
9288,2025-11-14,17,1,67.4,0.0,4.0,303.3,80.88
9289,2025-11-14,14,1,84.5,0.0,3.6,380.25,101.4
9290,2025-11-14,30,3,26.4,0.0,8.8,171.6,55.44
9291,2025-11-14,24,1,29.6,6.3,2.6,104.85,35.52
9292,2025-11-14,30,6,49.5,0.0,7.6,247.5,74.25
9293,2025-11-14,13,3,95.1,0.0,11.5,618.15,199.71
9294,2025-11-14,26,4,45.3,0.0,8.7,262.74,86.07
9295,2025-11-14,26,5,63.6,0.0,3.0,445.2,146.28
9296,2025-11-14,27,4,42.9,0.0,4.3,248.82,81.51
9297,2025-11-14,16,3,72.2,0.0,3.7,469.3,151.62
9298,2025-11-14,18,4,50.1,0.0,2.3,290.58,95.19
9299,2025-11-14,15,5,22.8,0.0,10.1,159.6,52.44
9300,2025-11-14,10,2,90.2,0.0,2.4,432.96,126.28
9301,2025-11-15,23,1,86.5,0.0,7.7,389.25,103.8
9302,2025-11-15,23,2,96.3,0.0,9.9,462.24,134.82
9303,2025-11-15,28,3,32.5,0.0,4.7,211.25,68.25
9304,2025-11-15,16,3,40.5,0.0,6.9,263.25,85.05
9305,2025-11-15,30,3,77.5,0.0,5.0,503.75,162.75
9306,2025-11-15,4,5,61.5,0.0,5.5,430.5,141.45
9307,2025-11-15,27,1,50.4,0.0,8.6,226.8,60.48
9308,2025-11-15,23,3,65.4,15.6,10.1,323.7,137.34
9309,2025-11-15,8,6,23.8,0.0,5.9,119.0,35.7
9310,2025-11-15,16,1,31.9,6.9,2.2,112.5,38.28
9311,2025-11-15,16,6,90.6,0.0,6.2,453.0,135.9
9312,2025-11-15,24,6,65.7,0.0,7.3,328.5,98.55
9313,2025-11-15,22,6,64.5,0.0,1.7,322.5,96.75
9314,2025-11-15,26,3,92.3,0.0,5.3,599.95,193.83
9315,2025-11-15,6,4,26.8,0.0,5.8,155.44,50.92
9316,2025-11-15,28,3,85.3,0.0,8.2,554.45,179.13
9317,2025-11-15,14,3,83.4,0.0,3.9,542.1,175.14
9318,2025-11-15,27,6,46.0,0.0,8.7,230.0,69.0
9319,2025-11-15,17,5,47.4,7.6,9.1,278.6,109.02
9320,2025-11-15,13,5,33.6,0.0,6.6,235.2,77.28
9321,2025-11-15,30,2,81.6,0.0,6.9,391.68,114.24
9322,2025-11-15,3,3,78.4,0.0,5.9,509.6,164.64
9323,2025-11-15,13,5,70.9,0.0,5.9,496.3,163.07
9324,2025-11-15,27,5,78.2,16.3,11.4,433.3,179.86
9325,2025-11-15,30,5,45.6,16.8,3.2,201.6,104.88
9326,2025-11-15,29,4,41.0,0.0,4.6,237.8,77.9
9327,2025-11-15,19,4,72.5,0.0,8.9,420.5,137.75
9328,2025-11-15,20,1,65.5,0.0,8.8,294.75,78.6
9329,2025-11-15,28,5,70.5,9.4,5.5,427.7,162.15
9330,2025-11-15,23,3,56.8,0.0,5.9,369.2,119.28
9331,2025-11-15,19,2,62.0,0.0,5.4,297.6,86.8
9332,2025-11-15,15,3,20.0,0.0,6.5,130.0,42.0
9333,2025-11-15,30,5,84.4,0.0,4.1,590.8,194.12
9334,2025-11-15,15,1,82.9,0.0,2.9,373.05,99.48
9335,2025-11-15,26,3,86.7,0.0,2.2,563.55,182.07
9336,2025-11-15,3,6,55.1,0.0,3.0,275.5,82.65
9337,2025-11-15,16,5,29.1,6.6,3.0,157.5,66.93
9338,2025-11-16,17,5,46.4,0.0,5.0,324.8,106.72
9339,2025-11-16,10,4,72.5,23.5,11.7,284.2,137.75
9340,2025-11-16,28,5,87.7,0.0,6.3,613.9,201.71
9341,2025-11-16,4,1,84.8,0.0,2.9,381.6,101.76
9342,2025-11-16,28,1,86.6,30.5,9.4,252.45,103.92
9343,2025-11-16,2,5,23.9,0.0,5.6,167.3,54.97
9344,2025-11-16,20,5,34.9,0.0,4.5,244.3,80.27
9345,2025-11-16,24,1,77.2,0.0,5.0,347.4,92.64
9346,2025-11-16,26,3,84.7,22.7,5.6,403.0,177.87
9347,2025-11-16,23,5,20.3,0.0,0.6,142.1,46.69
9348,2025-11-16,3,1,22.7,0.0,7.0,102.15,27.24
9349,2025-11-16,18,5,90.8,0.0,10.3,635.6,208.84
9350,2025-11-16,25,5,52.9,0.0,5.0,370.3,121.67
9351,2025-11-16,17,4,41.6,0.0,4.5,241.28,79.04
9352,2025-11-16,25,4,88.8,0.0,5.8,515.04,168.72
9353,2025-11-16,10,6,99.8,0.0,9.8,499.0,149.7
9354,2025-11-16,19,4,78.2,0.0,5.0,453.56,148.58
9355,2025-11-16,20,6,55.3,0.0,6.6,276.5,82.95
9356,2025-11-16,21,6,52.4,0.0,8.0,262.0,78.6
9357,2025-11-16,29,6,47.2,0.0,7.1,236.0,70.8
9358,2025-11-16,12,4,71.4,0.0,4.4,414.12,135.66
9359,2025-11-16,30,4,98.7,0.0,7.7,572.46,187.53
9360,2025-11-16,6,2,70.4,0.0,7.7,337.92,98.56
9361,2025-11-16,6,3,58.2,10.1,8.1,312.65,122.22
9362,2025-11-16,19,4,64.6,0.0,7.3,374.68,122.74
9363,2025-11-16,8,6,98.7,0.0,4.8,493.5,148.05
9364,2025-11-16,17,2,57.7,0.0,3.0,276.96,80.78
9365,2025-11-16,21,4,47.3,0.0,10.8,274.34,89.87
9366,2025-11-16,8,6,41.4,0.0,7.9,207.0,62.1
9367,2025-11-16,1,4,63.9,0.0,3.9,370.62,121.41
9368,2025-11-16,6,1,73.4,0.0,7.5,330.3,88.08
9369,2025-11-16,4,2,67.8,0.0,4.6,325.44,94.92
9370,2025-11-16,17,2,24.9,0.0,5.1,119.52,34.86
9371,2025-11-16,3,3,76.4,0.0,1.7,496.6,160.44
9372,2025-11-16,9,2,30.1,0.0,9.5,144.48,42.14
9373,2025-11-16,19,4,25.6,0.0,4.9,148.48,48.64
9374,2025-11-17,13,2,57.0,0.0,4.9,273.6,79.8
9375,2025-11-17,7,4,38.9,0.0,6.3,225.62,73.91
9376,2025-11-17,20,2,94.0,0.0,5.6,451.2,131.6
9377,2025-11-17,7,1,74.9,0.0,4.6,337.05,89.88
9378,2025-11-17,9,3,92.0,0.0,7.5,598.0,193.2
9379,2025-11-17,7,2,80.5,0.0,8.8,386.4,112.7
9380,2025-11-17,21,4,64.6,0.0,7.3,374.68,122.74
9381,2025-11-17,11,6,35.2,0.0,6.5,176.0,52.8
9382,2025-11-17,12,2,92.1,0.0,5.2,442.08,128.94
9383,2025-11-17,11,6,48.4,0.0,8.0,242.0,72.6
9384,2025-11-17,30,2,92.8,0.0,5.6,445.44,129.92
9385,2025-11-17,28,6,99.2,0.0,6.1,496.0,148.8
9386,2025-11-17,23,1,28.9,0.0,9.6,130.05,34.68
9387,2025-11-17,13,5,38.1,0.0,5.2,266.7,87.63
9388,2025-11-17,7,1,71.4,0.0,6.0,321.3,85.68
9389,2025-11-17,14,1,85.6,0.0,6.9,385.2,102.72
9390,2025-11-17,14,2,59.0,0.0,6.1,283.2,82.6
9391,2025-11-17,10,4,77.4,0.0,5.7,448.92,147.06
9392,2025-11-17,6,5,21.0,0.0,6.9,147.0,48.3
9393,2025-11-17,23,3,97.3,0.0,1.3,632.45,204.33
9394,2025-11-17,3,5,75.0,0.0,7.0,525.0,172.5
9395,2025-11-17,19,3,31.9,0.0,4.3,207.35,66.99
9396,2025-11-17,15,1,86.5,0.0,6.9,389.25,103.8
9397,2025-11-17,19,6,49.6,0.0,6.9,248.0,74.4
9398,2025-11-17,30,1,41.4,0.0,8.2,186.3,49.68
9399,2025-11-18,21,6,46.2,0.0,6.2,231.0,69.3
9400,2025-11-18,30,3,49.3,0.0,6.8,320.45,103.53
9401,2025-11-18,19,4,57.5,0.0,3.4,333.5,109.25
9402,2025-11-18,16,4,30.1,0.0,1.7,174.58,57.19
9403,2025-11-18,30,4,28.4,0.0,4.4,164.72,53.96
9404,2025-11-18,10,3,94.7,0.0,9.4,615.55,198.87
9405,2025-11-18,7,3,54.8,0.0,5.6,356.2,115.08
9406,2025-11-18,15,5,66.3,0.0,8.3,464.1,152.49
9407,2025-11-18,14,2,61.9,0.0,3.6,297.12,86.66
9408,2025-11-18,4,4,51.6,0.0,4.9,299.28,98.04
9409,2025-11-18,25,5,67.6,0.0,3.0,473.2,155.48
9410,2025-11-18,27,2,43.2,0.0,3.3,207.36,60.48
9411,2025-11-18,1,3,74.1,23.3,11.6,330.2,155.61
9412,2025-11-18,29,2,78.2,0.0,5.3,375.36,109.48
9413,2025-11-18,28,2,83.1,0.0,3.1,398.88,116.34
9414,2025-11-18,25,1,47.7,0.0,2.2,214.65,57.24
9415,2025-11-18,28,4,36.5,0.0,3.7,211.7,69.35
9416,2025-11-18,26,1,24.2,0.0,2.4,108.9,29.04
9417,2025-11-18,19,5,33.6,0.0,4.5,235.2,77.28
9418,2025-11-18,4,5,44.1,0.0,6.7,308.7,101.43
9419,2025-11-18,10,3,50.1,0.0,6.4,325.65,105.21
9420,2025-11-18,2,1,88.1,0.0,4.9,396.45,105.72
9421,2025-11-18,28,4,50.1,0.0,7.4,290.58,95.19
9422,2025-11-18,21,6,50.5,0.0,3.2,252.5,75.75
9423,2025-11-18,21,3,22.8,0.0,7.6,148.2,47.88
9424,2025-11-18,21,4,65.8,0.0,12.2,381.64,125.02
9425,2025-11-18,26,4,34.8,0.0,8.0,201.84,66.12
9426,2025-11-19,10,2,56.9,0.0,8.5,273.12,79.66
9427,2025-11-19,29,2,44.6,0.0,6.6,214.08,62.44
9428,2025-11-19,30,2,60.0,0.0,5.5,288.0,84.0
9429,2025-11-19,8,1,93.5,0.0,10.3,420.75,112.2
9430,2025-11-19,11,2,78.6,0.0,6.2,377.28,110.04
9431,2025-11-19,8,3,67.6,0.0,2.0,439.4,141.96
9432,2025-11-19,5,1,66.8,0.0,7.1,300.6,80.16
9433,2025-11-19,10,4,42.4,0.0,3.6,245.92,80.56
9434,2025-11-19,18,5,39.7,0.0,7.3,277.9,91.31
9435,2025-11-19,2,1,27.9,0.0,4.6,125.55,33.48
9436,2025-11-19,14,1,95.3,0.0,3.3,428.85,114.36
9437,2025-11-19,26,3,69.9,0.0,2.7,454.35,146.79
9438,2025-11-19,29,5,67.0,0.0,7.2,469.0,154.1
9439,2025-11-19,12,6,30.5,0.0,0.9,152.5,45.75
9440,2025-11-19,14,4,27.3,0.0,6.3,158.34,51.87
9441,2025-11-19,2,4,57.8,0.0,-0.3,335.24,109.82
9442,2025-11-19,1,6,66.4,0.0,7.4,332.0,99.6
9443,2025-11-19,30,2,94.1,0.0,4.4,451.68,131.74
9444,2025-11-19,22,6,77.5,0.0,7.7,387.5,116.25
9445,2025-11-19,19,6,50.1,0.0,4.3,250.5,75.15
9446,2025-11-19,13,2,36.3,0.0,5.1,174.24,50.82
9447,2025-11-19,27,1,99.3,0.0,6.9,446.85,119.16
9448,2025-11-19,18,6,52.1,0.0,6.7,260.5,78.15
9449,2025-11-19,23,1,75.6,0.0,6.1,340.2,90.72
9450,2025-11-19,25,4,61.3,0.0,6.2,355.54,116.47
9451,2025-11-19,25,5,45.4,0.0,7.2,317.8,104.42
9452,2025-11-19,5,4,81.8,8.3,5.0,426.3,155.42
9453,2025-11-19,12,6,23.0,0.0,4.2,115.0,34.5
9454,2025-11-19,8,3,53.5,0.0,2.8,347.75,112.35
9455,2025-11-19,23,6,21.4,0.0,7.1,107.0,32.1
9456,2025-11-19,6,5,79.9,0.0,3.4,559.3,183.77
9457,2025-11-19,22,1,79.0,0.0,5.5,355.5,94.8
9458,2025-11-19,28,4,30.5,0.0,6.2,176.9,57.95
9459,2025-11-20,18,3,92.8,0.0,6.0,603.2,194.88
9460,2025-11-20,6,4,84.8,0.0,2.3,491.84,161.12
9461,2025-11-20,2,4,40.0,0.0,9.1,232.0,76.0
9462,2025-11-20,5,2,66.5,0.0,9.6,319.2,93.1
9463,2025-11-20,14,2,50.2,0.0,4.8,240.96,70.28
9464,2025-11-20,14,4,84.8,0.0,4.9,491.84,161.12
9465,2025-11-20,1,3,64.2,0.0,10.6,417.3,134.82
9466,2025-11-20,12,4,27.0,0.0,6.5,156.6,51.3
9467,2025-11-20,25,6,71.3,0.0,5.4,356.5,106.95
9468,2025-11-20,10,5,54.8,0.0,5.5,383.6,126.04
9469,2025-11-20,30,1,20.6,0.0,6.6,92.7,24.72
9470,2025-11-20,3,4,83.1,0.0,5.3,481.98,157.89
9471,2025-11-20,4,4,97.2,0.0,7.8,563.76,184.68
9472,2025-11-20,24,6,57.9,0.0,5.1,289.5,86.85
9473,2025-11-20,25,5,50.0,0.0,7.0,350.0,115.0
9474,2025-11-20,9,2,54.9,0.0,6.4,263.52,76.86
9475,2025-11-20,9,6,88.6,0.0,1.9,443.0,132.9
9476,2025-11-20,13,2,89.6,0.0,9.1,430.08,125.44
9477,2025-11-20,22,1,54.9,0.0,5.9,247.05,65.88
9478,2025-11-20,9,1,59.3,0.0,3.9,266.85,71.16
9479,2025-11-20,18,3,74.4,0.0,6.0,483.6,156.24
9480,2025-11-20,29,6,66.5,0.0,9.0,332.5,99.75
9481,2025-11-21,23,2,84.6,0.0,5.7,406.08,118.44
9482,2025-11-21,19,3,53.7,0.0,6.7,349.05,112.77
9483,2025-11-21,16,5,71.5,0.0,6.8,500.5,164.45
9484,2025-11-21,3,6,83.5,0.0,10.3,417.5,125.25
9485,2025-11-21,23,1,60.7,0.0,12.5,273.15,72.84
9486,2025-11-21,10,1,48.2,0.0,9.9,216.9,57.84
9487,2025-11-21,17,3,66.4,0.0,3.9,431.6,139.44
9488,2025-11-21,25,2,46.0,0.0,3.9,220.8,64.4
9489,2025-11-21,9,6,72.6,0.0,4.7,363.0,108.9
9490,2025-11-21,24,4,56.7,0.0,5.0,328.86,107.73
9491,2025-11-21,25,5,83.5,0.0,9.5,584.5,192.05
9492,2025-11-21,2,5,70.3,0.0,2.4,492.1,161.69
9493,2025-11-21,1,4,80.3,0.0,5.6,465.74,152.57
9494,2025-11-21,9,5,99.8,0.0,3.9,698.6,229.54
9495,2025-11-21,11,3,26.1,5.3,6.1,135.2,54.81
9496,2025-11-21,2,5,78.0,0.0,3.9,546.0,179.4
9497,2025-11-21,27,3,77.4,0.0,4.8,503.1,162.54
9498,2025-11-21,27,3,85.9,0.0,4.4,558.35,180.39
9499,2025-11-21,2,6,45.4,0.0,7.9,227.0,68.1
9500,2025-11-21,2,1,28.4,0.0,7.6,127.8,34.08
9501,2025-11-21,19,5,93.7,32.0,6.6,431.9,215.51
9502,2025-11-21,12,2,86.5,0.0,0.8,415.2,121.1
9503,2025-11-21,10,3,49.0,0.0,5.2,318.5,102.9
9504,2025-11-21,7,4,36.5,0.0,1.0,211.7,69.35
9505,2025-11-21,1,4,73.0,0.0,9.1,423.4,138.7
9506,2025-11-21,24,6,20.0,7.1,4.8,64.5,30.0
9507,2025-11-21,13,1,90.9,0.0,10.6,409.05,109.08
9508,2025-11-21,4,5,79.9,0.0,2.0,559.3,183.77
9509,2025-11-21,12,6,38.5,0.0,7.4,192.5,57.75
9510,2025-11-21,15,5,57.2,0.0,7.8,400.4,131.56
9511,2025-11-21,10,5,57.6,18.5,9.3,273.7,132.48
9512,2025-11-22,25,3,92.7,0.0,5.6,602.55,194.67
9513,2025-11-22,25,3,27.0,0.0,6.7,175.5,56.7
9514,2025-11-22,9,6,32.1,0.0,7.7,160.5,48.15
9515,2025-11-22,2,1,88.0,0.0,7.5,396.0,105.6
9516,2025-11-22,16,5,56.6,0.0,6.5,396.2,130.18
9517,2025-11-22,8,2,23.2,0.0,4.8,111.36,32.48
9518,2025-11-22,27,2,63.0,0.0,7.0,302.4,88.2
9519,2025-11-22,9,4,39.6,0.0,9.0,229.68,75.24
9520,2025-11-22,8,3,93.4,15.2,9.4,508.3,196.14
9521,2025-11-22,26,1,44.0,0.0,1.1,198.0,52.8
9522,2025-11-22,30,4,99.8,0.0,7.0,578.84,189.62
9523,2025-11-22,15,6,76.4,0.0,4.4,382.0,114.6
9524,2025-11-22,22,5,89.8,0.0,5.0,628.6,206.54
9525,2025-11-22,25,5,81.4,0.0,3.9,569.8,187.22
9526,2025-11-22,26,2,57.3,0.0,9.4,275.04,80.22
9527,2025-11-22,12,1,50.9,0.0,7.1,229.05,61.08
9528,2025-11-22,4,2,67.9,0.0,4.2,325.92,95.06
9529,2025-11-22,5,6,59.3,0.0,6.0,296.5,88.95
9530,2025-11-22,25,4,79.7,0.0,-0.3,462.26,151.43
9531,2025-11-22,22,5,94.6,0.0,6.5,662.2,217.58
9532,2025-11-22,1,2,89.2,0.0,8.3,428.16,124.88
9533,2025-11-22,4,3,69.9,0.0,7.9,454.35,146.79
9534,2025-11-22,14,2,76.2,0.0,1.4,365.76,106.68
9535,2025-11-22,30,6,76.0,11.0,4.9,325.0,114.0
9536,2025-11-22,22,4,25.2,8.5,10.3,96.86,47.88
9537,2025-11-22,25,5,76.2,0.0,4.4,533.4,175.26
9538,2025-11-22,4,5,34.9,0.0,2.8,244.3,80.27
9539,2025-11-22,20,3,38.8,0.0,7.1,252.2,81.48
9540,2025-11-22,2,6,43.1,0.0,5.8,215.5,64.65
9541,2025-11-22,5,4,36.6,0.0,8.0,212.28,69.54
9542,2025-11-22,15,1,86.9,0.0,3.8,391.05,104.28
9543,2025-11-22,5,3,47.9,0.0,3.9,311.35,100.59
9544,2025-11-22,30,6,70.1,0.0,7.1,350.5,105.15
9545,2025-11-22,17,1,93.9,0.0,7.4,422.55,112.68
9546,2025-11-22,16,4,53.1,0.0,8.3,307.98,100.89
9547,2025-11-22,3,4,79.0,22.7,5.2,326.54,150.1
9548,2025-11-22,3,3,46.0,0.0,6.2,299.0,96.6
9549,2025-11-22,23,2,78.2,0.0,1.8,375.36,109.48
9550,2025-11-22,8,6,29.5,0.0,5.9,147.5,44.25
9551,2025-11-23,15,1,21.8,0.0,4.5,98.1,26.16
9552,2025-11-23,28,1,38.6,0.0,9.3,173.7,46.32
9553,2025-11-23,17,4,61.9,0.0,4.8,359.02,117.61
9554,2025-11-23,16,6,71.1,0.0,9.0,355.5,106.65
9555,2025-11-23,28,3,48.9,0.0,6.1,317.85,102.69
9556,2025-11-23,30,3,81.1,29.9,9.6,332.8,170.31
9557,2025-11-23,9,3,41.7,0.0,7.8,271.05,87.57
9558,2025-11-23,22,6,24.1,0.0,6.0,120.5,36.15
9559,2025-11-23,29,5,38.1,0.0,5.8,266.7,87.63
9560,2025-11-23,11,2,71.9,0.0,5.6,345.12,100.66
9561,2025-11-23,23,5,75.5,0.0,6.8,528.5,173.65
9562,2025-11-23,28,2,61.1,0.0,6.8,293.28,85.54
9563,2025-11-23,18,1,74.0,0.0,-0.5,333.0,88.8
9564,2025-11-23,5,1,99.3,0.0,7.4,446.85,119.16
9565,2025-11-23,4,1,29.0,0.0,1.4,130.5,34.8
9566,2025-11-23,4,6,51.1,0.0,7.3,255.5,76.65
9567,2025-11-23,18,3,35.5,0.0,2.7,230.75,74.55
9568,2025-11-23,25,6,28.7,6.4,3.9,111.5,43.05
9569,2025-11-23,22,3,90.8,0.0,5.3,590.2,190.68
9570,2025-11-23,4,1,33.1,0.0,7.6,148.95,39.72
9571,2025-11-23,26,1,56.2,0.0,5.4,252.9,67.44
9572,2025-11-23,19,6,64.3,0.0,6.0,321.5,96.45
9573,2025-11-24,9,2,39.3,0.0,6.1,188.64,55.02
9574,2025-11-24,30,2,62.2,0.0,5.7,298.56,87.08
9575,2025-11-24,15,2,59.7,0.0,5.3,286.56,83.58
9576,2025-11-24,12,2,70.0,0.0,0.7,336.0,98.0
9577,2025-11-24,5,2,92.2,0.0,5.5,442.56,129.08
9578,2025-11-24,26,4,50.5,0.0,3.8,292.9,95.95
9579,2025-11-24,3,2,44.2,0.0,9.1,212.16,61.88
9580,2025-11-24,29,6,74.8,0.0,4.5,374.0,112.2
9581,2025-11-24,14,3,38.0,0.0,7.0,247.0,79.8
9582,2025-11-24,25,1,36.4,0.0,3.5,163.8,43.68
9583,2025-11-24,8,3,66.9,0.0,7.2,434.85,140.49
9584,2025-11-24,17,3,48.7,5.0,7.3,284.05,102.27
9585,2025-11-24,3,4,68.6,0.0,4.6,397.88,130.34
9586,2025-11-24,14,6,37.5,0.0,6.2,187.5,56.25
9587,2025-11-24,7,5,58.5,0.0,2.5,409.5,134.55
9588,2025-11-25,21,4,62.5,0.0,4.4,362.5,118.75
9589,2025-11-25,9,6,65.2,0.0,6.2,326.0,97.8
9590,2025-11-25,25,4,92.1,0.0,8.2,534.18,174.99
9591,2025-11-25,30,6,56.6,0.0,5.0,283.0,84.9
9592,2025-11-25,30,6,88.7,0.0,3.1,443.5,133.05
9593,2025-11-25,20,1,57.2,11.0,10.5,207.9,68.64
9594,2025-11-25,18,6,59.8,0.0,8.1,299.0,89.7
9595,2025-11-25,22,5,79.3,0.0,6.6,555.1,182.39
9596,2025-11-25,16,2,45.2,0.0,7.0,216.96,63.28
9597,2025-11-25,22,2,53.8,0.0,10.6,258.24,75.32
9598,2025-11-25,24,1,77.0,0.0,5.8,346.5,92.4
9599,2025-11-25,3,6,71.0,0.0,4.4,355.0,106.5
9600,2025-11-25,19,4,28.4,0.0,2.7,164.72,53.96
9601,2025-11-25,7,6,21.7,0.0,5.5,108.5,32.55
9602,2025-11-25,17,2,83.4,0.0,7.3,400.32,116.76
9603,2025-11-25,1,1,78.6,0.0,1.5,353.7,94.32
9604,2025-11-25,20,1,32.5,0.0,5.2,146.25,39.0
9605,2025-11-26,26,3,29.6,0.0,9.6,192.4,62.16
9606,2025-11-26,20,2,64.4,0.0,9.4,309.12,90.16
9607,2025-11-26,11,6,76.1,0.0,5.4,380.5,114.15
9608,2025-11-26,2,1,69.7,0.0,8.3,313.65,83.64
9609,2025-11-26,23,6,65.5,0.0,7.1,327.5,98.25
9610,2025-11-26,19,4,28.3,0.0,4.0,164.14,53.77
9611,2025-11-26,2,4,35.2,0.0,4.4,204.16,66.88
9612,2025-11-26,21,3,63.5,0.0,2.3,412.75,133.35
9613,2025-11-26,1,5,20.8,0.0,3.8,145.6,47.84
9614,2025-11-26,12,1,35.1,0.0,4.8,157.95,42.12
9615,2025-11-26,2,6,45.0,0.0,6.7,225.0,67.5
9616,2025-11-26,21,4,39.0,0.0,4.1,226.2,74.1
9617,2025-11-26,24,2,96.0,0.0,5.3,460.8,134.4
9618,2025-11-26,9,3,38.7,0.0,8.7,251.55,81.27
9619,2025-11-26,6,3,56.8,0.0,0.7,369.2,119.28
9620,2025-11-26,11,5,49.9,0.0,3.9,349.3,114.77
9621,2025-11-26,4,3,55.7,0.0,5.4,362.05,116.97
9622,2025-11-26,4,3,75.1,0.0,9.3,488.15,157.71
9623,2025-11-26,2,3,64.7,0.0,7.5,420.55,135.87
9624,2025-11-26,19,3,33.4,0.0,7.2,217.1,70.14
9625,2025-11-26,23,1,39.1,0.0,6.7,175.95,46.92
9626,2025-11-26,5,4,93.6,0.0,8.5,542.88,177.84
9627,2025-11-26,3,4,84.2,0.0,7.5,488.36,159.98
9628,2025-11-26,6,1,65.0,0.0,7.5,292.5,78.0
9629,2025-11-26,26,2,71.2,0.0,6.1,341.76,99.68
9630,2025-11-26,9,2,26.7,0.0,8.5,128.16,37.38
9631,2025-11-26,23,3,72.8,0.0,6.9,473.2,152.88
9632,2025-11-26,18,1,31.9,0.0,7.2,143.55,38.28
9633,2025-11-26,7,6,93.3,0.0,4.4,466.5,139.95
9634,2025-11-26,16,6,42.4,0.0,3.1,212.0,63.6
9635,2025-11-26,8,3,97.2,0.0,2.3,631.8,204.12
9636,2025-11-26,5,2,66.6,0.0,6.6,319.68,93.24
9637,2025-11-27,10,1,35.0,0.0,4.4,157.5,42.0
9638,2025-11-27,24,1,42.0,0.0,5.3,189.0,50.4
9639,2025-11-27,8,4,95.9,0.0,8.2,556.22,182.21
9640,2025-11-27,30,3,30.6,0.0,4.0,198.9,64.26
9641,2025-11-27,19,2,80.9,0.0,3.4,388.32,113.26
9642,2025-11-27,7,5,29.6,0.0,9.2,207.2,68.08
9643,2025-11-27,24,5,69.0,0.0,7.5,483.0,158.7
9644,2025-11-27,26,5,60.2,0.0,6.8,421.4,138.46
9645,2025-11-27,21,1,60.9,0.0,9.0,274.05,73.08
9646,2025-11-27,12,6,37.7,0.0,5.5,188.5,56.55
9647,2025-11-27,11,1,77.4,0.0,5.0,348.3,92.88
9648,2025-11-27,12,5,58.2,23.0,9.8,246.4,133.86
9649,2025-11-27,11,5,97.6,0.0,2.9,683.2,224.48
9650,2025-11-27,22,2,31.6,9.9,3.6,104.16,44.24
9651,2025-11-27,23,4,88.9,0.0,4.1,515.62,168.91
9652,2025-11-27,15,1,91.3,0.0,6.9,410.85,109.56
9653,2025-11-27,5,4,36.0,0.0,0.8,208.8,68.4
9654,2025-11-27,4,3,91.4,0.0,7.0,594.1,191.94
9655,2025-11-27,9,2,81.9,0.0,2.9,393.12,114.66
9656,2025-11-27,10,1,29.4,0.0,8.7,132.3,35.28
9657,2025-11-27,6,1,80.1,0.0,6.1,360.45,96.12
9658,2025-11-27,2,5,87.8,0.0,7.9,614.6,201.94
9659,2025-11-27,30,3,53.7,0.0,4.6,349.05,112.77
9660,2025-11-27,2,6,51.1,0.0,5.7,255.5,76.65
9661,2025-11-27,12,3,58.9,0.0,8.0,382.85,123.69
9662,2025-11-27,5,3,97.5,0.0,5.2,633.75,204.75
9663,2025-11-27,27,3,48.4,0.0,7.3,314.6,101.64
9664,2025-11-27,4,1,54.1,0.0,3.4,243.45,64.92
9665,2025-11-28,11,5,96.4,0.0,8.4,674.8,221.72
9666,2025-11-28,5,2,56.8,0.0,5.3,272.64,79.52
9667,2025-11-28,8,4,76.9,0.0,4.7,446.02,146.11
9668,2025-11-28,13,5,60.9,0.0,6.5,426.3,140.07
9669,2025-11-28,12,3,60.9,0.0,6.2,395.85,127.89
9670,2025-11-28,15,2,21.8,0.0,8.7,104.64,30.52
9671,2025-11-28,29,1,20.2,0.0,3.4,90.9,24.24
9672,2025-11-28,24,5,92.7,0.0,8.5,648.9,213.21
9673,2025-11-28,17,4,27.0,0.0,5.9,156.6,51.3
9674,2025-11-28,8,5,62.4,0.0,8.0,436.8,143.52
9675,2025-11-28,28,1,75.5,0.0,6.4,339.75,90.6
9676,2025-11-28,8,3,63.6,0.0,7.5,413.4,133.56
9677,2025-11-28,21,6,55.7,0.0,3.9,278.5,83.55
9678,2025-11-28,30,6,33.9,0.0,3.9,169.5,50.85
9679,2025-11-28,11,5,94.3,0.0,9.9,660.1,216.89
9680,2025-11-28,18,5,94.6,0.0,6.0,662.2,217.58
9681,2025-11-28,2,6,49.3,0.0,4.3,246.5,73.95
9682,2025-11-28,4,6,56.4,0.0,2.7,282.0,84.6
9683,2025-11-28,6,1,68.7,0.0,7.1,309.15,82.44
9684,2025-11-28,7,6,53.0,0.0,7.6,265.0,79.5
9685,2025-11-28,23,6,86.6,0.0,1.2,433.0,129.9
9686,2025-11-28,4,1,42.2,0.0,5.3,189.9,50.64
9687,2025-11-28,30,1,89.0,0.0,3.5,400.5,106.8
9688,2025-11-28,16,5,77.6,0.0,4.1,543.2,178.48
9689,2025-11-28,10,3,22.9,0.0,8.2,148.85,48.09
9690,2025-11-28,27,6,73.1,0.0,9.8,365.5,109.65
9691,2025-11-28,19,6,82.0,0.0,12.7,410.0,123.0
9692,2025-11-29,24,6,78.0,0.0,8.4,390.0,117.0
9693,2025-11-29,14,3,68.8,25.0,2.9,284.7,144.48
9694,2025-11-29,11,6,20.1,0.0,6.1,100.5,30.15
9695,2025-11-29,9,3,34.3,0.0,4.4,222.95,72.03
9696,2025-11-29,17,2,93.7,0.0,6.6,449.76,131.18
9697,2025-11-29,4,3,85.3,0.0,4.4,554.45,179.13
9698,2025-11-29,13,2,86.4,0.0,4.2,414.72,120.96
9699,2025-11-29,25,3,55.8,0.0,9.8,362.7,117.18
9700,2025-11-29,17,3,80.7,0.0,5.4,524.55,169.47
9701,2025-11-29,6,6,89.3,0.0,4.5,446.5,133.95
9702,2025-11-29,26,5,89.9,0.0,2.0,629.3,206.77
9703,2025-11-29,28,5,33.2,0.0,8.4,232.4,76.36
9704,2025-11-29,2,5,22.2,0.0,4.3,155.4,51.06
9705,2025-11-29,30,4,32.5,0.0,4.5,188.5,61.75
9706,2025-11-29,1,5,94.5,0.0,6.0,661.5,217.35
9707,2025-11-29,24,5,48.2,0.0,7.2,337.4,110.86
9708,2025-11-29,1,3,92.7,0.0,6.2,602.55,194.67
9709,2025-11-29,10,6,84.8,0.0,3.8,424.0,127.2
9710,2025-11-29,10,2,92.5,0.0,7.1,444.0,129.5
9711,2025-11-29,24,1,52.6,0.0,7.9,236.7,63.12
9712,2025-11-29,28,6,51.2,0.0,7.7,256.0,76.8
9713,2025-11-29,20,6,34.4,0.0,5.6,172.0,51.6
9714,2025-11-29,1,4,26.8,0.0,8.7,155.44,50.92
9715,2025-11-29,21,6,76.4,0.0,11.0,382.0,114.6
9716,2025-11-29,19,5,31.7,0.0,7.2,221.9,72.91
9717,2025-11-29,14,5,25.8,0.0,5.0,180.6,59.34
9718,2025-11-29,7,2,31.8,0.0,5.4,152.64,44.52
9719,2025-11-29,24,3,56.1,0.0,2.3,364.65,117.81
9720,2025-11-29,1,3,33.3,0.0,6.8,216.45,69.93
9721,2025-11-29,11,5,95.5,0.0,6.7,668.5,219.65
9722,2025-11-29,21,1,66.4,0.0,2.1,298.8,79.68
9723,2025-11-29,14,3,73.2,0.0,2.4,475.8,153.72
9724,2025-11-29,7,1,94.8,0.0,4.3,426.6,113.76
9725,2025-11-29,29,6,39.1,0.0,6.5,195.5,58.65
9726,2025-11-29,9,5,51.9,0.0,5.1,363.3,119.37
9727,2025-11-29,11,3,69.4,0.0,3.0,451.1,145.74
9728,2025-11-29,20,2,34.6,0.0,6.7,166.08,48.44
9729,2025-11-29,5,1,83.2,0.0,5.5,374.4,99.84
9730,2025-11-29,20,6,38.2,0.0,8.0,191.0,57.3
9731,2025-11-29,3,2,58.2,0.0,7.4,279.36,81.48
9732,2025-11-29,30,1,66.3,0.0,-0.7,298.35,79.56
9733,2025-11-29,7,1,26.2,0.0,6.7,117.9,31.44
9734,2025-11-30,7,5,78.0,0.0,4.3,546.0,179.4
9735,2025-11-30,11,5,62.2,0.0,5.0,435.4,143.06
9736,2025-11-30,3,1,52.7,0.0,5.7,237.15,63.24
9737,2025-11-30,13,6,30.9,0.0,5.0,154.5,46.35
9738,2025-11-30,28,5,81.5,23.1,9.2,408.8,187.45
9739,2025-11-30,11,4,26.6,0.0,5.3,154.28,50.54
9740,2025-11-30,27,3,46.0,12.1,8.2,220.35,96.6
9741,2025-11-30,4,5,33.5,0.0,4.8,234.5,77.05
9742,2025-11-30,17,3,93.1,0.0,5.5,605.15,195.51
9743,2025-11-30,10,2,62.1,0.0,7.2,298.08,86.94
9744,2025-11-30,30,5,54.9,0.0,8.0,384.3,126.27
9745,2025-11-30,18,5,36.1,0.0,9.0,252.7,83.03
9746,2025-11-30,18,4,25.4,0.0,7.3,147.32,48.26
9747,2025-11-30,7,2,55.6,0.0,7.5,266.88,77.84
9748,2025-11-30,22,1,53.8,0.0,5.1,242.1,64.56
9749,2025-11-30,8,5,78.1,0.0,6.1,546.7,179.63
9750,2025-11-30,13,4,87.5,0.0,6.0,507.5,166.25
9751,2025-11-30,3,3,22.0,0.0,5.6,143.0,46.2
9752,2025-11-30,18,5,95.5,0.0,5.1,668.5,219.65
9753,2025-11-30,21,2,48.1,0.0,12.9,230.88,67.34
9754,2025-11-30,30,3,69.2,0.0,6.2,449.8,145.32
9755,2025-11-30,28,1,31.1,0.0,2.5,139.95,37.32
9756,2025-11-30,28,6,65.1,0.0,5.2,325.5,97.65
9757,2025-11-30,8,4,20.7,0.0,8.4,120.06,39.33
9758,2025-11-30,20,6,47.3,0.0,3.8,236.5,70.95
9759,2025-11-30,17,6,24.8,0.0,8.9,124.0,37.2
9760,2025-11-30,2,3,90.8,0.0,5.7,590.2,190.68
9761,2025-11-30,11,5,25.7,0.0,7.5,179.9,59.11
9762,2025-11-30,17,2,22.0,0.0,1.9,105.6,30.8
9763,2025-11-30,16,4,98.6,0.0,3.6,571.88,187.34
9764,2025-11-30,24,6,97.0,0.0,7.2,485.0,145.5
9765,2025-11-30,27,6,73.9,0.0,7.9,369.5,110.85
9766,2025-11-30,12,3,34.6,0.0,9.6,224.9,72.66
9767,2025-11-30,17,5,93.2,0.0,7.5,652.4,214.36
9768,2025-11-30,23,1,31.7,0.0,5.8,142.65,38.04
9769,2025-11-30,24,5,72.5,0.0,6.9,507.5,166.75
9770,2025-11-30,12,2,64.4,0.0,3.3,309.12,90.16
9771,2025-11-30,21,2,67.6,0.0,2.1,324.48,94.64
9772,2025-11-30,19,1,73.7,0.0,2.7,331.65,88.44
9773,2025-11-30,19,5,55.5,0.0,5.7,388.5,127.65
9774,2025-11-30,13,3,62.9,0.0,3.8,408.85,132.09
9775,2025-11-30,8,1,39.4,0.0,5.7,177.3,47.28
9776,2025-11-30,1,4,92.0,0.0,3.9,533.6,174.8
9777,2025-11-30,5,1,48.3,0.0,6.3,217.35,57.96
9778,2025-11-30,13,5,63.6,0.0,7.8,445.2,146.28
9779,2025-11-30,18,1,49.2,0.0,0.3,221.4,59.04
9780,2025-11-30,16,2,79.6,0.0,6.8,382.08,111.44
9781,2025-11-30,19,3,98.1,0.0,4.8,637.65,206.01
9782,2025-12-01,11,1,83.9,0.0,5.0,377.55,100.68
9783,2025-12-01,3,5,84.7,0.0,6.3,592.9,194.81
9784,2025-12-01,21,2,44.0,0.0,8.6,211.2,61.6
9785,2025-12-01,16,1,77.4,0.0,7.6,348.3,92.88
9786,2025-12-01,4,1,93.3,0.0,9.5,419.85,111.96
9787,2025-12-01,22,6,71.1,0.0,7.2,355.5,106.65
9788,2025-12-01,15,1,35.6,0.0,9.1,160.2,42.72
9789,2025-12-01,25,3,38.4,0.0,5.1,249.6,80.64
9790,2025-12-01,6,3,82.3,0.0,7.2,534.95,172.83
9791,2025-12-01,25,6,82.1,0.0,6.2,410.5,123.15
9792,2025-12-01,5,2,45.6,0.0,6.2,218.88,63.84
9793,2025-12-01,19,3,56.6,0.0,2.7,367.9,118.86
9794,2025-12-01,5,2,43.2,0.0,4.1,207.36,60.48
9795,2025-12-01,24,1,73.5,0.0,2.3,330.75,88.2
9796,2025-12-01,20,2,33.2,0.0,4.3,159.36,46.48
9797,2025-12-01,3,2,72.3,0.0,9.6,347.04,101.22
9798,2025-12-01,6,2,36.6,0.0,4.5,175.68,51.24
9799,2025-12-01,27,6,73.0,0.0,3.3,365.0,109.5
9800,2025-12-01,11,3,61.0,0.0,8.2,396.5,128.1
9801,2025-12-01,27,3,77.0,0.0,3.5,500.5,161.7
9802,2025-12-01,27,3,40.9,0.0,6.0,265.85,85.89
9803,2025-12-01,11,4,51.2,0.0,2.6,296.96,97.28
9804,2025-12-01,10,5,69.5,0.0,2.0,486.5,159.85
9805,2025-12-01,27,6,31.1,0.0,6.2,155.5,46.65
9806,2025-12-01,18,5,73.2,0.0,10.5,512.4,168.36
9807,2025-12-02,10,1,24.0,0.0,3.7,108.0,28.8
9808,2025-12-02,3,5,27.7,0.0,4.5,193.9,63.71
9809,2025-12-02,5,4,53.6,0.0,4.0,310.88,101.84
9810,2025-12-02,16,5,67.4,0.0,4.3,471.8,155.02
9811,2025-12-02,11,2,59.8,0.0,6.1,287.04,83.72
9812,2025-12-02,13,6,71.9,0.0,3.7,359.5,107.85
9813,2025-12-02,14,1,96.7,0.0,6.4,435.15,116.04
9814,2025-12-02,18,5,27.5,0.0,9.1,192.5,63.25
9815,2025-12-02,21,1,92.4,0.0,8.6,415.8,110.88
9816,2025-12-02,10,2,81.2,0.0,9.3,389.76,113.68
9817,2025-12-02,2,4,41.1,0.0,7.0,238.38,78.09
9818,2025-12-02,14,4,55.6,14.3,5.8,239.54,105.64
9819,2025-12-02,23,1,70.9,0.0,8.7,319.05,85.08
9820,2025-12-02,18,1,23.1,0.0,6.7,103.95,27.72
9821,2025-12-02,14,6,46.0,0.0,4.3,230.0,69.0
9822,2025-12-02,12,1,80.7,0.0,6.8,363.15,96.84
9823,2025-12-02,13,4,24.5,0.0,2.0,142.1,46.55
9824,2025-12-02,18,2,70.8,0.0,3.7,339.84,99.12
9825,2025-12-03,10,1,41.0,0.0,7.5,184.5,49.2
9826,2025-12-03,26,3,44.0,0.0,6.3,286.0,92.4
9827,2025-12-03,4,1,71.2,0.0,3.1,320.4,85.44
9828,2025-12-03,3,5,75.9,0.0,3.7,531.3,174.57
9829,2025-12-03,10,6,35.4,0.0,5.2,177.0,53.1
9830,2025-12-03,9,6,77.8,0.0,3.9,389.0,116.7
9831,2025-12-03,30,6,25.4,0.0,6.7,127.0,38.1
9832,2025-12-03,7,3,51.8,0.0,7.7,336.7,108.78
9833,2025-12-03,24,3,92.3,0.0,3.6,599.95,193.83
9834,2025-12-03,8,5,62.3,14.3,7.0,336.0,143.29
9835,2025-12-03,28,1,98.6,0.0,8.8,443.7,118.32
9836,2025-12-03,9,2,55.3,0.0,5.6,265.44,77.42
9837,2025-12-03,21,1,90.3,0.0,5.6,406.35,108.36
9838,2025-12-03,4,6,33.4,0.0,2.9,167.0,50.1
9839,2025-12-03,4,6,56.9,0.0,5.9,284.5,85.35
9840,2025-12-03,12,4,40.9,0.0,7.3,237.22,77.71
9841,2025-12-03,19,1,59.4,0.0,3.4,267.3,71.28
9842,2025-12-03,20,6,89.2,0.0,4.4,446.0,133.8
9843,2025-12-03,2,5,94.1,0.0,3.2,658.7,216.43
9844,2025-12-03,25,3,99.5,0.0,4.4,646.75,208.95
9845,2025-12-03,20,6,49.3,0.0,9.7,246.5,73.95
9846,2025-12-03,18,4,46.2,0.0,6.2,267.96,87.78
9847,2025-12-03,22,5,82.3,0.0,5.7,576.1,189.29
9848,2025-12-04,6,5,23.9,0.0,7.9,167.3,54.97
9849,2025-12-04,6,3,45.5,0.0,2.9,295.75,95.55
9850,2025-12-04,1,4,47.9,0.0,5.4,277.82,91.01
9851,2025-12-04,14,4,98.8,0.0,4.7,573.04,187.72
9852,2025-12-04,17,3,73.1,0.0,5.3,475.15,153.51
9853,2025-12-04,22,1,86.6,0.0,6.2,389.7,103.92
9854,2025-12-04,22,6,98.2,0.0,3.1,491.0,147.3
9855,2025-12-04,9,2,22.5,0.0,10.5,108.0,31.5
9856,2025-12-04,8,4,86.4,26.3,9.2,348.58,164.16
9857,2025-12-04,26,4,64.8,0.0,6.6,375.84,123.12
9858,2025-12-04,12,1,28.2,0.0,3.5,126.9,33.84
9859,2025-12-04,10,5,54.8,0.0,5.8,383.6,126.04
9860,2025-12-04,13,2,46.8,0.0,2.4,224.64,65.52
9861,2025-12-04,22,1,48.9,0.0,10.1,220.05,58.68
9862,2025-12-04,6,6,65.6,0.0,6.2,328.0,98.4
9863,2025-12-04,12,4,55.3,0.0,3.4,320.74,105.07
9864,2025-12-04,19,3,74.3,0.0,3.0,482.95,156.03
9865,2025-12-04,7,1,31.5,0.0,9.0,141.75,37.8
9866,2025-12-04,27,6,32.4,0.0,3.5,162.0,48.6
9867,2025-12-04,4,6,52.2,0.0,8.5,261.0,78.3
9868,2025-12-04,28,6,57.4,0.0,5.0,287.0,86.1
9869,2025-12-04,3,1,28.6,0.0,3.0,128.7,34.32
9870,2025-12-04,20,5,57.9,0.0,5.6,405.3,133.17
9871,2025-12-05,17,1,74.6,0.0,10.8,335.7,89.52
9872,2025-12-05,27,4,31.5,0.0,1.3,182.7,59.85
9873,2025-12-05,2,4,61.1,0.0,6.8,354.38,116.09
9874,2025-12-05,8,4,31.9,0.0,8.9,185.02,60.61
9875,2025-12-05,23,3,27.5,0.0,12.7,178.75,57.75
9876,2025-12-05,30,3,97.6,0.0,7.0,634.4,204.96
9877,2025-12-05,29,2,43.0,0.0,5.8,206.4,60.2
9878,2025-12-05,28,3,92.4,0.0,8.2,600.6,194.04
9879,2025-12-05,10,4,35.8,0.0,1.6,207.64,68.02
9880,2025-12-05,13,4,28.9,0.0,3.1,167.62,54.91
9881,2025-12-05,29,1,25.1,0.0,3.9,112.95,30.12
9882,2025-12-05,9,5,51.5,0.0,5.4,360.5,118.45
9883,2025-12-05,10,3,42.2,0.0,4.6,274.3,88.62
9884,2025-12-05,15,5,60.2,0.0,3.8,421.4,138.46
9885,2025-12-05,23,3,54.4,0.0,11.3,353.6,114.24
9886,2025-12-05,7,5,86.4,0.0,7.6,604.8,198.72
9887,2025-12-05,13,1,69.0,0.0,5.4,310.5,82.8
9888,2025-12-05,25,2,24.6,0.0,1.6,118.08,34.44
9889,2025-12-05,17,3,99.3,14.8,0.9,549.25,208.53
9890,2025-12-05,9,1,31.4,0.0,7.7,141.3,37.68
9891,2025-12-05,20,1,95.9,0.0,5.8,431.55,115.08
9892,2025-12-05,3,5,30.3,0.0,7.5,212.1,69.69
9893,2025-12-05,7,3,51.1,0.0,5.7,332.15,107.31
9894,2025-12-05,12,3,87.9,0.0,3.5,571.35,184.59
9895,2025-12-05,29,4,64.1,0.0,7.0,371.78,121.79
9896,2025-12-05,30,1,61.3,0.0,7.3,275.85,73.56
9897,2025-12-05,29,6,66.1,0.0,8.0,330.5,99.15
9898,2025-12-05,28,4,24.0,0.0,5.4,139.2,45.6
9899,2025-12-05,28,4,29.4,0.0,3.3,170.52,55.86
9900,2025-12-05,27,2,53.4,0.0,3.9,256.32,74.76
9901,2025-12-05,28,1,92.7,0.0,7.5,417.15,111.24
9902,2025-12-05,6,1,34.4,0.0,7.6,154.8,41.28
9903,2025-12-05,19,1,65.6,0.0,4.4,295.2,78.72
9904,2025-12-05,30,2,66.0,0.0,3.9,316.8,92.4
9905,2025-12-05,23,6,69.6,0.0,4.3,348.0,104.4
9906,2025-12-05,27,1,50.2,0.0,3.8,225.9,60.24
9907,2025-12-05,9,5,73.7,0.0,6.9,515.9,169.51
9908,2025-12-06,15,2,25.2,0.0,7.3,120.96,35.28
9909,2025-12-06,29,4,79.9,0.0,5.2,463.42,151.81
9910,2025-12-06,29,6,36.6,0.0,5.4,183.0,54.9
9911,2025-12-06,5,2,77.7,0.0,8.5,372.96,108.78
9912,2025-12-06,6,2,65.1,0.0,3.9,312.48,91.14
9913,2025-12-06,20,3,39.5,0.0,11.6,256.75,82.95
9914,2025-12-06,24,3,27.4,0.0,1.5,178.1,57.54
9915,2025-12-06,8,5,92.4,0.0,7.1,646.8,212.52
9916,2025-12-06,25,2,90.1,0.0,5.6,432.48,126.14
9917,2025-12-06,10,1,85.4,0.0,5.3,384.3,102.48
9918,2025-12-06,26,2,66.2,0.0,8.2,317.76,92.68
9919,2025-12-06,13,1,53.9,0.0,-0.1,242.55,64.68
9920,2025-12-06,30,1,82.1,0.0,6.1,369.45,98.52
9921,2025-12-06,6,2,77.2,0.0,7.3,370.56,108.08
9922,2025-12-06,21,3,86.0,0.0,5.6,559.0,180.6
9923,2025-12-06,12,4,47.3,0.0,8.2,274.34,89.87
9924,2025-12-06,11,6,45.5,0.0,10.2,227.5,68.25
9925,2025-12-06,17,1,31.8,0.0,2.5,143.1,38.16
9926,2025-12-06,22,1,69.3,0.0,7.5,311.85,83.16
9927,2025-12-06,14,6,64.3,0.0,5.2,321.5,96.45
9928,2025-12-06,6,4,44.5,0.0,10.6,258.1,84.55
9929,2025-12-06,3,6,77.0,0.0,9.8,385.0,115.5
9930,2025-12-06,1,1,75.9,0.0,6.2,341.55,91.08
9931,2025-12-06,8,4,35.1,0.0,6.5,203.58,66.69
9932,2025-12-06,2,1,77.1,0.0,4.0,346.95,92.52
9933,2025-12-06,25,5,75.2,0.0,9.3,526.4,172.96
9934,2025-12-06,28,6,75.6,0.0,4.6,378.0,113.4
9935,2025-12-06,7,3,99.4,0.0,9.1,646.1,208.74
9936,2025-12-07,24,3,56.1,0.0,4.1,364.65,117.81
9937,2025-12-07,11,3,29.8,0.0,8.5,193.7,62.58
9938,2025-12-07,9,4,25.2,0.0,1.9,146.16,47.88
9939,2025-12-07,2,5,31.5,0.0,1.0,220.5,72.45
9940,2025-12-07,3,3,96.8,0.0,5.4,629.2,203.28
9941,2025-12-07,6,6,84.8,0.0,8.5,424.0,127.2
9942,2025-12-07,3,4,66.8,0.0,7.9,387.44,126.92
9943,2025-12-07,26,3,76.4,0.0,4.3,496.6,160.44
9944,2025-12-07,24,6,99.2,0.0,0.6,496.0,148.8
9945,2025-12-07,11,5,52.3,0.0,3.0,366.1,120.29
9946,2025-12-07,28,4,62.0,0.0,6.7,359.6,117.8
9947,2025-12-07,17,5,38.6,0.0,11.9,270.2,88.78
9948,2025-12-07,19,5,73.0,0.0,5.9,511.0,167.9
9949,2025-12-07,3,1,73.3,0.0,-0.4,329.85,87.96
9950,2025-12-07,16,5,20.1,0.0,3.4,140.7,46.23
9951,2025-12-07,30,6,74.7,0.0,4.0,373.5,112.05
9952,2025-12-07,4,3,73.3,0.0,10.0,476.45,153.93
9953,2025-12-07,10,6,88.2,0.0,4.9,441.0,132.3
9954,2025-12-07,1,2,50.9,0.0,3.7,244.32,71.26
9955,2025-12-07,22,5,44.5,0.0,6.2,311.5,102.35
9956,2025-12-07,21,1,73.6,0.0,6.9,331.2,88.32
9957,2025-12-07,8,4,56.2,0.0,6.9,325.96,106.78
9958,2025-12-07,8,4,85.7,29.7,10.4,324.8,162.83
9959,2025-12-07,30,5,86.5,0.0,5.9,605.5,198.95
9960,2025-12-07,21,6,44.0,0.0,6.3,220.0,66.0
9961,2025-12-07,17,5,26.4,0.0,5.4,184.8,60.72
9962,2025-12-07,12,6,63.2,0.0,7.7,316.0,94.8
9963,2025-12-07,7,5,51.7,0.0,3.5,361.9,118.91
9964,2025-12-07,21,4,76.6,0.0,7.2,444.28,145.54
9965,2025-12-07,13,1,69.9,0.0,5.8,314.55,83.88
9966,2025-12-07,13,6,58.0,0.0,5.2,290.0,87.0
9967,2025-12-07,1,5,88.4,0.0,9.9,618.8,203.32
9968,2025-12-07,25,4,85.3,0.0,7.7,494.74,162.07
9969,2025-12-07,13,6,79.5,0.0,4.1,397.5,119.25
9970,2025-12-08,26,3,32.0,0.0,8.8,208.0,67.2
9971,2025-12-08,29,2,70.4,0.0,8.3,337.92,98.56
9972,2025-12-08,25,4,84.5,0.0,6.3,490.1,160.55
9973,2025-12-08,26,6,79.0,0.0,4.4,395.0,118.5
9974,2025-12-08,11,6,92.5,19.5,4.0,365.0,138.75
9975,2025-12-08,29,3,46.3,0.0,5.5,300.95,97.23
9976,2025-12-08,7,5,74.3,0.0,6.2,520.1,170.89
9977,2025-12-08,20,1,40.1,0.0,2.7,180.45,48.12
9978,2025-12-08,8,4,27.7,0.0,2.6,160.66,52.63
9979,2025-12-08,6,6,55.7,0.0,4.3,278.5,83.55
9980,2025-12-08,15,6,44.9,0.0,6.0,224.5,67.35
9981,2025-12-08,7,2,66.5,0.0,5.8,319.2,93.1
9982,2025-12-08,29,5,55.2,0.0,8.3,386.4,126.96
9983,2025-12-08,3,4,46.8,0.0,2.8,271.44,88.92
9984,2025-12-08,20,3,83.1,0.0,5.6,540.15,174.51
9985,2025-12-08,16,1,54.9,0.0,8.1,247.05,65.88
9986,2025-12-08,2,1,70.5,0.0,2.9,317.25,84.6
9987,2025-12-08,16,4,21.2,0.0,5.9,122.96,40.28
9988,2025-12-08,27,3,69.9,0.0,1.8,454.35,146.79
9989,2025-12-08,9,6,84.6,0.0,9.9,423.0,126.9
9990,2025-12-08,24,4,85.0,0.0,6.0,493.0,161.5
9991,2025-12-08,23,2,42.8,0.0,13.0,205.44,59.92
9992,2025-12-08,3,2,92.7,0.0,4.2,444.96,129.78
9993,2025-12-08,28,6,30.8,0.0,4.3,154.0,46.2
9994,2025-12-08,21,4,32.0,0.0,1.6,185.6,60.8
9995,2025-12-08,23,4,97.9,0.0,7.9,567.82,186.01
9996,2025-12-08,18,6,24.7,0.0,8.4,123.5,37.05
9997,2025-12-08,28,2,62.6,0.0,4.5,300.48,87.64
9998,2025-12-09,22,6,66.8,0.0,3.2,334.0,100.2
9999,2025-12-09,21,6,52.4,0.0,2.2,262.0,78.6
10000,2025-12-09,9,5,78.6,0.0,-1.5,550.2,180.78
10001,2025-12-09,5,4,33.0,0.0,5.7,191.4,62.7
10002,2025-12-09,7,1,30.5,0.0,8.6,137.25,36.6
10003,2025-12-09,7,6,63.5,10.3,12.8,266.0,95.25
10004,2025-12-09,30,3,62.3,0.0,8.5,404.95,130.83
10005,2025-12-09,30,5,89.5,0.0,-1.1,626.5,205.85
10006,2025-12-09,2,6,31.2,0.0,3.9,156.0,46.8
10007,2025-12-09,29,1,62.6,0.0,7.1,281.7,75.12
10008,2025-12-09,7,4,56.6,0.0,6.5,328.28,107.54
10009,2025-12-09,27,1,66.9,0.0,4.9,301.05,80.28
10010,2025-12-09,22,5,62.3,0.0,5.3,436.1,143.29
10011,2025-12-09,11,4,50.1,0.0,7.6,290.58,95.19
10012,2025-12-09,2,6,63.4,0.0,3.3,317.0,95.1
10013,2025-12-09,1,5,95.0,0.0,5.4,665.0,218.5
10014,2025-12-10,10,3,41.5,0.0,3.5,269.75,87.15
10015,2025-12-10,8,1,92.6,0.0,8.4,416.7,111.12
10016,2025-12-10,20,2,49.8,0.0,0.9,239.04,69.72
10017,2025-12-10,24,4,49.0,0.0,4.0,284.2,93.1
10018,2025-12-10,30,1,49.0,0.0,8.0,220.5,58.8
10019,2025-12-10,10,1,66.3,0.0,7.9,298.35,79.56
10020,2025-12-10,13,6,83.8,0.0,7.1,419.0,125.7
10021,2025-12-10,14,2,65.8,0.0,6.0,315.84,92.12
10022,2025-12-10,23,6,27.1,0.0,0.3,135.5,40.65
10023,2025-12-10,24,4,42.5,0.0,7.1,246.5,80.75
10024,2025-12-10,3,2,39.6,0.0,8.8,190.08,55.44
10025,2025-12-10,15,2,84.6,0.0,1.4,406.08,118.44
10026,2025-12-10,23,1,33.9,0.0,8.7,152.55,40.68
10027,2025-12-10,3,2,35.9,0.0,5.9,172.32,50.26
10028,2025-12-10,24,5,25.7,0.0,6.8,179.9,59.11
10029,2025-12-11,12,1,80.4,0.0,7.6,361.8,96.48
10030,2025-12-11,28,1,50.9,0.0,9.4,229.05,61.08
10031,2025-12-11,16,6,50.7,0.0,8.8,253.5,76.05
10032,2025-12-11,21,2,25.3,0.0,4.3,121.44,35.42
10033,2025-12-11,13,5,85.6,0.0,6.9,599.2,196.88
10034,2025-12-11,6,3,99.5,0.0,4.8,646.75,208.95
10035,2025-12-11,29,4,92.2,0.0,5.3,534.76,175.18
10036,2025-12-11,13,5,75.7,0.0,8.7,529.9,174.11
10037,2025-12-11,10,3,57.3,0.0,4.4,372.45,120.33
10038,2025-12-11,6,2,32.7,9.6,12.1,110.88,45.78
10039,2025-12-11,11,2,72.3,0.0,9.4,347.04,101.22
10040,2025-12-11,27,4,59.4,0.0,7.9,344.52,112.86
10041,2025-12-11,26,1,25.2,0.0,11.5,113.4,30.24
10042,2025-12-11,24,5,79.5,0.0,4.7,556.5,182.85
10043,2025-12-11,14,2,24.1,0.0,6.1,115.68,33.74
10044,2025-12-11,6,4,26.7,0.0,11.3,154.86,50.73
10045,2025-12-11,4,2,68.7,0.0,2.7,329.76,96.18
10046,2025-12-11,11,1,29.5,0.0,-0.3,132.75,35.4
10047,2025-12-11,12,4,43.2,0.0,6.0,250.56,82.08
10048,2025-12-12,22,1,62.5,0.0,6.8,281.25,75.0
10049,2025-12-12,28,1,20.8,0.0,6.0,93.6,24.96
10050,2025-12-12,26,3,62.4,0.0,3.1,405.6,131.04
10051,2025-12-12,13,4,47.5,0.0,5.0,275.5,90.25
10052,2025-12-12,20,2,85.7,0.0,4.9,411.36,119.98
10053,2025-12-12,18,2,26.0,0.0,13.2,124.8,36.4
10054,2025-12-12,6,6,63.8,0.0,4.7,319.0,95.7
10055,2025-12-12,16,1,52.8,0.0,3.3,237.6,63.36
10056,2025-12-12,30,4,29.7,0.0,4.0,172.26,56.43
10057,2025-12-12,25,1,89.2,0.0,6.1,401.4,107.04
10058,2025-12-12,30,3,25.9,0.0,5.2,168.35,54.39
10059,2025-12-12,4,6,51.7,0.0,10.7,258.5,77.55
10060,2025-12-12,11,1,60.4,0.0,3.0,271.8,72.48
10061,2025-12-12,1,2,23.3,0.0,7.0,111.84,32.62
10062,2025-12-12,1,5,97.3,0.0,6.2,681.1,223.79
10063,2025-12-12,9,3,51.7,0.0,12.1,336.05,108.57
10064,2025-12-12,13,6,70.5,0.0,3.0,352.5,105.75
10065,2025-12-12,24,2,22.1,0.0,5.5,106.08,30.94
10066,2025-12-12,8,2,99.3,0.0,6.0,476.64,139.02
10067,2025-12-12,19,6,47.2,0.0,4.7,236.0,70.8
10068,2025-12-12,29,4,83.5,0.0,2.3,484.3,158.65
10069,2025-12-12,29,5,29.3,0.0,7.5,205.1,67.39
10070,2025-12-12,8,1,49.3,0.0,5.5,221.85,59.16
10071,2025-12-12,22,1,48.1,0.0,1.2,216.45,57.72
10072,2025-12-12,25,2,25.4,0.0,5.1,121.92,35.56
10073,2025-12-12,20,2,45.2,0.0,8.9,216.96,63.28
10074,2025-12-12,12,3,53.7,0.0,6.5,349.05,112.77
10075,2025-12-12,2,3,32.2,0.0,2.0,209.3,67.62
10076,2025-12-12,16,2,51.1,0.0,4.9,245.28,71.54
10077,2025-12-12,4,2,63.2,0.0,4.4,303.36,88.48
10078,2025-12-12,14,6,37.7,0.0,5.3,188.5,56.55
10079,2025-12-12,19,4,92.1,0.0,4.6,534.18,174.99
10080,2025-12-12,2,4,44.0,0.0,7.2,255.2,83.6
10081,2025-12-12,3,2,32.2,0.0,3.8,154.56,45.08
10082,2025-12-12,8,2,58.6,12.5,13.4,221.28,82.04
10083,2025-12-12,21,4,79.8,0.0,5.1,462.84,151.62
10084,2025-12-13,4,3,23.7,0.0,7.7,154.05,49.77
10085,2025-12-13,5,1,79.6,0.0,4.5,358.2,95.52
10086,2025-12-13,28,1,51.0,0.0,6.7,229.5,61.2
10087,2025-12-13,14,3,52.4,0.0,8.1,340.6,110.04
10088,2025-12-13,4,2,78.1,0.0,5.6,374.88,109.34
10089,2025-12-13,27,6,81.4,0.0,4.8,407.0,122.1
10090,2025-12-13,17,6,89.7,0.0,9.1,448.5,134.55
10091,2025-12-13,8,5,78.6,0.0,7.0,550.2,180.78
10092,2025-12-13,8,4,49.6,0.0,8.1,287.68,94.24
10093,2025-12-13,2,6,67.2,0.0,3.4,336.0,100.8
10094,2025-12-13,16,4,66.5,0.0,-0.3,385.7,126.35
10095,2025-12-13,13,2,81.8,0.0,5.0,392.64,114.52
10096,2025-12-13,4,6,50.5,0.0,9.0,252.5,75.75
10097,2025-12-13,5,6,65.0,0.0,3.5,325.0,97.5
10098,2025-12-13,2,2,36.3,0.0,2.7,174.24,50.82
10099,2025-12-13,18,3,94.4,0.0,2.4,613.6,198.24
10100,2025-12-13,4,5,42.1,0.0,6.6,294.7,96.83
10101,2025-12-13,28,1,98.4,0.0,5.3,442.8,118.08
10102,2025-12-13,18,1,97.0,0.0,9.0,436.5,116.4
10103,2025-12-13,7,3,99.0,0.0,4.2,643.5,207.9
10104,2025-12-13,12,6,56.9,15.7,10.8,206.0,85.35
10105,2025-12-13,20,2,42.4,0.0,6.8,203.52,59.36
10106,2025-12-13,11,3,67.7,0.0,5.3,440.05,142.17
10107,2025-12-13,9,6,96.2,0.0,4.9,481.0,144.3
10108,2025-12-13,16,4,62.6,0.0,7.9,363.08,118.94
10109,2025-12-13,22,3,34.0,0.0,6.0,221.0,71.4
10110,2025-12-13,16,5,71.3,0.0,8.6,499.1,163.99
10111,2025-12-13,16,6,66.2,0.0,7.1,331.0,99.3
10112,2025-12-13,9,6,68.5,0.0,3.0,342.5,102.75
10113,2025-12-13,19,4,87.0,25.9,11.3,354.38,165.3
10114,2025-12-13,13,5,55.5,0.0,3.7,388.5,127.65
10115,2025-12-14,28,3,32.4,0.0,4.0,210.6,68.04
10116,2025-12-14,27,4,77.2,0.0,1.3,447.76,146.68
10117,2025-12-14,6,2,67.2,0.0,7.2,322.56,94.08
10118,2025-12-14,1,1,22.2,0.0,7.5,99.9,26.64
10119,2025-12-14,20,4,61.6,0.0,5.2,357.28,117.04
10120,2025-12-14,27,6,76.6,0.0,6.0,383.0,114.9
10121,2025-12-14,13,3,34.8,0.0,4.2,226.2,73.08
10122,2025-12-14,20,2,60.2,0.0,9.8,288.96,84.28
10123,2025-12-14,3,2,98.0,0.0,8.1,470.4,137.2
10124,2025-12-14,1,6,68.7,11.8,2.9,284.5,103.05
10125,2025-12-14,7,1,20.1,0.0,5.6,90.45,24.12
10126,2025-12-14,28,5,21.5,0.0,6.2,150.5,49.45
10127,2025-12-14,8,6,44.7,0.0,5.4,223.5,67.05
10128,2025-12-14,2,5,92.8,0.0,6.2,649.6,213.44
10129,2025-12-14,8,3,45.1,0.0,5.4,293.15,94.71
10130,2025-12-14,21,4,60.2,0.0,8.2,349.16,114.38
10131,2025-12-14,9,5,93.6,0.0,3.8,655.2,215.28
10132,2025-12-14,8,3,62.7,0.0,4.6,407.55,131.67
10133,2025-12-14,6,4,44.5,0.0,2.9,258.1,84.55
10134,2025-12-14,9,3,89.5,0.0,11.1,581.75,187.95
10135,2025-12-14,21,6,89.5,0.0,5.5,447.5,134.25
10136,2025-12-14,18,4,42.4,0.0,4.5,245.92,80.56
10137,2025-12-14,25,4,77.2,0.0,5.2,447.76,146.68
10138,2025-12-14,23,3,65.4,0.0,5.2,425.1,137.34
10139,2025-12-14,24,2,97.8,0.0,4.4,469.44,136.92
10140,2025-12-14,30,2,86.5,0.0,9.7,415.2,121.1
10141,2025-12-14,11,1,56.9,0.0,0.8,256.05,68.28
10142,2025-12-14,5,2,65.6,0.0,8.9,314.88,91.84
10143,2025-12-14,10,5,69.5,0.0,2.7,486.5,159.85
10144,2025-12-14,9,5,45.7,0.0,5.7,319.9,105.11
10145,2025-12-14,13,6,80.3,0.0,9.8,401.5,120.45
10146,2025-12-14,15,6,49.4,0.0,4.9,247.0,74.1
10147,2025-12-14,9,2,39.8,0.0,6.5,191.04,55.72
10148,2025-12-14,16,1,45.2,0.0,9.4,203.4,54.24
10149,2025-12-14,19,6,84.7,0.0,9.7,423.5,127.05
10150,2025-12-14,9,4,31.5,0.0,5.8,182.7,59.85
10151,2025-12-14,29,3,64.5,0.0,4.2,419.25,135.45
10152,2025-12-14,28,4,33.0,0.0,7.0,191.4,62.7
10153,2025-12-14,6,4,45.2,0.0,4.6,262.16,85.88
10154,2025-12-14,12,4,52.8,0.0,2.1,306.24,100.32
10155,2025-12-14,15,3,74.7,0.0,5.0,485.55,156.87
10156,2025-12-14,13,5,21.9,0.0,10.1,153.3,50.37
10157,2025-12-14,1,5,53.1,0.0,6.7,371.7,122.13
10158,2025-12-14,7,3,84.7,0.0,6.7,550.55,177.87
10159,2025-12-14,13,2,21.9,0.0,6.7,105.12,30.66
10160,2025-12-14,30,3,55.7,0.0,2.3,362.05,116.97
10161,2025-12-15,27,4,21.7,0.0,3.9,125.86,41.23
10162,2025-12-15,16,3,61.4,0.0,3.9,399.1,128.94
10163,2025-12-15,7,1,89.6,0.0,1.3,403.2,107.52
10164,2025-12-15,20,1,44.2,0.0,6.7,198.9,53.04
10165,2025-12-15,12,4,92.2,0.0,8.1,534.76,175.18
10166,2025-12-15,2,3,54.8,0.0,4.4,356.2,115.08
10167,2025-12-15,16,3,78.2,0.0,5.8,508.3,164.22
10168,2025-12-15,26,5,66.4,0.0,8.8,464.8,152.72
10169,2025-12-15,14,5,75.8,0.0,5.7,530.6,174.34
10170,2025-12-15,11,3,59.5,0.0,2.5,386.75,124.95
10171,2025-12-15,1,6,46.0,0.0,11.2,230.0,69.0
10172,2025-12-15,26,5,38.4,0.0,3.3,268.8,88.32
10173,2025-12-15,30,2,26.4,0.0,2.4,126.72,36.96
10174,2025-12-15,26,5,63.5,0.0,6.9,444.5,146.05
10175,2025-12-15,16,2,84.6,0.0,5.3,406.08,118.44
10176,2025-12-16,13,5,87.5,0.0,6.0,612.5,201.25
10177,2025-12-16,9,2,57.2,0.0,5.7,274.56,80.08
10178,2025-12-16,7,4,34.0,0.0,5.3,197.2,64.6
10179,2025-12-16,30,1,99.2,0.0,6.0,446.4,119.04
10180,2025-12-16,4,5,43.1,0.0,5.9,301.7,99.13
10181,2025-12-16,6,3,93.0,0.0,6.9,604.5,195.3
10182,2025-12-16,28,6,41.3,0.0,4.1,206.5,61.95
10183,2025-12-16,29,5,62.3,0.0,8.5,436.1,143.29
10184,2025-12-16,12,4,80.3,0.0,8.0,465.74,152.57
10185,2025-12-16,6,5,68.6,0.0,6.4,480.2,157.78
10186,2025-12-16,7,6,58.0,0.0,11.8,290.0,87.0
10187,2025-12-16,21,3,32.1,0.0,8.5,208.65,67.41
10188,2025-12-16,18,4,97.3,0.0,6.3,564.34,184.87
10189,2025-12-16,22,6,83.2,0.0,2.8,416.0,124.8
10190,2025-12-16,26,6,49.3,0.0,6.3,246.5,73.95
10191,2025-12-16,17,5,73.9,0.0,6.7,517.3,169.97
10192,2025-12-16,4,6,55.3,0.0,5.7,276.5,82.95
10193,2025-12-16,6,6,81.2,0.0,4.7,406.0,121.8
10194,2025-12-16,7,3,59.6,0.0,8.2,387.4,125.16
10195,2025-12-16,8,4,82.0,0.0,6.6,475.6,155.8
10196,2025-12-16,5,1,91.4,0.0,8.4,411.3,109.68
10197,2025-12-16,16,5,87.3,0.0,2.0,611.1,200.79
10198,2025-12-16,12,4,62.5,0.0,4.4,362.5,118.75
10199,2025-12-16,7,6,43.1,0.0,4.4,215.5,64.65
10200,2025-12-16,14,5,82.6,0.0,3.6,578.2,189.98
10201,2025-12-16,27,5,87.4,0.0,9.8,611.8,201.02
10202,2025-12-16,9,4,79.6,0.0,9.2,461.68,151.24
10203,2025-12-16,7,3,36.9,0.0,5.9,239.85,77.49
10204,2025-12-16,24,2,33.7,0.0,5.7,161.76,47.18
10205,2025-12-16,18,4,90.9,0.0,5.9,527.22,172.71
10206,2025-12-16,8,2,93.3,0.0,6.0,447.84,130.62
10207,2025-12-16,11,6,58.0,0.0,4.9,290.0,87.0
10208,2025-12-17,28,2,20.5,0.0,7.2,98.4,28.7
10209,2025-12-17,2,3,82.7,0.0,1.4,537.55,173.67
10210,2025-12-17,8,2,71.6,0.0,8.2,343.68,100.24
10211,2025-12-17,21,6,72.5,0.0,3.6,362.5,108.75
10212,2025-12-17,24,3,77.9,0.0,1.9,506.35,163.59
10213,2025-12-17,4,4,32.0,0.0,6.9,185.6,60.8
10214,2025-12-17,20,2,87.7,0.0,5.9,420.96,122.78
10215,2025-12-17,20,4,48.8,0.0,7.9,283.04,92.72
10216,2025-12-17,4,4,92.6,0.0,6.5,537.08,175.94
10217,2025-12-17,27,4,55.5,0.0,5.2,321.9,105.45
10218,2025-12-17,14,1,85.7,30.5,9.1,248.4,102.84
10219,2025-12-17,20,6,29.5,0.0,7.8,147.5,44.25
10220,2025-12-17,23,5,88.1,0.0,6.2,616.7,202.63
10221,2025-12-17,26,4,72.0,0.0,7.5,417.6,136.8
10222,2025-12-17,15,2,26.7,0.0,9.3,128.16,37.38
10223,2025-12-17,22,6,21.7,0.0,7.3,108.5,32.55
10224,2025-12-18,13,3,97.7,22.0,12.1,492.05,205.17
10225,2025-12-18,19,6,69.1,0.0,1.8,345.5,103.65
10226,2025-12-18,12,6,58.2,0.0,3.9,291.0,87.3
10227,2025-12-18,15,1,93.5,0.0,7.9,420.75,112.2
10228,2025-12-18,3,6,45.4,0.0,7.2,227.0,68.1
10229,2025-12-18,7,6,67.8,0.0,6.4,339.0,101.7
10230,2025-12-18,2,4,55.1,0.0,3.9,319.58,104.69
10231,2025-12-18,14,3,49.5,0.0,7.5,321.75,103.95
10232,2025-12-18,7,1,73.2,0.0,7.9,329.4,87.84
10233,2025-12-18,10,5,42.9,0.0,7.4,300.3,98.67
10234,2025-12-18,28,2,65.4,0.0,12.1,313.92,91.56
10235,2025-12-18,29,2,84.7,0.0,4.7,406.56,118.58
10236,2025-12-18,11,6,69.0,0.0,6.3,345.0,103.5
10237,2025-12-18,7,5,20.8,0.0,6.3,145.6,47.84
10238,2025-12-18,11,3,29.1,0.0,-1.3,189.15,61.11
10239,2025-12-18,12,6,94.8,0.0,8.5,474.0,142.2
10240,2025-12-18,18,5,91.5,0.0,3.7,640.5,210.45
10241,2025-12-18,13,6,57.1,0.0,5.4,285.5,85.65
10242,2025-12-18,5,1,83.6,0.0,4.2,376.2,100.32
10243,2025-12-18,7,4,24.5,0.0,9.2,142.1,46.55
10244,2025-12-18,11,3,73.7,0.0,7.3,479.05,154.77
10245,2025-12-18,22,3,39.6,5.9,4.5,219.05,83.16
10246,2025-12-19,17,5,78.0,0.0,8.5,546.0,179.4
10247,2025-12-19,11,1,58.6,0.0,2.5,263.7,70.32
10248,2025-12-19,15,4,45.6,0.0,8.0,264.48,86.64
10249,2025-12-19,6,2,58.5,0.0,8.2,280.8,81.9
10250,2025-12-19,19,3,46.9,0.0,6.8,304.85,98.49
10251,2025-12-19,24,6,84.6,0.0,4.2,423.0,126.9
10252,2025-12-19,7,3,96.2,0.0,4.7,625.3,202.02
10253,2025-12-19,15,6,76.5,0.0,5.1,382.5,114.75
10254,2025-12-19,14,4,76.3,0.0,2.8,442.54,144.97
10255,2025-12-19,12,2,45.5,0.0,4.2,218.4,63.7
10256,2025-12-19,10,1,37.1,0.0,10.7,166.95,44.52
10257,2025-12-19,1,1,22.4,0.0,3.0,100.8,26.88
10258,2025-12-19,30,4,55.5,0.0,2.5,321.9,105.45
10259,2025-12-19,9,6,49.7,0.0,6.4,248.5,74.55
10260,2025-12-19,2,3,87.3,0.0,4.3,567.45,183.33
10261,2025-12-19,15,6,74.9,0.0,6.5,374.5,112.35
10262,2025-12-19,11,4,44.0,0.0,9.8,255.2,83.6
10263,2025-12-19,11,6,75.5,0.0,9.1,377.5,113.25
10264,2025-12-19,27,3,57.8,0.0,8.9,375.7,121.38
10265,2025-12-19,23,3,24.1,0.0,3.4,156.65,50.61
10266,2025-12-19,10,5,24.3,0.0,2.6,170.1,55.89
10267,2025-12-19,18,4,63.4,0.0,8.0,367.72,120.46
10268,2025-12-19,2,5,98.5,0.0,5.2,689.5,226.55
10269,2025-12-19,30,6,40.9,15.8,10.9,125.5,61.35
10270,2025-12-19,29,2,83.2,0.0,1.5,399.36,116.48
10271,2025-12-19,20,1,50.7,0.0,8.4,228.15,60.84
10272,2025-12-19,10,6,35.3,0.0,6.4,176.5,52.95
10273,2025-12-19,11,3,71.3,0.0,7.1,463.45,149.73
10274,2025-12-19,21,4,20.5,0.0,3.1,118.9,38.95
10275,2025-12-19,15,3,76.7,0.0,9.1,498.55,161.07
10276,2025-12-19,18,1,32.5,0.0,3.5,146.25,39.0
10277,2025-12-19,16,3,29.6,0.0,6.4,192.4,62.16
10278,2025-12-19,30,2,43.9,0.0,5.7,210.72,61.46
10279,2025-12-19,23,3,65.3,0.0,6.1,424.45,137.13
10280,2025-12-19,13,2,31.7,0.0,2.9,152.16,44.38
10281,2025-12-19,4,1,91.1,0.0,7.3,409.95,109.32
10282,2025-12-19,27,2,82.6,0.0,7.6,396.48,115.64
10283,2025-12-19,24,2,29.8,0.0,6.3,143.04,41.72
10284,2025-12-19,2,6,42.5,0.0,5.8,212.5,63.75
10285,2025-12-19,29,2,71.4,0.0,4.9,342.72,99.96
10286,2025-12-19,13,3,91.4,0.0,3.6,594.1,191.94
10287,2025-12-19,27,3,70.1,0.0,6.6,455.65,147.21
10288,2025-12-20,17,4,50.3,7.1,10.3,250.56,95.57
10289,2025-12-20,5,3,56.8,0.0,8.2,369.2,119.28
10290,2025-12-20,26,5,76.7,0.0,6.9,536.9,176.41
10291,2025-12-20,30,2,90.8,0.0,6.6,435.84,127.12
10292,2025-12-20,10,4,29.7,0.0,4.6,172.26,56.43
10293,2025-12-20,8,3,98.8,0.0,1.8,642.2,207.48
10294,2025-12-20,3,2,48.9,0.0,4.1,234.72,68.46
10295,2025-12-20,20,1,55.4,0.0,11.7,249.3,66.48
10296,2025-12-20,8,4,81.9,0.0,10.6,475.02,155.61
10297,2025-12-20,19,4,50.2,0.0,1.7,291.16,95.38
10298,2025-12-20,1,4,84.1,0.0,7.5,487.78,159.79
10299,2025-12-20,5,5,69.0,0.0,7.2,483.0,158.7
10300,2025-12-20,12,6,51.1,0.0,6.9,255.5,76.65
10301,2025-12-20,28,4,95.0,0.0,5.4,551.0,180.5
10302,2025-12-20,25,6,77.5,0.0,7.7,387.5,116.25
10303,2025-12-20,29,3,62.4,0.0,10.3,405.6,131.04
10304,2025-12-20,2,2,52.3,0.0,4.3,251.04,73.22
10305,2025-12-20,20,1,89.9,0.0,5.7,404.55,107.88
10306,2025-12-20,2,4,48.3,0.0,5.6,280.14,91.77
10307,2025-12-20,15,1,76.0,0.0,2.5,342.0,91.2
10308,2025-12-20,3,4,51.6,0.0,10.9,299.28,98.04
10309,2025-12-20,1,2,46.0,0.0,5.6,220.8,64.4
10310,2025-12-20,21,4,66.7,0.0,8.4,386.86,126.73
10311,2025-12-20,12,6,68.5,0.0,3.8,342.5,102.75
10312,2025-12-20,19,6,93.8,0.0,3.7,469.0,140.7
10313,2025-12-20,29,1,26.4,0.0,1.5,118.8,31.68
10314,2025-12-20,13,4,66.9,0.0,8.5,388.02,127.11
10315,2025-12-20,26,5,35.9,0.0,0.7,251.3,82.57
10316,2025-12-20,9,4,46.4,0.0,10.1,269.12,88.16
10317,2025-12-20,9,1,29.0,0.0,4.7,130.5,34.8
10318,2025-12-20,7,6,98.1,0.0,8.6,490.5,147.15
10319,2025-12-20,5,5,26.5,0.0,8.3,185.5,60.95
10320,2025-12-20,28,1,83.5,0.0,6.3,375.75,100.2
10321,2025-12-20,24,2,99.9,0.0,3.8,479.52,139.86
10322,2025-12-20,22,2,77.7,0.0,7.1,372.96,108.78
10323,2025-12-20,15,4,68.5,0.0,3.9,397.3,130.15
10324,2025-12-20,24,5,97.9,0.0,8.4,685.3,225.17
10325,2025-12-20,29,3,98.4,0.0,6.3,639.6,206.64
10326,2025-12-20,3,6,84.8,0.0,7.6,424.0,127.2
10327,2025-12-20,9,4,91.2,0.0,1.8,528.96,173.28
10328,2025-12-20,11,3,89.7,0.0,6.0,583.05,188.37
10329,2025-12-20,17,1,78.5,0.0,4.3,353.25,94.2
10330,2025-12-20,8,4,80.6,0.0,8.8,467.48,153.14
10331,2025-12-20,18,6,79.6,0.0,5.4,398.0,119.4
10332,2025-12-20,23,4,74.4,0.0,2.9,431.52,141.36
10333,2025-12-20,24,2,50.1,0.0,7.0,240.48,70.14
10334,2025-12-21,18,1,70.8,0.0,6.7,318.6,84.96
10335,2025-12-21,10,2,57.6,14.3,9.9,207.84,80.64
10336,2025-12-21,4,6,77.8,0.0,7.9,389.0,116.7
10337,2025-12-21,6,5,24.1,0.0,10.3,168.7,55.43
10338,2025-12-21,21,2,29.0,0.0,5.0,139.2,40.6
10339,2025-12-21,21,1,81.0,0.0,1.4,364.5,97.2
10340,2025-12-21,18,1,64.6,0.0,6.9,290.7,77.52
10341,2025-12-21,24,4,97.3,0.0,7.0,564.34,184.87
10342,2025-12-21,27,2,67.7,0.0,4.6,324.96,94.78
10343,2025-12-21,10,5,92.4,0.0,5.5,646.8,212.52
10344,2025-12-21,4,2,24.2,0.0,1.1,116.16,33.88
10345,2025-12-21,24,6,29.4,0.0,11.2,147.0,44.1
10346,2025-12-21,12,1,46.2,0.0,8.3,207.9,55.44
10347,2025-12-21,16,4,54.7,11.5,4.3,250.56,103.93
10348,2025-12-21,9,4,90.8,0.0,8.0,526.64,172.52
10349,2025-12-21,1,3,35.8,0.0,1.8,232.7,75.18
10350,2025-12-21,3,5,27.6,0.0,5.0,193.2,63.48
10351,2025-12-21,26,3,48.5,0.0,5.8,315.25,101.85
10352,2025-12-21,9,2,79.2,0.0,7.5,380.16,110.88
10353,2025-12-21,12,2,96.6,0.0,7.5,463.68,135.24
10354,2025-12-21,7,2,67.5,0.0,1.4,324.0,94.5
10355,2025-12-21,7,3,87.7,0.0,3.1,570.05,184.17
10356,2025-12-21,18,4,77.1,0.0,6.6,447.18,146.49
10357,2025-12-21,10,2,55.6,0.0,2.4,266.88,77.84
10358,2025-12-21,22,2,26.6,0.0,5.5,127.68,37.24
10359,2025-12-21,22,3,91.0,0.0,2.9,591.5,191.1
10360,2025-12-21,9,6,47.3,0.0,4.8,236.5,70.95
10361,2025-12-21,17,6,50.9,0.0,1.9,254.5,76.35
10362,2025-12-21,22,5,45.3,0.0,0.8,317.1,104.19
10363,2025-12-21,5,6,35.1,0.0,5.1,175.5,52.65
10364,2025-12-21,1,5,79.6,0.0,5.9,557.2,183.08
10365,2025-12-21,21,6,94.8,0.0,6.1,474.0,142.2
10366,2025-12-21,20,1,50.6,0.0,4.0,227.7,60.72
10367,2025-12-21,19,3,51.1,0.0,6.4,332.15,107.31
10368,2025-12-21,25,3,46.2,0.0,4.5,300.3,97.02
10369,2025-12-21,2,1,21.6,0.0,7.1,97.2,25.92
10370,2025-12-21,17,6,25.6,0.0,9.6,128.0,38.4
10371,2025-12-21,8,4,29.5,0.0,6.7,171.1,56.05
10372,2025-12-21,14,6,80.7,0.0,6.4,403.5,121.05
10373,2025-12-22,30,2,51.0,0.0,4.9,244.8,71.4
10374,2025-12-22,18,5,41.2,0.0,5.5,288.4,94.76
10375,2025-12-22,4,5,21.1,0.0,5.1,147.7,48.53
10376,2025-12-22,1,2,82.6,0.0,6.5,396.48,115.64
10377,2025-12-22,1,4,99.7,0.0,6.3,578.26,189.43
10378,2025-12-22,24,4,75.9,0.0,5.6,440.22,144.21
10379,2025-12-22,18,5,37.3,0.0,8.1,261.1,85.79
10380,2025-12-22,6,6,41.5,0.0,3.9,207.5,62.25
10381,2025-12-22,21,2,67.0,0.0,5.1,321.6,93.8
10382,2025-12-22,14,1,23.7,0.0,1.5,106.65,28.44
10383,2025-12-22,2,1,80.2,0.0,9.7,360.9,96.24
10384,2025-12-22,2,1,41.6,0.0,6.3,187.2,49.92
10385,2025-12-22,2,2,54.1,0.0,2.0,259.68,75.74
10386,2025-12-22,23,1,77.8,0.0,7.7,350.1,93.36
10387,2025-12-22,1,4,44.3,0.0,3.0,256.94,84.17
10388,2025-12-22,19,3,72.2,0.0,7.9,469.3,151.62
10389,2025-12-23,16,2,93.5,0.0,5.5,448.8,130.9
10390,2025-12-23,15,4,72.2,0.0,7.9,418.76,137.18
10391,2025-12-23,4,2,26.3,0.0,5.6,126.24,36.82
10392,2025-12-23,23,6,30.3,0.0,7.2,151.5,45.45
10393,2025-12-23,26,5,46.6,0.0,7.8,326.2,107.18
10394,2025-12-23,20,1,69.3,0.0,6.6,311.85,83.16
10395,2025-12-23,10,3,30.3,0.0,4.1,196.95,63.63
10396,2025-12-23,13,5,71.4,0.0,5.3,499.8,164.22
10397,2025-12-23,9,4,84.5,0.0,8.1,490.1,160.55
10398,2025-12-23,6,1,94.8,25.2,5.5,313.2,113.76
10399,2025-12-23,2,1,98.6,0.0,5.9,443.7,118.32
10400,2025-12-23,11,2,90.1,0.0,5.5,432.48,126.14
10401,2025-12-23,30,5,48.2,0.0,8.1,337.4,110.86
10402,2025-12-23,29,4,35.4,0.0,7.1,205.32,67.26
10403,2025-12-23,17,4,77.6,0.0,8.0,450.08,147.44
10404,2025-12-23,12,4,37.2,0.0,8.2,215.76,70.68
10405,2025-12-23,17,5,88.5,0.0,11.6,619.5,203.55
10406,2025-12-23,1,2,21.4,0.0,5.3,102.72,29.96
10407,2025-12-23,20,5,56.0,0.0,10.9,392.0,128.8
10408,2025-12-23,11,6,66.9,0.0,2.6,334.5,100.35
10409,2025-12-23,3,1,27.8,0.0,6.5,125.1,33.36
10410,2025-12-23,16,6,72.4,0.0,5.7,362.0,108.6
10411,2025-12-23,12,6,97.3,0.0,9.7,486.5,145.95
10412,2025-12-23,12,5,49.1,0.0,5.7,343.7,112.93
10413,2025-12-23,7,1,65.2,0.0,3.0,293.4,78.24
10414,2025-12-23,19,6,75.0,0.0,7.3,375.0,112.5
10415,2025-12-23,13,3,39.2,0.0,7.3,254.8,82.32
10416,2025-12-24,15,2,80.8,0.0,6.3,387.84,113.12
10417,2025-12-24,3,2,29.2,0.0,7.4,140.16,40.88
10418,2025-12-24,16,1,44.0,0.0,7.1,198.0,52.8
10419,2025-12-24,14,4,99.2,0.0,7.0,575.36,188.48
10420,2025-12-24,15,4,34.2,0.0,6.6,198.36,64.98
10421,2025-12-24,16,1,53.0,0.0,1.2,238.5,63.6
10422,2025-12-24,26,1,81.8,0.0,1.5,368.1,98.16
10423,2025-12-24,4,3,28.4,0.0,1.1,184.6,59.64
10424,2025-12-24,28,5,49.5,5.4,9.5,308.7,113.85
10425,2025-12-24,27,2,68.4,0.0,8.7,328.32,95.76
10426,2025-12-24,21,4,47.0,0.0,4.6,272.6,89.3
10427,2025-12-24,2,3,73.3,0.0,7.1,476.45,153.93
10428,2025-12-24,5,5,84.2,0.0,7.3,589.4,193.66
10429,2025-12-24,9,3,52.5,0.0,2.0,341.25,110.25
10430,2025-12-24,30,3,20.9,0.0,11.9,135.85,43.89
10431,2025-12-24,27,1,54.1,0.0,4.6,243.45,64.92
10432,2025-12-24,8,5,64.4,0.0,7.3,450.8,148.12
10433,2025-12-24,25,3,64.7,0.0,4.5,420.55,135.87
10434,2025-12-24,12,3,88.9,0.0,12.7,577.85,186.69
10435,2025-12-24,21,6,40.8,12.0,9.8,144.0,61.2
10436,2025-12-24,1,4,49.0,0.0,9.7,284.2,93.1
10437,2025-12-24,7,1,44.4,0.0,4.0,199.8,53.28
10438,2025-12-24,19,3,33.9,0.0,8.4,220.35,71.19
10439,2025-12-24,17,4,29.8,9.5,10.9,117.74,56.62
10440,2025-12-24,28,5,50.3,0.0,5.3,352.1,115.69
10441,2025-12-24,15,3,67.0,0.0,7.5,435.5,140.7
10442,2025-12-24,10,1,47.5,0.0,7.7,213.75,57.0
10443,2025-12-24,13,2,22.0,0.0,4.9,105.6,30.8
10444,2025-12-24,16,3,45.0,0.0,6.9,292.5,94.5
10445,2025-12-24,15,3,92.9,0.0,8.0,603.85,195.09
10446,2025-12-24,12,5,73.7,0.0,7.8,515.9,169.51
10447,2025-12-24,14,6,47.8,0.0,7.1,239.0,71.7
10448,2025-12-24,28,5,46.3,10.7,9.3,249.2,106.49
10449,2025-12-25,6,3,99.9,0.0,8.8,649.35,209.79
10450,2025-12-25,23,4,28.2,0.0,4.7,163.56,53.58
10451,2025-12-25,23,4,81.8,0.0,4.0,474.44,155.42
10452,2025-12-25,20,4,66.1,7.2,9.3,341.62,125.59
10453,2025-12-25,12,1,88.7,0.0,7.6,399.15,106.44
10454,2025-12-25,27,6,38.3,0.0,5.9,191.5,57.45
10455,2025-12-25,27,5,50.9,0.0,5.6,356.3,117.07
10456,2025-12-25,24,1,95.3,0.0,7.4,428.85,114.36
10457,2025-12-25,24,1,33.1,0.0,5.1,148.95,39.72
10458,2025-12-25,13,1,43.6,0.0,4.5,196.2,52.32
10459,2025-12-25,8,5,36.3,0.0,8.4,254.1,83.49
10460,2025-12-25,1,5,92.8,0.0,6.5,649.6,213.44
10461,2025-12-25,4,6,38.8,0.0,5.3,194.0,58.2
10462,2025-12-25,1,1,61.1,0.0,4.9,274.95,73.32
10463,2025-12-25,26,6,66.8,0.0,5.7,334.0,100.2
10464,2025-12-25,29,5,67.7,0.0,4.6,473.9,155.71
10465,2025-12-25,27,3,79.0,0.0,8.4,513.5,165.9
10466,2025-12-25,7,1,98.1,0.0,8.3,441.45,117.72
10467,2025-12-25,29,4,41.2,0.0,5.7,238.96,78.28
10468,2025-12-25,25,2,26.0,7.0,9.3,91.2,36.4
10469,2025-12-25,25,3,29.9,0.0,3.1,194.35,62.79
10470,2025-12-25,15,3,52.5,0.0,4.8,341.25,110.25
10471,2025-12-25,15,2,70.5,0.0,2.4,338.4,98.7
10472,2025-12-25,9,5,89.9,0.0,6.6,629.3,206.77
10473,2025-12-25,23,1,80.2,0.0,9.1,360.9,96.24
10474,2025-12-25,22,1,70.1,0.0,7.2,315.45,84.12
10475,2025-12-25,18,3,78.3,0.0,3.5,508.95,164.43
10476,2025-12-25,27,2,47.0,0.0,5.8,225.6,65.8
10477,2025-12-25,9,1,65.5,0.0,6.0,294.75,78.6
10478,2025-12-26,16,1,62.6,12.2,7.5,226.8,75.12
10479,2025-12-26,14,4,32.3,0.0,6.9,187.34,61.37
10480,2025-12-26,3,3,26.0,0.0,2.9,169.0,54.6
10481,2025-12-26,5,4,45.3,0.0,4.1,262.74,86.07
10482,2025-12-26,6,6,34.7,0.0,7.3,173.5,52.05
10483,2025-12-26,1,2,66.1,0.0,4.6,317.28,92.54
10484,2025-12-26,4,2,55.6,0.0,5.8,266.88,77.84
10485,2025-12-26,27,4,36.6,0.0,5.7,212.28,69.54
10486,2025-12-26,3,4,96.3,0.0,5.5,558.54,182.97
10487,2025-12-26,30,1,40.5,0.0,2.9,182.25,48.6
10488,2025-12-26,6,1,40.2,0.0,4.7,180.9,48.24
10489,2025-12-26,22,2,98.7,0.0,6.0,473.76,138.18
10490,2025-12-26,19,2,75.0,0.0,7.0,360.0,105.0
10491,2025-12-26,13,4,79.3,0.0,6.0,459.94,150.67
10492,2025-12-26,9,5,38.8,0.0,5.5,271.6,89.24
10493,2025-12-26,23,1,89.5,0.0,5.1,402.75,107.4
10494,2025-12-26,4,5,89.2,0.0,4.0,624.4,205.16
10495,2025-12-26,22,4,76.7,0.0,4.0,444.86,145.73
10496,2025-12-26,15,4,69.9,7.9,6.4,359.6,132.81
10497,2025-12-26,5,2,31.8,0.0,11.0,152.64,44.52
10498,2025-12-26,10,5,47.4,0.0,3.6,331.8,109.02
10499,2025-12-26,10,5,86.4,0.0,2.4,604.8,198.72
10500,2025-12-26,30,2,89.2,0.0,7.2,428.16,124.88
10501,2025-12-26,18,2,63.6,0.0,7.9,305.28,89.04
10502,2025-12-26,2,2,34.7,0.0,6.5,166.56,48.58
10503,2025-12-26,21,3,84.3,0.0,8.9,547.95,177.03
10504,2025-12-26,11,3,73.8,0.0,4.9,479.7,154.98
10505,2025-12-26,12,2,40.2,0.0,9.1,192.96,56.28
10506,2025-12-26,7,2,48.2,0.0,7.2,231.36,67.48
10507,2025-12-26,26,4,72.0,0.0,7.5,417.6,136.8
10508,2025-12-26,19,5,75.8,17.8,6.4,406.0,174.34
10509,2025-12-26,30,6,62.3,0.0,3.3,311.5,93.45
10510,2025-12-26,2,2,28.7,0.0,7.6,137.76,40.18
10511,2025-12-26,19,2,68.0,0.0,5.9,326.4,95.2
10512,2025-12-26,17,3,35.8,0.0,5.9,232.7,75.18
10513,2025-12-26,26,6,55.0,0.0,4.1,275.0,82.5
10514,2025-12-26,17,5,73.9,0.0,7.2,517.3,169.97
10515,2025-12-26,1,5,77.6,0.0,8.3,543.2,178.48
10516,2025-12-26,1,5,85.3,0.0,4.8,597.1,196.19
10517,2025-12-26,4,5,95.3,0.0,12.2,667.1,219.19
10518,2025-12-26,18,1,36.6,0.0,8.0,164.7,43.92
10519,2025-12-26,16,3,87.2,0.0,7.3,566.8,183.12
10520,2025-12-27,19,6,93.3,0.0,4.7,466.5,139.95
10521,2025-12-27,26,5,20.9,8.3,4.7,88.2,48.07
10522,2025-12-27,5,1,87.6,0.0,10.6,394.2,105.12
10523,2025-12-27,10,5,38.5,0.0,5.9,269.5,88.55
10524,2025-12-27,15,3,30.9,0.0,7.1,200.85,64.89
10525,2025-12-27,22,4,58.9,20.1,10.0,225.04,111.91
10526,2025-12-27,29,4,57.5,0.0,4.6,333.5,109.25
10527,2025-12-27,14,2,45.1,0.0,5.7,216.48,63.14
10528,2025-12-27,16,1,60.6,0.0,3.2,272.7,72.72
10529,2025-12-27,29,4,78.0,0.0,8.1,452.4,148.2
10530,2025-12-27,7,5,32.5,0.0,4.3,227.5,74.75
10531,2025-12-27,25,6,57.2,0.0,7.3,286.0,85.8
10532,2025-12-27,15,5,61.5,0.0,2.1,430.5,141.45
10533,2025-12-27,15,2,68.2,0.0,8.0,327.36,95.48
10534,2025-12-27,26,1,65.9,0.0,4.5,296.55,79.08
10535,2025-12-27,3,1,40.0,0.0,6.0,180.0,48.0
10536,2025-12-27,28,6,62.9,0.0,7.2,314.5,94.35
10537,2025-12-27,13,2,90.7,0.0,9.7,435.36,126.98
10538,2025-12-27,8,1,94.9,24.5,7.2,316.8,113.88
10539,2025-12-27,27,5,32.3,12.5,9.6,138.6,74.29
10540,2025-12-27,24,1,76.3,0.0,11.7,343.35,91.56
10541,2025-12-27,6,5,49.7,0.0,10.1,347.9,114.31
10542,2025-12-27,26,2,85.1,0.0,6.3,408.48,119.14
10543,2025-12-27,9,4,86.2,24.7,4.9,356.7,163.78
10544,2025-12-27,17,4,51.9,0.0,11.0,301.02,98.61
10545,2025-12-27,30,4,96.0,17.7,6.3,454.14,182.4
10546,2025-12-27,29,6,69.2,0.0,8.9,346.0,103.8
10547,2025-12-27,11,4,40.7,0.0,5.0,236.06,77.33
10548,2025-12-27,11,1,28.6,0.0,1.2,128.7,34.32
10549,2025-12-27,7,2,53.9,0.0,5.3,258.72,75.46
10550,2025-12-27,23,1,92.3,0.0,5.3,415.35,110.76
10551,2025-12-27,28,5,27.0,0.0,3.9,189.0,62.1
10552,2025-12-27,4,4,51.6,0.0,3.6,299.28,98.04
10553,2025-12-27,30,6,49.2,0.0,5.7,246.0,73.8
10554,2025-12-27,5,1,64.4,0.0,6.7,289.8,77.28
10555,2025-12-27,7,2,40.3,0.0,9.0,193.44,56.42
10556,2025-12-27,17,6,68.8,24.6,10.5,221.0,103.2
10557,2025-12-27,29,6,59.5,0.0,4.0,297.5,89.25
10558,2025-12-27,19,6,26.8,0.0,8.9,134.0,40.2
10559,2025-12-27,13,6,33.1,0.0,4.4,165.5,49.65
10560,2025-12-27,20,5,86.9,0.0,0.7,608.3,199.87
10561,2025-12-27,2,6,88.5,0.0,8.9,442.5,132.75
10562,2025-12-27,2,5,73.3,28.2,11.5,315.7,168.59
10563,2025-12-27,25,3,96.6,0.0,5.9,627.9,202.86
10564,2025-12-27,21,4,77.8,0.0,6.7,451.24,147.82
10565,2025-12-27,21,6,95.8,0.0,4.8,479.0,143.7
10566,2025-12-28,13,1,77.5,0.0,3.4,348.75,93.0
10567,2025-12-28,9,5,30.8,0.0,7.9,215.6,70.84
10568,2025-12-28,8,2,59.8,0.0,7.8,287.04,83.72
10569,2025-12-28,15,5,75.2,0.0,8.6,526.4,172.96
10570,2025-12-28,23,5,43.6,0.0,1.5,305.2,100.28
10571,2025-12-28,23,5,24.4,0.0,5.4,170.8,56.12
10572,2025-12-28,15,1,91.9,0.0,8.6,413.55,110.28
10573,2025-12-28,20,1,89.3,0.0,7.0,401.85,107.16
10574,2025-12-28,30,5,34.5,0.0,3.9,241.5,79.35
10575,2025-12-28,19,4,42.0,0.0,8.0,243.6,79.8
10576,2025-12-28,7,5,62.0,0.0,9.3,434.0,142.6
10577,2025-12-28,14,3,58.0,0.0,4.7,377.0,121.8
10578,2025-12-28,7,2,92.2,0.0,5.4,442.56,129.08
10579,2025-12-28,29,5,56.6,18.7,10.0,265.3,130.18
10580,2025-12-28,7,2,45.2,0.0,3.5,216.96,63.28
10581,2025-12-28,22,1,74.7,0.0,9.8,336.15,89.64
10582,2025-12-28,19,2,43.0,0.0,7.3,206.4,60.2
10583,2025-12-28,10,5,71.2,0.0,7.2,498.4,163.76
10584,2025-12-28,21,3,76.4,0.0,4.8,496.6,160.44
10585,2025-12-28,10,4,73.8,0.0,7.8,428.04,140.22
10586,2025-12-28,30,1,25.3,0.0,6.1,113.85,30.36
10587,2025-12-28,9,4,41.2,0.0,11.3,238.96,78.28
10588,2025-12-28,20,6,21.6,0.0,5.4,108.0,32.4
10589,2025-12-28,19,3,67.5,0.0,3.8,438.75,141.75
10590,2025-12-28,27,3,98.3,0.0,5.6,638.95,206.43
10591,2025-12-28,16,5,20.0,0.0,3.8,140.0,46.0
10592,2025-12-28,17,5,54.5,0.0,5.0,381.5,125.35
10593,2025-12-28,14,5,48.7,0.0,4.6,340.9,112.01
10594,2025-12-28,9,6,51.6,0.0,6.1,258.0,77.4
10595,2025-12-28,2,5,23.8,0.0,5.0,166.6,54.74
10596,2025-12-28,27,6,61.2,0.0,5.9,306.0,91.8
10597,2025-12-29,18,2,33.1,0.0,6.6,158.88,46.34
10598,2025-12-29,29,4,48.2,0.0,3.1,279.56,91.58
10599,2025-12-29,30,4,97.2,0.0,10.0,563.76,184.68
10600,2025-12-29,10,4,59.5,0.0,8.9,345.1,113.05
10601,2025-12-29,22,5,92.2,0.0,1.3,645.4,212.06
10602,2025-12-29,19,2,84.3,26.5,2.4,277.44,118.02
10603,2025-12-29,21,4,42.9,0.0,5.7,248.82,81.51
10604,2025-12-29,23,5,33.9,0.0,5.2,237.3,77.97
10605,2025-12-29,30,4,50.0,0.0,2.1,290.0,95.0
10606,2025-12-29,8,3,28.3,0.0,8.6,183.95,59.43
10607,2025-12-29,6,5,99.0,0.0,5.8,693.0,227.7
10608,2025-12-29,19,1,32.3,0.0,9.3,145.35,38.76
10609,2025-12-29,22,5,36.2,13.9,10.5,156.1,83.26
10610,2025-12-29,17,1,72.9,0.0,5.2,328.05,87.48
10611,2025-12-29,22,5,76.8,0.0,5.7,537.6,176.64
10612,2025-12-29,12,1,91.6,0.0,4.5,412.2,109.92
10613,2025-12-29,23,3,52.0,0.0,6.1,338.0,109.2
10614,2025-12-29,1,2,74.9,0.0,7.3,359.52,104.86
10615,2025-12-29,25,1,53.8,0.0,3.3,242.1,64.56
10616,2025-12-29,25,6,30.3,0.0,9.2,151.5,45.45
10617,2025-12-29,24,6,86.5,0.0,6.6,432.5,129.75
10618,2025-12-29,2,2,95.7,0.0,7.6,459.36,133.98
10619,2025-12-29,8,2,48.0,0.0,4.5,230.4,67.2
10620,2025-12-29,24,4,63.4,0.0,6.0,367.72,120.46
10621,2025-12-29,3,3,48.6,0.0,2.9,315.9,102.06
10622,2025-12-29,2,2,45.6,0.0,5.5,218.88,63.84
10623,2025-12-29,26,4,23.8,0.0,5.2,138.04,45.22
10624,2025-12-30,26,2,53.7,0.0,6.1,257.76,75.18
10625,2025-12-30,6,5,86.7,0.0,6.1,606.9,199.41
10626,2025-12-30,29,5,44.1,0.0,1.4,308.7,101.43
10627,2025-12-30,29,3,89.6,0.0,7.8,582.4,188.16
10628,2025-12-30,13,1,91.0,0.0,4.6,409.5,109.2
10629,2025-12-30,29,4,86.2,30.3,0.5,324.22,163.78
10630,2025-12-30,3,3,36.6,0.0,8.3,237.9,76.86
10631,2025-12-30,17,6,88.1,0.0,5.2,440.5,132.15
10632,2025-12-30,22,5,70.7,0.0,3.7,494.9,162.61
10633,2025-12-30,24,3,48.6,0.0,6.5,315.9,102.06
10634,2025-12-30,3,3,48.9,0.0,4.3,317.85,102.69
10635,2025-12-30,29,6,31.6,0.0,6.1,158.0,47.4
10636,2025-12-30,21,1,44.4,0.0,4.3,199.8,53.28
10637,2025-12-30,13,3,24.3,0.0,5.4,157.95,51.03
10638,2025-12-30,8,6,30.2,0.0,4.7,151.0,45.3
10639,2025-12-30,23,1,38.3,0.0,6.5,172.35,45.96
10640,2025-12-30,20,1,94.1,0.0,7.5,423.45,112.92
10641,2025-12-30,4,5,70.1,13.3,0.8,397.6,161.23
10642,2025-12-30,27,6,42.2,0.0,9.8,211.0,63.3
10643,2025-12-30,11,5,42.3,0.0,1.2,296.1,97.29
10644,2025-12-30,14,1,96.9,0.0,3.9,436.05,116.28
10645,2025-12-30,8,2,87.6,0.0,3.7,420.48,122.64
10646,2025-12-30,10,1,61.3,0.0,4.3,275.85,73.56
10647,2025-12-30,27,4,46.0,0.0,6.6,266.8,87.4
10648,2025-12-30,8,3,63.1,0.0,5.8,410.15,132.51
10649,2025-12-30,9,4,44.5,0.0,1.8,258.1,84.55
10650,2025-12-30,20,5,56.6,0.0,7.5,396.2,130.18
10651,2025-12-30,1,5,73.4,0.0,4.2,513.8,168.82
10652,2025-12-30,6,5,24.6,0.0,4.4,172.2,56.58
10653,2025-12-30,4,1,77.1,0.0,5.8,346.95,92.52
10654,2025-12-31,8,5,72.7,0.0,3.9,508.9,167.21
10655,2025-12-31,19,6,26.1,0.0,8.7,130.5,39.15
10656,2025-12-31,6,1,75.0,0.0,6.6,337.5,90.0
10657,2025-12-31,7,6,77.5,0.0,6.6,387.5,116.25
10658,2025-12-31,5,5,38.7,0.0,1.0,270.9,89.01
10659,2025-12-31,27,4,99.9,0.0,1.5,579.42,189.81
10660,2025-12-31,22,6,34.0,0.0,5.5,170.0,51.0
10661,2025-12-31,3,6,32.6,0.0,6.4,163.0,48.9
10662,2025-12-31,17,5,44.5,0.0,2.8,311.5,102.35
10663,2025-12-31,2,4,71.6,0.0,4.2,415.28,136.04
10664,2025-12-31,12,1,61.1,0.0,5.8,274.95,73.32
10665,2025-12-31,17,5,26.1,0.0,4.2,182.7,60.03
10666,2025-12-31,12,5,26.2,0.0,7.6,183.4,60.26
10667,2025-12-31,20,1,89.3,0.0,7.0,401.85,107.16
10668,2025-12-31,23,6,57.6,0.0,4.7,288.0,86.4
10669,2025-12-31,20,2,40.8,0.0,5.3,195.84,57.12
10670,2025-12-31,1,5,69.8,0.0,5.9,488.6,160.54
10671,2025-12-31,24,6,40.9,0.0,9.6,204.5,61.35
10672,2026-01-01,26,1,58.7,0.0,8.4,264.15,70.44
10673,2026-01-01,8,2,34.9,0.0,6.4,167.52,48.86
10674,2026-01-01,6,6,40.0,0.0,3.8,200.0,60.0
10675,2026-01-01,29,4,77.7,0.0,7.3,450.66,147.63
10676,2026-01-01,15,6,96.0,0.0,4.7,480.0,144.0
10677,2026-01-01,23,4,54.2,0.0,7.0,314.36,102.98
10678,2026-01-01,5,4,55.1,10.3,13.1,259.84,104.69
10679,2026-01-01,4,2,57.5,0.0,4.6,276.0,80.5
10680,2026-01-01,27,6,25.3,0.0,0.9,126.5,37.95
10681,2026-01-01,10,1,50.1,0.0,6.1,225.45,60.12
10682,2026-01-01,4,2,98.9,0.0,4.7,474.72,138.46
10683,2026-01-01,30,1,76.9,0.0,9.2,346.05,92.28
10684,2026-01-01,27,6,42.9,0.0,5.0,214.5,64.35
10685,2026-01-01,4,6,72.4,0.0,4.2,362.0,108.6
10686,2026-01-01,25,3,52.7,0.0,2.4,342.55,110.67
10687,2026-01-01,3,1,78.1,0.0,5.0,351.45,93.72
10688,2026-01-01,10,1,20.7,0.0,7.7,93.15,24.84
10689,2026-01-01,23,2,64.3,0.0,4.7,308.64,90.02
10690,2026-01-01,18,2,40.4,6.9,11.0,160.8,56.56
10691,2026-01-01,19,1,47.1,0.0,6.9,211.95,56.52
10692,2026-01-01,28,3,80.6,0.0,9.7,523.9,169.26
10693,2026-01-01,6,5,85.4,0.0,7.7,597.8,196.42
10694,2026-01-01,25,3,61.0,0.0,5.6,396.5,128.1
10695,2026-01-01,6,4,85.5,0.0,6.8,495.9,162.45
10696,2026-01-01,15,4,28.7,0.0,5.6,166.46,54.53
10697,2026-01-01,5,3,67.8,0.0,3.7,440.7,142.38
10698,2026-01-02,1,1,25.7,0.0,0.1,115.65,30.84
10699,2026-01-02,19,3,50.1,0.0,6.8,325.65,105.21
10700,2026-01-02,29,1,61.4,0.0,2.1,276.3,73.68
10701,2026-01-02,23,4,40.5,0.0,4.8,234.9,76.95
10702,2026-01-02,7,5,65.6,0.0,4.1,459.2,150.88
10703,2026-01-02,6,5,89.6,0.0,4.1,627.2,206.08
10704,2026-01-02,12,1,71.7,0.0,7.1,322.65,86.04
10705,2026-01-02,24,3,65.6,0.0,-0.9,426.4,137.76
10706,2026-01-02,19,6,59.3,0.0,9.6,296.5,88.95
10707,2026-01-02,4,1,51.5,0.0,8.2,231.75,61.8
10708,2026-01-02,21,1,94.1,0.0,4.3,423.45,112.92
10709,2026-01-02,30,5,41.7,0.0,6.8,291.9,95.91
10710,2026-01-02,4,6,73.6,0.0,7.7,368.0,110.4
10711,2026-01-02,17,6,97.6,0.0,6.3,488.0,146.4
10712,2026-01-02,25,1,99.7,0.0,4.3,448.65,119.64
10713,2026-01-02,16,3,69.3,0.0,3.7,450.45,145.53
10714,2026-01-02,6,6,53.8,0.0,6.0,269.0,80.7
10715,2026-01-02,12,1,93.4,29.9,11.0,285.75,112.08
10716,2026-01-02,17,4,29.1,0.0,9.0,168.78,55.29
10717,2026-01-02,8,6,56.0,11.0,11.5,225.0,84.0
10718,2026-01-02,17,3,61.5,0.0,4.6,399.75,129.15
10719,2026-01-02,29,4,89.2,0.0,6.5,517.36,169.48
10720,2026-01-02,6,3,55.1,14.3,9.3,265.2,115.71
10721,2026-01-02,22,6,54.6,0.0,6.8,273.0,81.9
10722,2026-01-02,3,5,94.6,0.0,6.6,662.2,217.58
10723,2026-01-02,16,1,33.8,0.0,6.6,152.1,40.56
10724,2026-01-02,22,2,66.5,0.0,4.9,319.2,93.1
10725,2026-01-02,13,5,29.3,0.0,7.1,205.1,67.39
10726,2026-01-02,9,3,34.9,0.0,3.3,226.85,73.29
10727,2026-01-02,27,3,89.2,0.0,0.6,579.8,187.32
10728,2026-01-02,15,1,58.8,0.0,2.6,264.6,70.56
10729,2026-01-02,2,3,69.3,0.0,5.8,450.45,145.53
10730,2026-01-02,7,6,70.7,0.0,3.1,353.5,106.05
10731,2026-01-02,14,4,32.9,0.0,4.3,190.82,62.51
10732,2026-01-02,3,3,33.6,0.0,5.1,218.4,70.56
10733,2026-01-02,11,6,66.3,0.0,4.0,331.5,99.45
10734,2026-01-02,21,6,35.6,0.0,5.0,178.0,53.4
10735,2026-01-02,10,2,26.5,0.0,4.9,127.2,37.1
10736,2026-01-02,16,5,82.9,0.0,9.9,580.3,190.67
10737,2026-01-02,29,1,74.7,0.0,3.0,336.15,89.64
10738,2026-01-03,2,4,42.5,0.0,6.2,246.5,80.75
10739,2026-01-03,18,4,65.6,0.0,6.9,380.48,124.64
10740,2026-01-03,10,5,66.2,0.0,1.7,463.4,152.26
10741,2026-01-03,29,4,43.7,0.0,4.2,253.46,83.03
10742,2026-01-03,9,4,79.8,0.0,7.5,462.84,151.62
10743,2026-01-03,12,6,39.7,0.0,9.9,198.5,59.55
10744,2026-01-03,8,2,91.0,0.0,4.9,436.8,127.4
10745,2026-01-03,19,4,39.1,0.0,7.9,226.78,74.29
10746,2026-01-03,21,3,53.9,0.0,-0.2,350.35,113.19
10747,2026-01-03,12,5,73.9,0.0,6.6,517.3,169.97
10748,2026-01-03,28,2,65.1,0.0,10.4,312.48,91.14
10749,2026-01-03,18,3,46.1,0.0,4.8,299.65,96.81
10750,2026-01-03,17,4,71.4,0.0,3.3,414.12,135.66
10751,2026-01-03,26,1,27.6,4.0,11.6,106.2,33.12
10752,2026-01-03,7,1,49.5,0.0,6.3,222.75,59.4
10753,2026-01-03,28,5,54.1,0.0,5.6,378.7,124.43
10754,2026-01-03,8,5,38.4,0.0,5.8,268.8,88.32
10755,2026-01-03,20,2,73.0,0.0,4.9,350.4,102.2
10756,2026-01-03,13,5,67.6,0.0,4.9,473.2,155.48
10757,2026-01-03,28,5,82.5,0.0,4.6,577.5,189.75
10758,2026-01-03,14,4,70.6,0.0,4.4,409.48,134.14
10759,2026-01-03,4,6,91.6,0.0,0.4,458.0,137.4
10760,2026-01-03,6,5,35.2,0.0,5.8,246.4,80.96
10761,2026-01-03,1,4,88.9,0.0,4.4,515.62,168.91
10762,2026-01-03,17,6,65.3,0.0,5.4,326.5,97.95
10763,2026-01-03,6,3,24.8,0.0,5.5,161.2,52.08
10764,2026-01-03,19,2,35.5,0.0,8.5,170.4,49.7
10765,2026-01-03,9,5,23.2,0.0,8.8,162.4,53.36
10766,2026-01-03,18,2,48.7,0.0,7.4,233.76,68.18
10767,2026-01-03,3,5,45.7,0.0,6.3,319.9,105.11
10768,2026-01-03,9,6,25.8,0.0,4.8,129.0,38.7
10769,2026-01-03,23,3,37.9,0.0,6.2,246.35,79.59
10770,2026-01-03,20,5,26.3,0.0,4.6,184.1,60.49
10771,2026-01-03,16,2,43.4,0.0,4.4,208.32,60.76
10772,2026-01-03,1,4,46.9,18.7,9.9,163.56,89.11
10773,2026-01-03,28,2,31.3,0.0,7.3,150.24,43.82
10774,2026-01-04,26,4,21.0,0.0,6.9,121.8,39.9
10775,2026-01-04,25,2,27.6,0.0,6.9,132.48,38.64
10776,2026-01-04,12,4,71.4,0.0,7.8,414.12,135.66
10777,2026-01-04,19,4,73.3,0.0,8.8,425.14,139.27
10778,2026-01-04,27,4,59.5,0.0,4.4,345.1,113.05
10779,2026-01-04,14,4,71.8,0.0,4.2,416.44,136.42
10780,2026-01-04,9,2,88.0,0.0,8.5,422.4,123.2
10781,2026-01-04,23,4,46.1,0.0,7.1,267.38,87.59
10782,2026-01-04,11,4,62.5,0.0,10.1,362.5,118.75
10783,2026-01-04,22,3,47.1,0.0,5.7,306.15,98.91
10784,2026-01-04,6,5,45.2,0.0,2.5,316.4,103.96
10785,2026-01-04,18,1,52.6,0.0,3.0,236.7,63.12
10786,2026-01-04,30,4,72.1,0.0,7.8,418.18,136.99
10787,2026-01-04,23,1,47.5,0.0,7.7,213.75,57.0
10788,2026-01-04,14,3,83.4,0.0,4.5,542.1,175.14
10789,2026-01-04,19,3,97.6,0.0,7.2,634.4,204.96
10790,2026-01-04,5,4,87.7,0.0,4.1,508.66,166.63
10791,2026-01-04,11,2,95.7,0.0,7.2,459.36,133.98
10792,2026-01-04,21,6,47.4,0.0,3.8,237.0,71.1
10793,2026-01-04,14,3,33.5,0.0,2.4,217.75,70.35
10794,2026-01-04,30,3,84.7,0.0,4.7,550.55,177.87
10795,2026-01-04,5,5,76.1,0.0,6.4,532.7,175.03
10796,2026-01-04,16,4,77.9,0.0,2.3,451.82,148.01
10797,2026-01-04,12,4,58.4,0.0,4.2,338.72,110.96
10798,2026-01-04,24,5,62.3,0.0,6.2,436.1,143.29
10799,2026-01-04,21,3,27.4,0.0,11.3,178.1,57.54
10800,2026-01-04,30,3,40.5,0.0,5.6,263.25,85.05
10801,2026-01-04,9,4,49.3,0.0,6.6,285.94,93.67
10802,2026-01-04,15,3,42.9,0.0,6.9,278.85,90.09
10803,2026-01-04,3,1,89.2,0.0,7.3,401.4,107.04
10804,2026-01-04,7,4,47.2,0.0,8.0,273.76,89.68
10805,2026-01-04,6,3,57.4,0.0,6.5,373.1,120.54
10806,2026-01-04,10,2,47.0,0.0,2.8,225.6,65.8
10807,2026-01-05,10,5,27.7,0.0,1.5,193.9,63.71
10808,2026-01-05,4,1,84.3,0.0,5.2,379.35,101.16
10809,2026-01-05,20,5,45.8,0.0,9.1,320.6,105.34
10810,2026-01-05,18,4,94.9,0.0,4.7,550.42,180.31
10811,2026-01-05,29,2,41.2,0.0,3.5,197.76,57.68
10812,2026-01-05,26,1,90.8,0.0,7.6,408.6,108.96
10813,2026-01-05,15,6,79.6,0.0,5.7,398.0,119.4
10814,2026-01-05,24,3,65.2,0.0,8.4,423.8,136.92
10815,2026-01-05,9,6,77.8,0.0,3.6,389.0,116.7
10816,2026-01-05,24,5,44.6,0.0,6.1,312.2,102.58
10817,2026-01-05,5,2,29.0,0.0,3.9,139.2,40.6
10818,2026-01-05,7,3,32.6,0.0,11.0,211.9,68.46
10819,2026-01-05,19,1,43.5,0.0,5.5,195.75,52.2
10820,2026-01-05,23,1,45.9,0.0,7.4,206.55,55.08
10821,2026-01-05,25,5,63.7,0.0,1.9,445.9,146.51
10822,2026-01-05,7,6,99.9,0.0,6.9,499.5,149.85
10823,2026-01-05,8,4,90.1,0.0,7.9,522.58,171.19
10824,2026-01-05,8,1,68.4,0.0,2.4,307.8,82.08
10825,2026-01-05,16,4,38.3,0.0,6.7,222.14,72.77
10826,2026-01-05,21,4,95.1,0.0,5.1,551.58,180.69
10827,2026-01-05,19,4,60.7,0.0,10.2,352.06,115.33
10828,2026-01-05,1,6,67.7,0.0,2.9,338.5,101.55
10829,2026-01-05,20,2,98.9,0.0,8.3,474.72,138.46
10830,2026-01-05,20,6,87.4,0.0,6.4,437.0,131.1
10831,2026-01-05,28,4,92.4,0.0,7.8,535.92,175.56
10832,2026-01-05,14,6,86.0,16.4,9.6,348.0,129.0
10833,2026-01-05,20,2,73.2,0.0,4.7,351.36,102.48
10834,2026-01-05,29,5,90.4,0.0,6.1,632.8,207.92
10835,2026-01-05,1,6,58.5,0.0,6.4,292.5,87.75
10836,2026-01-05,26,6,22.9,5.8,8.7,85.5,34.35
10837,2026-01-05,30,6,26.7,0.0,4.8,133.5,40.05
10838,2026-01-05,5,4,32.1,0.0,5.7,186.18,60.99
10839,2026-01-05,8,6,25.5,0.0,2.1,127.5,38.25
10840,2026-01-06,23,5,22.8,0.0,5.3,159.6,52.44
10841,2026-01-06,24,1,35.3,0.0,2.2,158.85,42.36
10842,2026-01-06,16,2,77.1,0.0,6.9,370.08,107.94
10843,2026-01-06,26,2,70.1,0.0,4.6,336.48,98.14
10844,2026-01-06,4,4,60.1,0.0,4.6,348.58,114.19
10845,2026-01-06,11,4,58.9,0.0,9.3,341.62,111.91
10846,2026-01-06,23,1,59.4,0.0,4.3,267.3,71.28
10847,2026-01-06,6,1,20.7,0.0,0.7,93.15,24.84
10848,2026-01-06,23,6,58.5,0.0,5.4,292.5,87.75
10849,2026-01-06,22,3,20.0,0.0,6.4,130.0,42.0
10850,2026-01-06,9,4,42.5,6.1,9.7,211.12,80.75
10851,2026-01-06,10,6,46.6,0.0,8.5,233.0,69.9
10852,2026-01-06,23,2,64.2,0.0,12.5,308.16,89.88
10853,2026-01-06,3,6,93.0,0.0,7.9,465.0,139.5
10854,2026-01-06,14,3,47.4,0.0,8.0,308.1,99.54
10855,2026-01-06,28,3,22.9,0.0,8.2,148.85,48.09
10856,2026-01-06,13,5,35.8,0.0,5.8,250.6,82.34
10857,2026-01-06,23,4,72.4,0.0,7.5,419.92,137.56
10858,2026-01-06,27,5,58.8,0.0,3.3,411.6,135.24
10859,2026-01-06,22,6,44.7,0.0,4.3,223.5,67.05
10860,2026-01-06,4,2,53.9,0.0,6.4,258.72,75.46
10861,2026-01-06,25,4,74.0,0.0,7.6,429.2,140.6
10862,2026-01-06,4,1,76.7,0.0,2.4,345.15,92.04
10863,2026-01-06,5,1,51.3,0.0,0.4,230.85,61.56
10864,2026-01-06,6,3,36.8,0.0,7.4,239.2,77.28
10865,2026-01-06,12,3,89.6,0.0,9.5,582.4,188.16
10866,2026-01-06,12,6,56.4,0.0,4.8,282.0,84.6
10867,2026-01-06,3,2,55.2,0.0,7.5,264.96,77.28
10868,2026-01-06,14,3,75.1,0.0,6.3,488.15,157.71
10869,2026-01-07,8,6,89.8,0.0,4.5,449.0,134.7
10870,2026-01-07,2,2,48.3,0.0,4.7,231.84,67.62
10871,2026-01-07,18,2,68.5,0.0,5.4,328.8,95.9
10872,2026-01-07,19,2,62.4,0.0,2.1,299.52,87.36
10873,2026-01-07,3,2,50.6,0.0,6.5,242.88,70.84
10874,2026-01-07,13,2,42.7,0.0,6.1,204.96,59.78
10875,2026-01-07,22,3,73.1,0.0,10.8,475.15,153.51
10876,2026-01-07,13,1,83.2,0.0,10.9,374.4,99.84
10877,2026-01-07,13,3,21.0,0.0,5.8,136.5,44.1
10878,2026-01-07,18,5,71.1,0.0,6.1,497.7,163.53
10879,2026-01-07,17,6,61.0,0.0,1.1,305.0,91.5
10880,2026-01-07,11,6,33.4,0.0,7.3,167.0,50.1
10881,2026-01-07,10,2,78.2,0.0,4.3,375.36,109.48
10882,2026-01-07,25,5,72.6,0.0,3.2,508.2,166.98
10883,2026-01-07,15,3,55.2,0.0,10.5,358.8,115.92
10884,2026-01-07,20,4,60.0,0.0,4.9,348.0,114.0
10885,2026-01-07,2,6,90.7,0.0,7.4,453.5,136.05
10886,2026-01-07,18,3,64.5,0.0,7.1,419.25,135.45
10887,2026-01-07,29,3,38.2,0.0,8.1,248.3,80.22
10888,2026-01-07,15,3,54.0,0.0,3.6,351.0,113.4
10889,2026-01-07,13,2,58.4,0.0,9.8,280.32,81.76
10890,2026-01-07,22,6,20.7,0.0,8.2,103.5,31.05
10891,2026-01-07,11,1,98.6,0.0,5.6,443.7,118.32
10892,2026-01-07,26,4,47.0,0.0,7.1,272.6,89.3
10893,2026-01-07,18,6,39.1,0.0,5.2,195.5,58.65
10894,2026-01-07,5,1,74.2,0.0,12.6,333.9,89.04
10895,2026-01-08,6,2,30.5,0.0,10.9,146.4,42.7
10896,2026-01-08,23,2,84.4,0.0,8.9,405.12,118.16
10897,2026-01-08,24,1,64.7,0.0,4.8,291.15,77.64
10898,2026-01-08,25,4,84.4,0.0,5.0,489.52,160.36
10899,2026-01-08,20,6,60.1,8.1,10.3,260.0,90.15
10900,2026-01-08,27,6,79.5,0.0,7.2,397.5,119.25
10901,2026-01-08,20,6,61.7,0.0,6.9,308.5,92.55
10902,2026-01-08,21,2,37.5,0.0,10.4,180.0,52.5
10903,2026-01-08,13,6,58.7,0.0,6.9,293.5,88.05
10904,2026-01-08,3,2,99.8,0.0,5.3,479.04,139.72
10905,2026-01-08,1,4,96.4,0.0,13.3,559.12,183.16
10906,2026-01-08,29,3,21.7,0.0,7.7,141.05,45.57
10907,2026-01-08,23,5,81.2,0.0,3.6,568.4,186.76
10908,2026-01-08,27,3,69.1,0.0,4.3,449.15,145.11
10909,2026-01-08,19,4,81.1,0.0,1.8,470.38,154.09
10910,2026-01-08,10,3,23.6,0.0,5.4,153.4,49.56
10911,2026-01-08,3,3,54.9,0.0,7.2,356.85,115.29
10912,2026-01-08,13,5,68.2,0.0,8.5,477.4,156.86
10913,2026-01-08,4,6,46.3,0.0,10.3,231.5,69.45
10914,2026-01-08,18,4,32.9,0.0,10.0,190.82,62.51
10915,2026-01-08,17,2,44.6,0.0,7.1,214.08,62.44
10916,2026-01-08,23,6,60.8,0.0,4.5,304.0,91.2
10917,2026-01-08,22,5,44.1,0.0,3.1,308.7,101.43
10918,2026-01-09,26,6,45.1,0.0,5.0,225.5,67.65
10919,2026-01-09,2,5,42.9,0.0,6.1,300.3,98.67
10920,2026-01-09,11,4,30.8,0.0,4.8,178.64,58.52
10921,2026-01-09,7,3,76.3,0.0,5.7,495.95,160.23
10922,2026-01-09,10,2,55.4,0.0,8.0,265.92,77.56
10923,2026-01-09,27,1,85.2,0.0,6.3,383.4,102.24
10924,2026-01-09,6,1,99.3,0.0,4.4,446.85,119.16
10925,2026-01-09,7,5,64.0,0.0,7.5,448.0,147.2
10926,2026-01-09,19,6,84.3,0.0,10.5,421.5,126.45
10927,2026-01-09,27,5,44.5,0.0,5.6,311.5,102.35
10928,2026-01-09,26,6,50.4,0.0,4.5,252.0,75.6
10929,2026-01-09,10,2,82.2,0.0,4.9,394.56,115.08
10930,2026-01-09,26,5,51.2,0.0,9.7,358.4,117.76
10931,2026-01-09,11,4,29.0,0.0,0.8,168.2,55.1
10932,2026-01-09,30,1,91.6,0.0,7.6,412.2,109.92
10933,2026-01-09,3,5,97.0,0.0,6.5,679.0,223.1
10934,2026-01-09,19,4,30.5,0.0,1.4,176.9,57.95
10935,2026-01-09,19,5,71.6,0.0,6.9,501.2,164.68
10936,2026-01-09,13,3,45.2,0.0,8.2,293.8,94.92
10937,2026-01-09,13,1,69.0,0.0,3.6,310.5,82.8
10938,2026-01-09,24,5,92.9,0.0,6.4,650.3,213.67
10939,2026-01-09,27,3,73.4,0.0,8.4,477.1,154.14
10940,2026-01-09,16,3,64.9,0.0,-0.0,421.85,136.29
10941,2026-01-09,19,6,23.8,0.0,4.2,119.0,35.7
10942,2026-01-09,20,2,35.6,0.0,6.9,170.88,49.84
10943,2026-01-09,19,5,96.3,0.0,5.7,674.1,221.49
10944,2026-01-09,4,4,48.4,15.9,9.8,188.5,91.96
10945,2026-01-09,27,5,66.8,0.0,6.2,467.6,153.64
10946,2026-01-09,17,1,38.0,0.0,7.6,171.0,45.6
10947,2026-01-09,1,1,72.3,0.0,9.2,325.35,86.76
10948,2026-01-09,6,4,69.5,0.0,2.7,403.1,132.05
10949,2026-01-09,13,1,86.1,0.0,3.9,387.45,103.32
10950,2026-01-09,29,6,90.7,0.0,3.1,453.5,136.05
10951,2026-01-09,21,2,80.9,0.0,7.0,388.32,113.26
10952,2026-01-09,14,6,72.4,0.0,7.3,362.0,108.6
10953,2026-01-09,20,3,38.6,0.0,7.8,250.9,81.06
10954,2026-01-09,25,1,47.4,0.0,6.9,213.3,56.88
10955,2026-01-09,10,1,22.8,0.0,6.1,102.6,27.36
10956,2026-01-09,27,5,32.6,0.0,7.8,228.2,74.98
10957,2026-01-09,22,5,20.9,0.0,4.2,146.3,48.07
10958,2026-01-09,17,1,90.0,0.0,9.5,405.0,108.0
10959,2026-01-09,15,5,48.3,0.0,7.4,338.1,111.09
10960,2026-01-09,1,6,42.8,0.0,5.9,214.0,64.2
10961,2026-01-10,10,6,66.2,0.0,9.0,331.0,99.3
10962,2026-01-10,15,1,57.1,0.0,4.1,256.95,68.52
10963,2026-01-10,14,6,77.0,0.0,5.8,385.0,115.5
10964,2026-01-10,4,5,93.2,0.0,3.2,652.4,214.36
10965,2026-01-10,9,4,54.0,0.0,5.6,313.2,102.6
10966,2026-01-10,15,1,47.4,0.0,4.0,213.3,56.88
10967,2026-01-10,11,3,69.2,0.0,7.9,449.8,145.32
10968,2026-01-10,7,2,67.5,0.0,5.8,324.0,94.5
10969,2026-01-10,1,2,26.0,0.0,4.2,124.8,36.4
10970,2026-01-10,12,1,89.1,0.0,5.1,400.95,106.92
10971,2026-01-10,28,2,76.9,0.0,3.9,369.12,107.66
10972,2026-01-10,27,6,60.9,0.0,5.0,304.5,91.35
10973,2026-01-10,21,5,52.1,0.0,4.2,364.7,119.83
10974,2026-01-10,30,3,74.2,0.0,5.8,482.3,155.82
10975,2026-01-10,28,1,97.4,0.0,3.3,438.3,116.88
10976,2026-01-10,23,2,63.4,0.0,5.9,304.32,88.76
10977,2026-01-10,15,1,58.6,0.0,6.1,263.7,70.32
10978,2026-01-10,17,2,43.5,0.0,4.4,208.8,60.9
10979,2026-01-10,16,4,20.1,0.0,5.2,116.58,38.19
10980,2026-01-10,19,5,90.3,0.0,9.8,632.1,207.69
10981,2026-01-10,16,5,73.5,0.0,12.7,514.5,169.05
10982,2026-01-10,25,5,98.5,0.0,-3.5,689.5,226.55
10983,2026-01-10,7,2,99.5,0.0,9.4,477.6,139.3
10984,2026-01-10,2,1,79.0,0.0,6.8,355.5,94.8
10985,2026-01-10,17,2,80.6,0.0,4.7,386.88,112.84
10986,2026-01-10,18,1,79.6,0.0,8.7,358.2,95.52
10987,2026-01-10,17,5,64.0,0.0,4.7,448.0,147.2
10988,2026-01-10,6,3,98.6,0.0,6.8,640.9,207.06
10989,2026-01-10,9,1,50.8,0.0,5.6,228.6,60.96
10990,2026-01-10,19,4,53.3,0.0,5.3,309.14,101.27
10991,2026-01-10,3,5,100.0,0.0,5.8,700.0,230.0
10992,2026-01-10,21,5,48.6,0.0,6.8,340.2,111.78
10993,2026-01-10,23,4,74.0,12.7,6.8,355.54,140.6
10994,2026-01-10,9,2,49.0,0.0,4.3,235.2,68.6
10995,2026-01-10,20,4,85.5,0.0,0.8,495.9,162.45
10996,2026-01-10,22,3,36.6,0.0,5.7,237.9,76.86
10997,2026-01-10,3,3,69.0,0.0,4.5,448.5,144.9
10998,2026-01-11,24,2,34.3,0.0,4.8,164.64,48.02
10999,2026-01-11,23,3,57.5,0.0,2.3,373.75,120.75
11000,2026-01-11,17,1,82.3,0.0,5.8,370.35,98.76
11001,2026-01-11,15,1,74.4,0.0,7.6,334.8,89.28
11002,2026-01-11,15,6,32.0,0.0,5.0,160.0,48.0
11003,2026-01-11,21,1,60.6,0.0,0.5,272.7,72.72
11004,2026-01-11,18,6,66.8,0.0,7.1,334.0,100.2
11005,2026-01-11,2,5,71.1,0.0,4.8,497.7,163.53
11006,2026-01-11,6,2,34.0,0.0,2.9,163.2,47.6
11007,2026-01-11,2,5,81.6,0.0,9.2,571.2,187.68
11008,2026-01-11,14,5,31.9,0.0,3.1,223.3,73.37
11009,2026-01-11,7,4,22.9,0.0,3.8,132.82,43.51
11010,2026-01-11,21,3,93.8,0.0,6.3,609.7,196.98
11011,2026-01-11,17,2,20.8,3.7,8.1,82.08,29.12
11012,2026-01-11,25,3,91.0,0.0,3.5,591.5,191.1
11013,2026-01-11,23,3,69.0,0.0,3.4,448.5,144.9
11014,2026-01-11,30,4,33.1,0.0,5.4,191.98,62.89
11015,2026-01-11,6,2,40.9,13.4,8.8,132.0,57.26
11016,2026-01-11,26,3,65.0,0.0,6.7,422.5,136.5
11017,2026-01-11,7,1,50.4,0.0,7.0,226.8,60.48
11018,2026-01-11,2,5,95.9,0.0,6.7,671.3,220.57
11019,2026-01-11,24,6,95.6,0.0,9.2,478.0,143.4
11020,2026-01-11,30,2,50.2,0.0,8.1,240.96,70.28
11021,2026-01-11,2,6,71.1,0.0,6.8,355.5,106.65
11022,2026-01-11,4,1,51.1,0.0,7.2,229.95,61.32
11023,2026-01-11,11,3,48.4,0.0,6.2,314.6,101.64
11024,2026-01-11,26,3,94.9,0.0,5.0,616.85,199.29
11025,2026-01-11,19,1,37.4,0.0,7.4,168.3,44.88
11026,2026-01-11,22,5,40.5,0.0,7.7,283.5,93.15
11027,2026-01-11,1,1,43.7,0.0,5.0,196.65,52.44
11028,2026-01-12,17,5,81.3,0.0,2.2,569.1,186.99
11029,2026-01-12,23,4,25.2,0.0,4.3,146.16,47.88
11030,2026-01-12,4,6,28.1,0.0,6.9,140.5,42.15
11031,2026-01-12,20,5,94.2,0.0,7.4,659.4,216.66
11032,2026-01-12,13,2,79.7,0.0,5.3,382.56,111.58
11033,2026-01-12,15,4,67.6,0.0,8.9,392.08,128.44
11034,2026-01-12,9,5,30.6,0.0,7.3,214.2,70.38
11035,2026-01-12,1,3,31.1,0.0,3.0,202.15,65.31
11036,2026-01-12,11,5,51.9,0.0,8.7,363.3,119.37
11037,2026-01-12,19,6,32.2,0.0,7.5,161.0,48.3
11038,2026-01-12,10,2,96.1,0.0,9.3,461.28,134.54
11039,2026-01-12,24,5,33.4,0.0,2.4,233.8,76.82
11040,2026-01-12,21,5,56.9,0.0,2.7,398.3,130.87
11041,2026-01-12,18,1,81.1,0.0,2.5,364.95,97.32
11042,2026-01-12,3,3,87.2,0.0,4.6,566.8,183.12
11043,2026-01-12,1,6,26.0,0.0,3.2,130.0,39.0
11044,2026-01-12,3,5,96.7,0.0,3.6,676.9,222.41
11045,2026-01-12,26,6,92.4,0.0,7.4,462.0,138.6
11046,2026-01-12,23,5,92.6,0.0,7.3,648.2,212.98
11047,2026-01-12,10,1,89.1,0.0,4.9,400.95,106.92
11048,2026-01-12,24,3,72.7,0.0,9.7,472.55,152.67
11049,2026-01-12,6,4,68.7,0.0,2.8,398.46,130.53
11050,2026-01-12,17,6,40.1,0.0,8.7,200.5,60.15
11051,2026-01-12,8,2,86.1,0.0,9.3,413.28,120.54
11052,2026-01-12,24,4,71.6,0.0,7.0,415.28,136.04
11053,2026-01-12,8,4,91.3,0.0,8.8,529.54,173.47
11054,2026-01-12,29,5,62.0,0.0,7.0,434.0,142.6
11055,2026-01-12,21,1,47.0,0.0,8.1,211.5,56.4
11056,2026-01-12,3,1,35.9,0.0,3.0,161.55,43.08
11057,2026-01-13,23,4,40.8,0.0,3.3,236.64,77.52
11058,2026-01-13,9,5,69.6,0.0,8.5,487.2,160.08
11059,2026-01-13,18,6,64.3,0.0,9.3,321.5,96.45
11060,2026-01-13,29,5,77.7,0.0,6.1,543.9,178.71
11061,2026-01-13,12,3,39.1,0.0,1.2,254.15,82.11
11062,2026-01-13,25,2,45.1,0.0,4.0,216.48,63.14
11063,2026-01-13,17,4,83.2,0.0,6.1,482.56,158.08
11064,2026-01-13,25,5,96.6,0.0,4.5,676.2,222.18
11065,2026-01-13,29,1,96.4,0.0,6.5,433.8,115.68
11066,2026-01-13,30,6,22.3,0.0,5.8,111.5,33.45
11067,2026-01-13,15,5,39.9,8.1,10.3,222.6,91.77
11068,2026-01-13,8,3,47.0,0.0,4.8,305.5,98.7
11069,2026-01-13,12,4,87.4,0.0,6.6,506.92,166.06
11070,2026-01-13,3,6,55.0,0.0,4.1,275.0,82.5
11071,2026-01-13,29,6,52.5,0.0,9.8,262.5,78.75
11072,2026-01-14,2,6,75.9,0.0,2.1,379.5,113.85
11073,2026-01-14,12,3,61.2,0.0,4.3,397.8,128.52
11074,2026-01-14,20,4,29.1,0.0,6.0,168.78,55.29
11075,2026-01-14,29,4,93.4,0.0,0.5,541.72,177.46
11076,2026-01-14,16,1,60.9,0.0,6.2,274.05,73.08
11077,2026-01-14,22,4,40.2,0.0,2.2,233.16,76.38
11078,2026-01-14,14,3,69.3,0.0,6.7,450.45,145.53
11079,2026-01-14,25,3,68.2,12.0,8.0,365.3,143.22
11080,2026-01-14,27,2,78.0,0.0,7.0,374.4,109.2
11081,2026-01-14,25,5,98.5,13.4,5.3,595.7,226.55
11082,2026-01-14,2,4,86.1,0.0,3.7,499.38,163.59
11083,2026-01-14,3,3,31.0,0.0,4.3,201.5,65.1
11084,2026-01-14,17,4,50.6,0.0,5.9,293.48,96.14
11085,2026-01-14,6,5,83.8,0.0,8.5,586.6,192.74
11086,2026-01-14,26,5,60.7,0.0,-1.0,424.9,139.61
11087,2026-01-14,9,4,71.9,16.3,4.6,322.48,136.61
11088,2026-01-14,3,5,84.1,0.0,8.8,588.7,193.43
11089,2026-01-14,5,3,24.5,0.0,3.7,159.25,51.45
11090,2026-01-14,13,4,48.1,0.0,2.3,278.98,91.39
11091,2026-01-14,3,3,75.3,0.0,7.8,489.45,158.13
11092,2026-01-14,6,4,84.6,26.8,2.5,335.24,160.74
11093,2026-01-14,24,2,40.9,0.0,6.1,196.32,57.26
11094,2026-01-14,14,6,59.9,8.5,7.1,257.0,89.85
11095,2026-01-14,15,1,34.6,0.0,9.1,155.7,41.52
11096,2026-01-14,14,6,56.9,14.2,3.3,213.5,85.35
11097,2026-01-14,20,3,30.5,0.0,10.2,198.25,64.05
11098,2026-01-14,12,1,71.6,0.0,5.8,322.2,85.92
11099,2026-01-14,18,6,25.4,0.0,6.5,127.0,38.1
11100,2026-01-14,13,4,52.6,0.0,5.3,305.08,99.94
11101,2026-01-14,17,5,49.1,0.0,4.8,343.7,112.93
11102,2026-01-14,22,5,58.3,0.0,7.3,408.1,134.09
11103,2026-01-14,30,4,92.4,0.0,4.6,535.92,175.56
11104,2026-01-15,8,3,99.3,0.0,4.9,645.45,208.53
11105,2026-01-15,29,3,89.8,0.0,8.7,583.7,188.58
11106,2026-01-15,6,4,85.0,0.0,9.2,493.0,161.5
11107,2026-01-15,19,3,88.7,0.0,9.2,576.55,186.27
11108,2026-01-15,13,1,66.5,0.0,5.4,299.25,79.8
11109,2026-01-15,24,6,65.4,0.0,8.9,327.0,98.1
11110,2026-01-15,19,4,87.2,0.0,5.9,505.76,165.68
11111,2026-01-15,25,3,91.7,0.0,8.9,596.05,192.57
11112,2026-01-15,17,4,32.9,0.0,3.8,190.82,62.51
11113,2026-01-15,9,4,22.4,0.0,5.4,129.92,42.56
11114,2026-01-15,24,6,53.8,0.0,8.5,269.0,80.7
11115,2026-01-15,6,2,47.4,0.0,3.7,227.52,66.36
11116,2026-01-15,23,4,84.4,0.0,6.0,489.52,160.36
11117,2026-01-15,2,5,45.5,13.6,9.1,223.3,104.65
11118,2026-01-15,24,3,81.7,0.0,0.4,531.05,171.57
11119,2026-01-15,19,6,31.1,0.0,10.6,155.5,46.65
11120,2026-01-15,14,1,69.8,9.3,7.6,272.25,83.76
11121,2026-01-15,30,4,31.6,0.0,8.0,183.28,60.04
11122,2026-01-15,10,4,28.5,0.0,7.4,165.3,54.15
11123,2026-01-15,21,6,95.5,0.0,6.5,477.5,143.25
11124,2026-01-15,29,4,75.6,7.7,8.9,393.82,143.64
11125,2026-01-15,11,5,21.2,0.0,5.8,148.4,48.76
11126,2026-01-15,27,6,60.2,0.0,7.7,301.0,90.3
11127,2026-01-15,30,3,27.3,6.2,10.8,137.15,57.33
11128,2026-01-15,15,6,88.9,0.0,7.4,444.5,133.35
11129,2026-01-15,14,2,41.9,0.0,5.6,201.12,58.66
11130,2026-01-16,21,5,75.8,0.0,5.3,530.6,174.34
11131,2026-01-16,14,4,36.4,0.0,8.7,211.12,69.16
11132,2026-01-16,9,1,72.3,0.0,2.8,325.35,86.76
11133,2026-01-16,16,3,69.0,0.0,8.8,448.5,144.9
11134,2026-01-16,12,6,20.9,0.0,2.4,104.5,31.35
11135,2026-01-16,17,2,94.8,0.0,2.6,455.04,132.72
11136,2026-01-16,25,1,89.4,0.0,6.2,402.3,107.28
11137,2026-01-16,26,4,36.8,0.0,6.4,213.44,69.92
11138,2026-01-16,12,4,51.8,0.0,4.5,300.44,98.42
11139,2026-01-16,23,1,94.9,0.0,4.9,427.05,113.88
11140,2026-01-16,28,3,69.3,0.0,1.6,450.45,145.53
11141,2026-01-16,28,3,75.0,0.0,5.2,487.5,157.5
11142,2026-01-16,19,6,35.8,5.7,2.9,150.5,53.7
11143,2026-01-16,28,5,44.9,0.0,3.1,314.3,103.27
11144,2026-01-16,21,6,73.2,0.0,9.0,366.0,109.8
11145,2026-01-16,7,4,45.6,0.0,6.6,264.48,86.64
11146,2026-01-16,20,6,36.1,0.0,6.5,180.5,54.15
11147,2026-01-16,14,5,49.7,0.0,7.2,347.9,114.31
11148,2026-01-16,27,2,22.7,0.0,3.1,108.96,31.78
11149,2026-01-16,22,2,41.2,0.0,7.2,197.76,57.68
11150,2026-01-16,19,2,40.9,0.0,4.1,196.32,57.26
11151,2026-01-16,14,6,78.3,0.0,5.9,391.5,117.45
11152,2026-01-16,22,1,51.4,0.0,6.3,231.3,61.68
11153,2026-01-16,5,2,96.3,0.0,6.0,462.24,134.82
11154,2026-01-16,4,2,24.1,0.0,3.6,115.68,33.74
11155,2026-01-16,3,2,51.3,0.0,4.6,246.24,71.82
11156,2026-01-16,2,5,54.2,0.0,8.4,379.4,124.66
11157,2026-01-16,22,3,76.7,0.0,5.3,498.55,161.07
11158,2026-01-16,14,4,50.3,0.0,8.5,291.74,95.57
11159,2026-01-16,28,5,36.4,0.0,4.0,254.8,83.72
11160,2026-01-16,8,5,74.1,0.0,9.5,518.7,170.43
11161,2026-01-16,19,3,27.7,0.0,4.6,180.05,58.17
11162,2026-01-16,5,6,30.7,0.0,4.1,153.5,46.05
11163,2026-01-16,3,1,86.2,0.0,6.0,387.9,103.44
11164,2026-01-16,19,6,94.5,0.0,7.8,472.5,141.75
11165,2026-01-16,24,3,50.0,0.0,-0.6,325.0,105.0
11166,2026-01-16,29,3,77.8,0.0,7.1,505.7,163.38
11167,2026-01-16,19,5,34.4,0.0,8.5,240.8,79.12
11168,2026-01-16,27,2,48.6,0.0,6.1,233.28,68.04
11169,2026-01-16,6,2,33.0,0.0,4.2,158.4,46.2
11170,2026-01-16,24,4,94.1,0.0,3.1,545.78,178.79
11171,2026-01-16,12,3,45.2,0.0,3.2,293.8,94.92
11172,2026-01-16,3,1,41.6,0.0,4.0,187.2,49.92
11173,2026-01-16,18,5,29.2,4.9,11.1,170.1,67.16
11174,2026-01-16,20,5,53.7,0.0,4.4,375.9,123.51
11175,2026-01-16,4,3,23.0,0.0,5.4,149.5,48.3
11176,2026-01-17,10,4,90.3,0.0,7.4,523.74,171.57
11177,2026-01-17,15,6,24.3,0.0,5.5,121.5,36.45
11178,2026-01-17,14,1,76.4,0.0,4.6,343.8,91.68
11179,2026-01-17,26,6,50.3,0.0,6.1,251.5,75.45
11180,2026-01-17,20,4,89.8,0.0,8.5,520.84,170.62
11181,2026-01-17,6,3,71.5,0.0,7.9,464.75,150.15
11182,2026-01-17,3,3,81.8,27.2,9.9,354.9,171.78
11183,2026-01-17,15,3,23.4,0.0,4.1,152.1,49.14
11184,2026-01-17,27,3,67.5,0.0,10.2,438.75,141.75
11185,2026-01-17,29,4,84.8,0.0,4.0,491.84,161.12
11186,2026-01-17,25,2,68.7,0.0,7.4,329.76,96.18
11187,2026-01-17,2,1,68.4,0.0,4.5,307.8,82.08
11188,2026-01-17,11,3,58.0,0.0,3.7,377.0,121.8
11189,2026-01-17,6,1,32.8,0.0,6.1,147.6,39.36
11190,2026-01-17,20,2,87.1,0.0,8.0,418.08,121.94
11191,2026-01-17,6,2,71.3,0.0,8.6,342.24,99.82
11192,2026-01-17,13,2,75.3,0.0,6.2,361.44,105.42
11193,2026-01-17,9,4,61.1,0.0,3.6,354.38,116.09
11194,2026-01-17,29,5,98.5,0.0,3.6,689.5,226.55
11195,2026-01-17,2,5,75.0,0.0,9.0,525.0,172.5
11196,2026-01-17,5,4,37.9,0.0,9.1,219.82,72.01
11197,2026-01-17,1,2,85.5,0.0,5.7,410.4,119.7
11198,2026-01-17,12,1,84.5,0.0,4.1,380.25,101.4
11199,2026-01-17,20,3,64.3,0.0,9.4,417.95,135.03
11200,2026-01-17,10,5,76.2,0.0,5.7,533.4,175.26
11201,2026-01-17,20,2,76.0,19.7,10.5,270.24,106.4
11202,2026-01-17,27,4,45.5,0.0,8.8,263.9,86.45
11203,2026-01-17,1,1,75.2,0.0,1.5,338.4,90.24
11204,2026-01-17,4,1,57.9,0.0,3.0,260.55,69.48
11205,2026-01-17,9,6,49.4,0.0,1.4,247.0,74.1
11206,2026-01-17,19,5,70.9,0.0,5.7,496.3,163.07
11207,2026-01-17,6,6,85.4,0.0,5.4,427.0,128.1
11208,2026-01-17,9,3,99.2,0.0,3.8,644.8,208.32
11209,2026-01-17,21,6,74.0,0.0,8.5,370.0,111.0
11210,2026-01-17,27,2,87.8,0.0,9.1,421.44,122.92
11211,2026-01-17,21,2,35.3,0.0,7.4,169.44,49.42
11212,2026-01-17,24,4,37.4,0.0,6.9,216.92,71.06
11213,2026-01-17,17,2,44.2,0.0,10.5,212.16,61.88
11214,2026-01-17,19,1,55.1,0.0,4.2,247.95,66.12
11215,2026-01-17,10,3,68.2,0.0,8.2,443.3,143.22
11216,2026-01-17,28,4,66.7,0.0,0.2,386.86,126.73
11217,2026-01-17,5,1,68.8,0.0,3.1,309.6,82.56
11218,2026-01-17,8,2,42.2,14.2,7.9,134.4,59.08
11219,2026-01-17,30,6,47.2,0.0,9.4,236.0,70.8
11220,2026-01-17,16,4,50.0,0.0,5.5,290.0,95.0
11221,2026-01-17,1,1,62.8,21.4,10.1,186.3,75.36
11222,2026-01-17,16,1,82.3,0.0,8.3,370.35,98.76
11223,2026-01-17,23,1,93.4,0.0,8.0,420.3,112.08
11224,2026-01-17,16,5,69.4,0.0,10.1,485.8,159.62
11225,2026-01-18,26,1,74.7,0.0,3.2,336.15,89.64
11226,2026-01-18,23,6,98.0,0.0,4.1,490.0,147.0
11227,2026-01-18,30,6,33.1,0.0,7.4,165.5,49.65
11228,2026-01-18,30,3,94.6,0.0,2.8,614.9,198.66
11229,2026-01-18,13,1,46.4,8.0,9.9,172.8,55.68
11230,2026-01-18,2,2,36.1,0.0,3.2,173.28,50.54
11231,2026-01-18,11,1,22.8,0.0,5.4,102.6,27.36
11232,2026-01-18,11,6,50.7,0.0,6.1,253.5,76.05
11233,2026-01-18,17,2,98.9,0.0,6.4,474.72,138.46
11234,2026-01-18,3,2,29.6,0.0,5.1,142.08,41.44
11235,2026-01-18,7,4,94.4,0.0,3.9,547.52,179.36
11236,2026-01-18,1,4,73.8,0.0,6.0,428.04,140.22
11237,2026-01-18,6,5,44.0,0.0,8.6,308.0,101.2
11238,2026-01-18,17,4,28.9,0.0,4.1,167.62,54.91
11239,2026-01-18,4,4,74.1,0.0,6.7,429.78,140.79
11240,2026-01-18,1,1,43.4,0.0,5.1,195.3,52.08
11241,2026-01-18,2,1,55.2,0.0,3.7,248.4,66.24
11242,2026-01-18,4,5,91.1,0.0,7.5,637.7,209.53
11243,2026-01-18,7,6,24.3,0.0,8.4,121.5,36.45
11244,2026-01-18,10,2,72.0,0.0,5.1,345.6,100.8
11245,2026-01-18,5,2,99.7,0.0,7.5,478.56,139.58
11246,2026-01-18,25,2,64.8,0.0,6.4,311.04,90.72
11247,2026-01-18,3,2,26.7,0.0,8.9,128.16,37.38
11248,2026-01-18,8,1,29.6,0.0,2.2,133.2,35.52
11249,2026-01-18,4,1,93.9,0.0,5.1,422.55,112.68
11250,2026-01-18,20,4,93.5,0.0,3.7,542.3,177.65
11251,2026-01-18,3,5,24.9,0.0,6.0,174.3,57.27
11252,2026-01-18,21,4,88.3,0.0,4.9,512.14,167.77
11253,2026-01-18,30,5,21.6,0.0,4.9,151.2,49.68
11254,2026-01-18,19,1,65.3,0.0,6.7,293.85,78.36
11255,2026-01-18,27,2,37.5,0.0,7.1,180.0,52.5
11256,2026-01-18,23,1,47.2,0.0,5.1,212.4,56.64
11257,2026-01-18,24,2,38.5,0.0,5.4,184.8,53.9
11258,2026-01-18,22,4,44.0,0.0,6.3,255.2,83.6
11259,2026-01-18,1,1,25.4,0.0,3.4,114.3,30.48
11260,2026-01-18,16,2,74.9,0.0,8.5,359.52,104.86
11261,2026-01-18,29,2,51.6,0.0,6.3,247.68,72.24
11262,2026-01-18,2,6,55.4,0.0,9.3,277.0,83.1
11263,2026-01-18,29,4,50.9,0.0,5.3,295.22,96.71
11264,2026-01-18,16,2,85.9,0.0,2.9,412.32,120.26
11265,2026-01-18,8,5,37.4,0.0,8.4,261.8,86.02
11266,2026-01-18,18,3,20.3,0.0,6.1,131.95,42.63
11267,2026-01-18,30,3,69.1,0.0,7.7,449.15,145.11
11268,2026-01-18,24,2,92.7,0.0,4.8,444.96,129.78
11269,2026-01-18,22,4,42.9,0.0,4.4,248.82,81.51
11270,2026-01-19,29,4,26.2,0.0,7.9,151.96,49.78
11271,2026-01-19,27,5,20.3,0.0,4.4,142.1,46.69
11272,2026-01-19,24,4,47.0,0.0,3.7,272.6,89.3
11273,2026-01-19,1,1,40.4,0.0,6.8,181.8,48.48
11274,2026-01-19,20,2,71.4,0.0,2.1,342.72,99.96
11275,2026-01-19,30,4,93.4,0.0,3.3,541.72,177.46
11276,2026-01-19,11,4,70.4,0.0,1.9,408.32,133.76
11277,2026-01-19,18,2,89.1,0.0,7.3,427.68,124.74
11278,2026-01-19,1,3,66.3,0.0,4.7,430.95,139.23
11279,2026-01-19,7,2,43.3,0.0,2.6,207.84,60.62
11280,2026-01-19,21,2,67.4,0.0,2.1,323.52,94.36
11281,2026-01-19,24,5,28.7,0.0,2.1,200.9,66.01
11282,2026-01-19,15,1,47.3,0.0,4.2,212.85,56.76
11283,2026-01-19,6,2,83.6,0.0,6.8,401.28,117.04
11284,2026-01-19,22,3,95.2,0.0,7.1,618.8,199.92
11285,2026-01-19,24,6,61.8,0.0,4.8,309.0,92.7
11286,2026-01-19,14,6,54.5,0.0,1.8,272.5,81.75
11287,2026-01-19,28,5,89.3,0.0,9.7,625.1,205.39
11288,2026-01-19,25,2,55.8,0.0,2.7,267.84,78.12
11289,2026-01-19,21,5,94.6,0.0,5.5,662.2,217.58
11290,2026-01-19,16,6,76.6,0.0,8.7,383.0,114.9
11291,2026-01-19,26,5,24.8,0.0,4.8,173.6,57.04
11292,2026-01-19,12,5,85.2,0.0,5.6,596.4,195.96
11293,2026-01-19,7,2,87.6,28.7,5.2,282.72,122.64
11294,2026-01-19,7,6,47.7,0.0,6.4,238.5,71.55
11295,2026-01-19,28,4,34.0,0.0,8.9,197.2,64.6
11296,2026-01-19,28,2,54.0,0.0,5.7,259.2,75.6
11297,2026-01-19,20,5,87.6,0.0,7.1,613.2,201.48
11298,2026-01-19,7,4,74.4,0.0,6.2,431.52,141.36
11299,2026-01-20,20,4,38.5,0.0,7.4,223.3,73.15
11300,2026-01-20,21,1,95.8,29.6,7.9,297.9,114.96
11301,2026-01-20,6,3,92.5,0.0,6.7,601.25,194.25
11302,2026-01-20,7,1,88.3,0.0,7.7,397.35,105.96
11303,2026-01-20,17,2,44.6,0.0,6.6,214.08,62.44
11304,2026-01-20,4,4,58.5,7.8,3.5,294.06,111.15
11305,2026-01-20,27,3,78.2,0.0,6.8,508.3,164.22
11306,2026-01-20,13,1,56.8,0.0,3.3,255.6,68.16
11307,2026-01-20,21,3,81.4,0.0,4.3,529.1,170.94
11308,2026-01-20,15,6,93.6,0.0,6.0,468.0,140.4
11309,2026-01-20,8,3,84.7,0.0,6.8,550.55,177.87
11310,2026-01-20,16,1,51.9,0.0,11.4,233.55,62.28
11311,2026-01-20,7,3,47.1,0.0,6.4,306.15,98.91
11312,2026-01-20,6,4,43.8,0.0,6.1,254.04,83.22
11313,2026-01-20,2,5,93.7,0.0,2.8,655.9,215.51
11314,2026-01-20,12,6,20.1,0.0,8.4,100.5,30.15
11315,2026-01-20,26,4,33.6,0.0,3.8,194.88,63.84
11316,2026-01-21,8,4,55.3,0.0,1.0,320.74,105.07
11317,2026-01-21,11,3,59.4,0.0,6.6,386.1,124.74
11318,2026-01-21,6,5,74.5,0.0,8.7,521.5,171.35
11319,2026-01-21,26,5,30.8,0.0,7.5,215.6,70.84
11320,2026-01-21,11,6,75.3,0.0,6.7,376.5,112.95
11321,2026-01-21,6,1,53.8,0.0,2.6,242.1,64.56
11322,2026-01-21,22,1,84.8,0.0,9.0,381.6,101.76
11323,2026-01-21,18,5,98.9,0.0,7.3,692.3,227.47
11324,2026-01-21,2,6,97.6,0.0,5.0,488.0,146.4
11325,2026-01-21,16,2,49.5,0.0,4.8,237.6,69.3
11326,2026-01-21,1,6,91.9,0.0,8.7,459.5,137.85
11327,2026-01-21,7,5,29.2,0.0,5.2,204.4,67.16
11328,2026-01-21,26,5,78.9,0.0,4.3,552.3,181.47
11329,2026-01-21,14,5,34.6,0.0,3.9,242.2,79.58
11330,2026-01-21,19,3,29.8,0.0,5.3,193.7,62.58
11331,2026-01-21,11,5,85.8,0.0,2.6,600.6,197.34
11332,2026-01-21,23,4,62.1,0.0,2.2,360.18,117.99
11333,2026-01-21,27,1,36.9,0.0,9.6,166.05,44.28
11334,2026-01-21,26,4,99.9,0.0,8.3,579.42,189.81
11335,2026-01-21,25,6,40.7,0.0,4.7,203.5,61.05
11336,2026-01-21,2,5,35.8,0.0,5.6,250.6,82.34
11337,2026-01-21,11,2,60.0,0.0,6.9,288.0,84.0
11338,2026-01-21,28,1,82.7,0.0,4.3,372.15,99.24
11339,2026-01-21,27,4,80.2,0.0,8.1,465.16,152.38
11340,2026-01-22,1,5,91.4,0.0,3.3,639.8,210.22
11341,2026-01-22,1,3,30.7,8.5,7.9,144.3,64.47
11342,2026-01-22,4,3,76.2,0.0,5.0,495.3,160.02
11343,2026-01-22,19,4,21.2,0.0,7.6,122.96,40.28
11344,2026-01-22,13,2,99.0,0.0,5.5,475.2,138.6
11345,2026-01-22,14,2,71.6,0.0,11.4,343.68,100.24
11346,2026-01-22,5,4,20.9,0.0,9.6,121.22,39.71
11347,2026-01-22,21,5,99.1,0.0,5.5,693.7,227.93
11348,2026-01-22,7,2,20.4,0.0,3.8,97.92,28.56
11349,2026-01-22,11,3,22.4,0.0,5.9,145.6,47.04
11350,2026-01-22,26,1,68.2,0.0,4.5,306.9,81.84
11351,2026-01-22,30,5,25.4,0.0,3.3,177.8,58.42
11352,2026-01-22,12,3,37.3,0.0,5.5,242.45,78.33
11353,2026-01-22,20,6,87.4,0.0,5.4,437.0,131.1
11354,2026-01-22,30,5,72.6,0.0,8.2,508.2,166.98
11355,2026-01-22,21,3,78.2,0.0,6.6,508.3,164.22
11356,2026-01-22,19,5,46.6,0.0,2.5,326.2,107.18
11357,2026-01-22,4,5,49.2,0.0,6.4,344.4,113.16
11358,2026-01-22,16,5,62.5,0.0,4.5,437.5,143.75
11359,2026-01-22,14,6,98.0,0.0,5.8,490.0,147.0
11360,2026-01-22,19,2,82.8,0.0,3.8,397.44,115.92
11361,2026-01-22,22,6,33.4,0.0,3.7,167.0,50.1
11362,2026-01-22,5,3,20.1,0.0,9.1,130.65,42.21
11363,2026-01-22,6,4,96.8,0.0,7.4,561.44,183.92
11364,2026-01-22,20,1,55.0,0.0,0.5,247.5,66.0
11365,2026-01-22,13,2,36.3,0.0,3.5,174.24,50.82
11366,2026-01-22,5,2,76.1,15.1,5.2,292.8,106.54
11367,2026-01-22,9,1,42.0,0.0,4.8,189.0,50.4
11368,2026-01-22,2,6,90.6,0.0,4.4,453.0,135.9
11369,2026-01-23,6,2,44.9,0.0,4.6,215.52,62.86
11370,2026-01-23,19,3,28.1,0.0,5.8,182.65,59.01
11371,2026-01-23,12,6,45.2,0.0,11.0,226.0,67.8
11372,2026-01-23,22,5,54.6,0.0,9.0,382.2,125.58
11373,2026-01-23,10,2,72.7,0.0,9.0,348.96,101.78
11374,2026-01-23,4,6,87.3,11.0,4.2,381.5,130.95
11375,2026-01-23,6,3,47.1,0.0,5.6,306.15,98.91
11376,2026-01-23,7,6,59.3,0.0,4.9,296.5,88.95
11377,2026-01-23,30,5,30.7,0.0,7.1,214.9,70.61
11378,2026-01-23,13,3,29.6,0.0,7.6,192.4,62.16
11379,2026-01-23,25,4,89.1,0.0,5.6,516.78,169.29
11380,2026-01-23,1,3,58.0,0.0,10.3,377.0,121.8
11381,2026-01-23,6,1,84.7,0.0,6.3,381.15,101.64
11382,2026-01-23,5,2,65.8,0.0,5.5,315.84,92.12
11383,2026-01-23,9,1,64.7,0.0,10.3,291.15,77.64
11384,2026-01-23,19,6,58.0,0.0,14.1,290.0,87.0
11385,2026-01-23,6,6,67.1,0.0,8.2,335.5,100.65
11386,2026-01-23,11,4,34.3,0.0,3.1,198.94,65.17
11387,2026-01-23,28,4,40.4,0.0,6.4,234.32,76.76
11388,2026-01-23,23,3,72.2,0.0,7.8,469.3,151.62
11389,2026-01-23,21,5,23.6,0.0,9.5,165.2,54.28
11390,2026-01-23,3,4,51.3,0.0,6.5,297.54,97.47
11391,2026-01-23,20,5,79.2,0.0,6.5,554.4,182.16
11392,2026-01-23,27,3,53.6,6.1,10.3,308.75,112.56
11393,2026-01-23,28,6,20.3,0.0,7.8,101.5,30.45
11394,2026-01-23,24,1,27.8,0.0,7.8,125.1,33.36
11395,2026-01-23,2,6,61.7,0.0,7.5,308.5,92.55
11396,2026-01-23,15,3,66.5,0.0,8.3,432.25,139.65
11397,2026-01-23,4,5,60.1,0.0,4.7,420.7,138.23
11398,2026-01-23,3,6,87.7,0.0,6.6,438.5,131.55
11399,2026-01-23,7,5,47.6,0.0,8.5,333.2,109.48
11400,2026-01-23,29,5,29.2,0.0,5.7,204.4,67.16
11401,2026-01-23,19,6,76.2,0.0,6.1,381.0,114.3
11402,2026-01-23,5,3,51.8,0.0,6.9,336.7,108.78
11403,2026-01-23,17,4,42.1,0.0,7.9,244.18,79.99
11404,2026-01-23,26,2,38.7,0.0,3.9,185.76,54.18
11405,2026-01-23,12,3,95.6,19.0,3.6,497.9,200.76
11406,2026-01-23,14,2,81.4,0.0,5.7,390.72,113.96
11407,2026-01-23,12,3,56.8,0.0,5.2,369.2,119.28
11408,2026-01-23,5,1,80.8,0.0,4.9,363.6,96.96
11409,2026-01-23,12,1,49.5,0.0,8.1,222.75,59.4
11410,2026-01-23,19,4,53.8,0.0,12.0,312.04,102.22
11411,2026-01-23,5,4,35.7,0.0,-0.2,207.06,67.83
11412,2026-01-23,21,6,82.6,0.0,3.3,413.0,123.9
11413,2026-01-23,12,6,26.5,0.0,2.9,132.5,39.75
11414,2026-01-23,5,4,51.2,0.0,9.5,296.96,97.28
11415,2026-01-23,16,3,88.9,0.0,1.8,577.85,186.69
11416,2026-01-23,22,6,89.9,0.0,2.8,449.5,134.85
11417,2026-01-23,12,2,72.2,0.0,6.8,346.56,101.08
11418,2026-01-23,21,4,31.8,0.0,8.7,184.44,60.42
11419,2026-01-23,11,4,71.3,0.0,3.5,413.54,135.47
11420,2026-01-24,28,2,55.5,0.0,5.8,266.4,77.7
11421,2026-01-24,13,4,65.2,0.0,2.4,378.16,123.88
11422,2026-01-24,21,4,61.8,0.0,7.3,358.44,117.42
11423,2026-01-24,4,3,70.8,0.0,10.5,460.2,148.68
11424,2026-01-24,28,6,79.4,0.0,1.9,397.0,119.1
11425,2026-01-24,14,1,46.9,17.8,10.8,130.95,56.28
11426,2026-01-24,10,6,41.4,0.0,9.2,207.0,62.1
11427,2026-01-24,22,5,43.8,0.0,10.2,306.6,100.74
11428,2026-01-24,9,3,81.2,0.0,6.3,527.8,170.52
11429,2026-01-24,15,1,32.9,0.0,4.6,148.05,39.48
11430,2026-01-24,24,2,30.9,0.0,8.1,148.32,43.26
11431,2026-01-24,14,2,56.6,0.0,9.4,271.68,79.24
11432,2026-01-24,12,6,84.7,0.0,6.7,423.5,127.05
11433,2026-01-24,10,3,75.6,0.0,4.0,491.4,158.76
11434,2026-01-24,4,3,77.0,0.0,5.8,500.5,161.7
11435,2026-01-24,22,3,76.2,0.0,3.9,495.3,160.02
11436,2026-01-24,26,6,52.1,0.0,7.0,260.5,78.15
11437,2026-01-24,9,3,82.6,0.0,6.1,536.9,173.46
11438,2026-01-24,6,6,64.6,0.0,6.2,323.0,96.9
11439,2026-01-24,25,1,37.1,0.0,7.6,166.95,44.52
11440,2026-01-24,29,6,85.5,0.0,4.9,427.5,128.25
11441,2026-01-24,2,6,45.7,9.4,10.2,181.5,68.55
11442,2026-01-24,28,3,83.7,0.0,8.1,544.05,175.77
11443,2026-01-24,16,4,25.1,0.0,5.1,145.58,47.69
11444,2026-01-24,7,5,21.7,0.0,9.5,151.9,49.91
11445,2026-01-24,30,2,75.2,0.0,9.5,360.96,105.28
11446,2026-01-24,19,4,51.9,0.0,11.3,301.02,98.61
11447,2026-01-24,18,4,40.5,0.0,4.6,234.9,76.95
11448,2026-01-24,14,2,72.4,0.0,4.2,347.52,101.36
11449,2026-01-24,6,4,54.4,0.0,1.7,315.52,103.36
11450,2026-01-24,21,3,92.6,0.0,7.4,601.9,194.46
11451,2026-01-24,23,5,97.7,0.0,6.5,683.9,224.71
11452,2026-01-24,9,6,45.4,0.0,8.3,227.0,68.1
11453,2026-01-24,11,5,94.5,0.0,7.0,661.5,217.35
11454,2026-01-24,5,2,97.6,0.0,2.9,468.48,136.64
11455,2026-01-24,12,5,69.7,0.0,7.2,487.9,160.31
11456,2026-01-24,20,5,99.6,0.0,2.7,697.2,229.08
11457,2026-01-24,18,1,38.8,0.0,5.0,174.6,46.56
11458,2026-01-24,5,1,42.0,0.0,10.4,189.0,50.4
11459,2026-01-24,22,2,84.0,0.0,4.8,403.2,117.6
11460,2026-01-24,12,5,97.0,0.0,2.7,679.0,223.1
11461,2026-01-24,3,4,66.0,0.0,1.3,382.8,125.4
11462,2026-01-25,9,3,63.0,0.0,4.0,409.5,132.3
11463,2026-01-25,2,3,49.9,0.0,7.1,324.35,104.79
11464,2026-01-25,26,5,57.1,0.0,7.4,399.7,131.33
11465,2026-01-25,4,1,35.3,0.0,6.9,158.85,42.36
11466,2026-01-25,19,3,36.8,0.0,4.4,239.2,77.28
11467,2026-01-25,7,2,91.0,0.0,7.8,436.8,127.4
11468,2026-01-25,7,2,59.8,0.0,5.0,287.04,83.72
11469,2026-01-25,13,1,42.1,0.0,5.5,189.45,50.52
11470,2026-01-25,15,1,48.9,0.0,7.7,220.05,58.68
11471,2026-01-25,9,4,75.6,0.0,2.9,438.48,143.64
11472,2026-01-25,14,6,57.3,0.0,1.7,286.5,85.95
11473,2026-01-25,19,6,82.3,0.0,2.9,411.5,123.45
11474,2026-01-25,18,2,83.6,0.0,8.9,401.28,117.04
11475,2026-01-25,4,6,34.1,0.0,6.1,170.5,51.15
11476,2026-01-25,26,1,90.7,0.0,6.3,408.15,108.84
11477,2026-01-25,5,1,80.8,0.0,3.9,363.6,96.96
11478,2026-01-25,7,2,24.5,0.0,5.6,117.6,34.3
11479,2026-01-25,18,2,91.9,0.0,2.7,441.12,128.66
11480,2026-01-25,28,1,52.7,0.0,3.8,237.15,63.24
11481,2026-01-25,28,6,95.1,0.0,8.4,475.5,142.65
11482,2026-01-25,26,6,86.7,0.0,8.9,433.5,130.05
11483,2026-01-25,21,3,75.7,0.0,5.1,492.05,158.97
11484,2026-01-25,7,1,63.1,0.0,5.7,283.95,75.72
11485,2026-01-25,24,4,41.0,0.0,3.7,237.8,77.9
11486,2026-01-25,7,5,43.1,0.0,9.0,301.7,99.13
11487,2026-01-26,25,3,50.5,0.0,7.6,328.25,106.05
11488,2026-01-26,22,4,94.6,0.0,4.3,548.68,179.74
11489,2026-01-26,29,3,88.1,0.0,2.4,572.65,185.01
11490,2026-01-26,25,5,20.4,0.0,3.4,142.8,46.92
11491,2026-01-26,5,4,42.5,0.0,5.9,246.5,80.75
11492,2026-01-26,11,4,45.5,0.0,6.3,263.9,86.45
11493,2026-01-26,16,4,74.4,0.0,6.9,431.52,141.36
11494,2026-01-26,12,4,20.3,0.0,7.2,117.74,38.57
11495,2026-01-26,7,4,32.8,0.0,8.2,190.24,62.32
11496,2026-01-26,10,6,41.5,0.0,8.1,207.5,62.25
11497,2026-01-26,16,6,71.6,0.0,7.1,358.0,107.4
11498,2026-01-26,28,4,46.6,0.0,3.2,270.28,88.54
11499,2026-01-26,10,4,50.4,0.0,4.5,292.32,95.76
11500,2026-01-26,14,5,27.3,5.1,7.9,155.4,62.79
11501,2026-01-26,23,5,28.8,0.0,9.6,201.6,66.24
11502,2026-01-26,27,4,45.9,0.0,-0.1,266.22,87.21
11503,2026-01-26,7,2,73.5,0.0,2.1,352.8,102.9
11504,2026-01-26,27,4,42.6,0.0,6.1,247.08,80.94
11505,2026-01-26,3,5,47.5,0.0,2.1,332.5,109.25
11506,2026-01-26,11,5,31.1,8.2,1.8,160.3,71.53
11507,2026-01-26,4,4,69.3,0.0,1.0,401.94,131.67
11508,2026-01-26,25,5,89.5,0.0,2.4,626.5,205.85
11509,2026-01-26,30,4,81.6,0.0,8.2,473.28,155.04
11510,2026-01-26,14,4,42.6,0.0,9.5,247.08,80.94
11511,2026-01-26,30,2,53.7,0.0,6.9,257.76,75.18
11512,2026-01-27,10,2,40.4,0.0,4.8,193.92,56.56
11513,2026-01-27,10,2,41.0,0.0,4.5,196.8,57.4
11514,2026-01-27,6,1,48.8,0.0,1.6,219.6,58.56
11515,2026-01-27,4,5,50.8,0.0,6.5,355.6,116.84
11516,2026-01-27,5,5,80.2,0.0,3.6,561.4,184.46
11517,2026-01-27,2,3,87.4,0.0,3.1,568.1,183.54
11518,2026-01-27,14,1,33.5,0.0,7.6,150.75,40.2
11519,2026-01-27,13,2,45.2,0.0,5.5,216.96,63.28
11520,2026-01-27,15,1,41.8,0.0,6.5,188.1,50.16
11521,2026-01-27,10,2,37.1,0.0,1.3,178.08,51.94
11522,2026-01-27,26,1,46.1,0.0,4.2,207.45,55.32
11523,2026-01-27,1,4,34.5,3.5,10.2,179.8,65.55
11524,2026-01-27,27,2,67.4,0.0,5.4,323.52,94.36
11525,2026-01-27,13,5,38.9,0.0,4.1,272.3,89.47
11526,2026-01-27,12,3,30.9,0.0,1.8,200.85,64.89
11527,2026-01-27,21,1,20.1,0.0,6.7,90.45,24.12
11528,2026-01-27,6,2,22.9,0.0,7.5,109.92,32.06
11529,2026-01-27,2,4,93.7,0.0,5.0,543.46,178.03
11530,2026-01-27,4,6,61.2,0.0,5.8,306.0,91.8
11531,2026-01-27,7,6,84.6,0.0,7.3,423.0,126.9
11532,2026-01-27,20,2,37.7,0.0,3.8,180.96,52.78
11533,2026-01-27,17,4,29.7,0.0,9.4,172.26,56.43
11534,2026-01-27,13,2,63.9,0.0,4.5,306.72,89.46
11535,2026-01-27,1,5,30.3,0.0,8.5,212.1,69.69
11536,2026-01-28,9,1,90.9,0.0,5.1,409.05,109.08
11537,2026-01-28,3,2,71.0,0.0,2.9,340.8,99.4
11538,2026-01-28,19,2,31.4,0.0,7.0,150.72,43.96
11539,2026-01-28,15,1,39.7,0.0,3.5,178.65,47.64
11540,2026-01-28,11,5,66.0,0.0,6.8,462.0,151.8
11541,2026-01-28,20,5,59.9,0.0,2.9,419.3,137.77
11542,2026-01-28,27,1,26.4,0.0,5.2,118.8,31.68
11543,2026-01-28,13,5,67.5,0.0,5.9,472.5,155.25
11544,2026-01-28,23,2,65.9,10.4,8.3,266.4,92.26
11545,2026-01-28,19,4,21.1,0.0,6.2,122.38,40.09
11546,2026-01-28,3,3,72.3,0.0,5.3,469.95,151.83
11547,2026-01-28,14,4,56.5,0.0,8.7,327.7,107.35
11548,2026-01-28,13,3,66.2,0.0,0.6,430.3,139.02
11549,2026-01-28,30,6,97.3,15.4,7.3,409.5,145.95
11550,2026-01-28,29,4,39.8,0.0,5.9,230.84,75.62
11551,2026-01-28,29,4,25.8,0.0,6.0,149.64,49.02
11552,2026-01-28,5,5,76.0,0.0,5.3,532.0,174.8
11553,2026-01-28,4,6,98.2,0.0,8.7,491.0,147.3
11554,2026-01-28,2,5,59.8,0.0,7.5,418.6,137.54
11555,2026-01-28,5,4,36.1,0.0,7.4,209.38,68.59
11556,2026-01-28,9,2,85.0,0.0,3.5,408.0,119.0
11557,2026-01-29,20,4,49.8,0.0,8.0,288.84,94.62
11558,2026-01-29,1,3,75.8,0.0,5.7,492.7,159.18
11559,2026-01-29,16,3,23.9,0.0,8.2,155.35,50.19
11560,2026-01-29,24,1,23.2,0.0,6.7,104.4,27.84
11561,2026-01-29,2,6,49.9,0.0,7.7,249.5,74.85
11562,2026-01-29,25,3,64.2,0.0,5.8,417.3,134.82
11563,2026-01-29,13,2,91.3,0.0,8.1,438.24,127.82
11564,2026-01-29,6,4,29.8,0.0,6.9,172.84,56.62
11565,2026-01-29,7,2,62.1,0.0,8.3,298.08,86.94
11566,2026-01-29,17,2,64.9,0.0,7.8,311.52,90.86
11567,2026-01-29,25,4,97.8,0.0,7.0,567.24,185.82
11568,2026-01-29,22,3,30.8,0.0,6.9,200.2,64.68
11569,2026-01-29,29,4,67.6,0.0,6.4,392.08,128.44
11570,2026-01-29,4,5,38.0,0.0,2.0,266.0,87.4
11571,2026-01-29,3,2,99.9,0.0,6.3,479.52,139.86
11572,2026-01-29,8,4,44.1,0.0,8.9,255.78,83.79
11573,2026-01-29,15,3,44.6,0.0,3.1,289.9,93.66
11574,2026-01-29,12,3,96.0,0.0,7.6,624.0,201.6
11575,2026-01-29,10,1,81.6,32.2,9.3,222.3,97.92
11576,2026-01-29,22,2,29.9,0.0,3.5,143.52,41.86
11577,2026-01-29,26,5,99.6,0.0,5.9,697.2,229.08
11578,2026-01-29,28,2,83.6,0.0,3.6,401.28,117.04
11579,2026-01-29,15,3,48.8,0.0,2.1,317.2,102.48
11580,2026-01-29,29,5,50.5,0.0,4.7,353.5,116.15
11581,2026-01-29,29,6,44.2,0.0,8.3,221.0,66.3
11582,2026-01-29,8,6,71.5,16.2,4.6,276.5,107.25
11583,2026-01-29,19,3,84.2,0.0,4.0,547.3,176.82
11584,2026-01-29,8,5,81.0,0.0,5.4,567.0,186.3
11585,2026-01-29,11,2,59.9,0.0,7.7,287.52,83.86
11586,2026-01-29,6,3,52.7,0.0,5.6,342.55,110.67
11587,2026-01-29,2,1,87.3,0.0,8.7,392.85,104.76
11588,2026-01-29,15,1,47.1,0.0,7.0,211.95,56.52
11589,2026-01-30,24,3,78.4,0.0,6.1,509.6,164.64
11590,2026-01-30,22,4,30.1,0.0,4.9,174.58,57.19
11591,2026-01-30,17,5,88.7,0.0,2.3,620.9,204.01
11592,2026-01-30,14,3,46.3,0.0,4.0,300.95,97.23
11593,2026-01-30,2,4,79.1,0.0,-1.1,458.78,150.29
11594,2026-01-30,28,1,60.6,0.0,7.2,272.7,72.72
11595,2026-01-30,10,5,71.6,0.0,5.1,501.2,164.68
11596,2026-01-30,29,3,63.7,0.0,8.9,414.05,133.77
11597,2026-01-30,23,4,22.7,0.0,8.0,131.66,43.13
11598,2026-01-30,4,5,49.9,0.0,0.9,349.3,114.77
11599,2026-01-30,11,6,48.2,0.0,9.8,241.0,72.3
11600,2026-01-30,5,2,75.3,0.0,5.7,361.44,105.42
11601,2026-01-30,7,6,40.6,0.0,4.2,203.0,60.9
11602,2026-01-30,18,4,58.2,0.0,6.1,337.56,110.58
11603,2026-01-30,8,5,51.7,0.0,5.6,361.9,118.91
11604,2026-01-30,30,2,31.4,0.0,2.4,150.72,43.96
11605,2026-01-30,25,1,72.4,0.0,4.7,325.8,86.88
11606,2026-01-30,11,2,25.4,0.0,6.4,121.92,35.56
11607,2026-01-30,20,5,57.0,0.0,12.6,399.0,131.1
11608,2026-01-30,6,4,80.7,0.0,4.8,468.06,153.33
11609,2026-01-30,21,5,31.9,0.0,7.1,223.3,73.37
11610,2026-01-30,22,5,47.8,0.0,7.7,334.6,109.94
11611,2026-01-30,26,5,68.3,0.0,4.6,478.1,157.09
11612,2026-01-30,5,4,91.2,0.0,-0.7,528.96,173.28
11613,2026-01-30,11,2,80.6,0.0,2.6,386.88,112.84
11614,2026-01-30,8,2,28.4,0.0,7.3,136.32,39.76
11615,2026-01-30,23,6,44.3,0.0,7.1,221.5,66.45
11616,2026-01-30,29,6,27.7,0.0,6.8,138.5,41.55
11617,2026-01-30,17,4,69.7,0.0,6.8,404.26,132.43
11618,2026-01-30,26,2,86.1,0.0,4.4,413.28,120.54
11619,2026-01-30,11,6,40.8,0.0,8.5,204.0,61.2
11620,2026-01-30,18,2,36.1,0.0,3.4,173.28,50.54
11621,2026-01-30,6,6,62.5,0.0,5.2,312.5,93.75
11622,2026-01-30,10,2,21.0,0.0,4.6,100.8,29.4
11623,2026-01-30,13,5,48.7,0.0,7.0,340.9,112.01
11624,2026-01-30,26,1,42.8,0.0,6.9,192.6,51.36
11625,2026-01-30,3,6,81.9,0.0,6.0,409.5,122.85
11626,2026-01-30,30,4,89.6,0.0,12.4,519.68,170.24
11627,2026-01-30,16,1,31.3,0.0,6.1,140.85,37.56
11628,2026-01-30,4,2,44.0,0.0,7.5,211.2,61.6
11629,2026-01-30,16,4,54.5,0.0,4.6,316.1,103.55
11630,2026-01-30,17,2,88.9,0.0,8.8,426.72,124.46
11631,2026-01-30,14,2,57.6,0.0,3.2,276.48,80.64
11632,2026-01-31,18,5,89.2,0.0,4.9,624.4,205.16
11633,2026-01-31,12,5,24.9,5.7,6.3,134.4,57.27
11634,2026-01-31,7,6,35.7,0.0,5.3,178.5,53.55
11635,2026-01-31,7,5,66.3,0.0,7.2,464.1,152.49
11636,2026-01-31,20,4,45.9,0.0,5.3,266.22,87.21
11637,2026-01-31,3,4,35.4,0.0,7.0,205.32,67.26
11638,2026-01-31,19,3,82.6,0.0,2.7,536.9,173.46
11639,2026-01-31,3,5,63.9,0.0,7.5,447.3,146.97
11640,2026-01-31,5,4,54.8,0.0,8.9,317.84,104.12
11641,2026-01-31,26,1,21.7,0.0,5.1,97.65,26.04
11642,2026-01-31,10,3,93.8,0.0,0.6,609.7,196.98
11643,2026-01-31,17,3,54.0,0.0,3.7,351.0,113.4
11644,2026-01-31,12,2,39.7,14.1,10.8,122.88,55.58
11645,2026-01-31,13,6,55.8,0.0,6.0,279.0,83.7
11646,2026-01-31,7,3,59.7,0.0,3.2,388.05,125.37
11647,2026-01-31,18,1,20.6,0.0,6.5,92.7,24.72
11648,2026-01-31,28,5,27.3,0.0,5.2,191.1,62.79
11649,2026-01-31,5,6,28.8,0.0,9.9,144.0,43.2
11650,2026-01-31,29,4,62.1,0.0,3.4,360.18,117.99
11651,2026-01-31,29,3,37.9,0.0,8.1,246.35,79.59
11652,2026-01-31,28,3,55.7,0.0,1.6,362.05,116.97
11653,2026-01-31,28,2,79.7,0.0,6.3,382.56,111.58
11654,2026-01-31,17,2,87.9,13.3,5.5,358.08,123.06
11655,2026-01-31,9,3,90.4,0.0,4.6,587.6,189.84
11656,2026-01-31,7,2,58.0,0.0,5.9,278.4,81.2
11657,2026-01-31,23,5,87.0,0.0,7.4,609.0,200.1
11658,2026-01-31,20,2,98.2,0.0,8.9,471.36,137.48
11659,2026-01-31,6,1,54.1,0.0,4.3,243.45,64.92
11660,2026-02-01,11,3,59.5,0.0,5.7,386.75,124.95
11661,2026-02-01,22,6,62.1,0.0,7.0,310.5,93.15
11662,2026-02-01,12,2,34.5,0.0,2.8,165.6,48.3
11663,2026-02-01,9,6,77.7,0.0,6.9,388.5,116.55
11664,2026-02-01,5,5,56.8,0.0,5.9,397.6,130.64
11665,2026-02-01,3,1,81.2,0.0,2.4,365.4,97.44
11666,2026-02-01,8,2,83.9,0.0,1.4,402.72,117.46
11667,2026-02-01,14,2,37.1,0.0,10.7,178.08,51.94
11668,2026-02-01,23,2,61.7,0.0,3.4,296.16,86.38
11669,2026-02-01,14,1,24.7,0.0,3.5,111.15,29.64
11670,2026-02-01,7,1,90.9,0.0,1.8,409.05,109.08
11671,2026-02-01,10,5,20.3,0.0,0.1,142.1,46.69
11672,2026-02-01,18,1,62.2,0.0,9.2,279.9,74.64
11673,2026-02-01,28,4,75.2,0.0,8.1,436.16,142.88
11674,2026-02-01,19,2,66.3,0.0,6.7,318.24,92.82
11675,2026-02-01,23,6,64.4,0.0,7.4,322.0,96.6
11676,2026-02-01,16,1,23.4,0.0,5.7,105.3,28.08
11677,2026-02-01,6,3,33.2,0.0,4.0,215.8,69.72
11678,2026-02-01,10,6,94.3,0.0,4.2,471.5,141.45
11679,2026-02-01,24,3,41.0,0.0,6.5,266.5,86.1
11680,2026-02-01,19,5,67.2,0.0,2.3,470.4,154.56
11681,2026-02-01,12,4,86.2,0.0,6.3,499.96,163.78
11682,2026-02-01,11,2,31.8,11.3,3.6,98.4,44.52
11683,2026-02-01,14,1,43.4,0.0,7.5,195.3,52.08
11684,2026-02-01,1,5,75.6,0.0,4.1,529.2,173.88
11685,2026-02-01,23,5,29.0,0.0,7.2,203.0,66.7
11686,2026-02-01,28,4,49.4,0.0,6.3,286.52,93.86
11687,2026-02-01,14,5,50.0,0.0,5.4,350.0,115.0
11688,2026-02-01,20,4,37.1,0.0,7.2,215.18,70.49
11689,2026-02-01,15,5,97.8,0.0,8.1,684.6,224.94
11690,2026-02-01,9,4,24.0,0.0,8.1,139.2,45.6
11691,2026-02-01,4,4,68.6,0.0,4.6,397.88,130.34
11692,2026-02-01,26,2,81.6,0.0,-0.6,391.68,114.24
11693,2026-02-01,11,3,56.4,0.0,5.0,366.6,118.44
11694,2026-02-01,8,2,65.6,0.0,4.7,314.88,91.84
11695,2026-02-01,14,3,32.5,0.0,7.5,211.25,68.25
11696,2026-02-01,19,6,79.7,0.0,3.1,398.5,119.55
11697,2026-02-01,23,4,92.7,0.0,7.7,537.66,176.13
11698,2026-02-01,16,3,36.7,0.0,2.1,238.55,77.07
11699,2026-02-01,12,1,86.4,0.0,5.4,388.8,103.68
11700,2026-02-02,2,2,76.9,0.0,2.4,369.12,107.66
11701,2026-02-02,28,4,40.8,0.0,4.3,236.64,77.52
11702,2026-02-02,21,6,42.6,0.0,4.7,213.0,63.9
11703,2026-02-02,18,6,47.6,0.0,7.1,238.0,71.4
11704,2026-02-02,10,5,54.6,0.0,4.1,382.2,125.58
11705,2026-02-02,28,5,67.3,0.0,3.3,471.1,154.79
11706,2026-02-02,27,3,45.2,0.0,6.4,293.8,94.92
11707,2026-02-02,11,1,21.0,0.0,4.1,94.5,25.2
11708,2026-02-02,17,3,92.7,0.0,5.7,602.55,194.67
11709,2026-02-02,12,6,84.1,0.0,8.2,420.5,126.15
11710,2026-02-02,18,5,53.7,0.0,5.1,375.9,123.51
11711,2026-02-02,24,6,74.2,0.0,6.1,371.0,111.3
11712,2026-02-02,24,6,54.7,0.0,8.3,273.5,82.05
11713,2026-02-02,9,5,44.6,0.0,6.7,312.2,102.58
11714,2026-02-02,25,4,78.4,0.0,5.8,454.72,148.96
11715,2026-02-02,9,5,23.4,0.0,7.8,163.8,53.82
11716,2026-02-02,8,1,74.1,23.1,6.3,229.5,88.92
11717,2026-02-02,7,3,52.5,0.0,8.9,341.25,110.25
11718,2026-02-02,22,1,95.7,0.0,2.0,430.65,114.84
11719,2026-02-02,25,2,37.7,9.0,6.6,137.76,52.78
11720,2026-02-02,16,2,28.2,0.0,3.9,135.36,39.48
11721,2026-02-02,1,5,37.5,0.0,7.3,262.5,86.25
11722,2026-02-02,30,1,28.9,0.0,7.6,130.05,34.68
11723,2026-02-02,17,6,93.5,0.0,6.5,467.5,140.25
11724,2026-02-02,8,1,67.5,0.0,8.3,303.75,81.0
11725,2026-02-02,30,2,56.9,0.0,5.9,273.12,79.66
11726,2026-02-02,16,4,39.9,0.0,8.7,231.42,75.81
11727,2026-02-03,15,6,91.4,0.0,0.8,457.0,137.1
11728,2026-02-03,27,5,70.0,0.0,4.6,490.0,161.0
11729,2026-02-03,28,6,89.3,0.0,4.5,446.5,133.95
11730,2026-02-03,18,2,96.2,0.0,7.2,461.76,134.68
11731,2026-02-03,8,4,68.1,0.0,6.0,394.98,129.39
11732,2026-02-03,7,3,87.5,0.0,3.6,568.75,183.75
11733,2026-02-03,13,3,31.8,0.0,7.6,206.7,66.78
11734,2026-02-03,1,4,57.9,0.0,3.8,335.82,110.01
11735,2026-02-03,15,2,91.6,0.0,7.8,439.68,128.24
11736,2026-02-03,6,3,99.6,0.0,4.8,647.4,209.16
11737,2026-02-03,26,2,76.4,0.0,2.1,366.72,106.96
11738,2026-02-03,23,1,92.5,0.0,2.8,416.25,111.0
11739,2026-02-03,22,1,60.4,0.0,6.0,271.8,72.48
11740,2026-02-03,18,3,55.3,0.0,8.6,359.45,116.13
11741,2026-02-03,16,2,73.5,0.0,7.7,352.8,102.9
11742,2026-02-03,18,2,32.7,0.0,-0.3,156.96,45.78
11743,2026-02-03,20,1,68.1,0.0,5.9,306.45,81.72
11744,2026-02-03,13,5,85.3,0.0,5.7,597.1,196.19
11745,2026-02-03,24,6,50.0,0.0,6.7,250.0,75.0
11746,2026-02-03,30,4,91.3,0.0,2.0,529.54,173.47
11747,2026-02-03,18,5,43.0,0.0,5.0,301.0,98.9
11748,2026-02-03,10,5,79.6,0.0,2.2,557.2,183.08
11749,2026-02-03,26,6,33.4,0.0,6.9,167.0,50.1
11750,2026-02-03,16,5,71.7,0.0,4.1,501.9,164.91
11751,2026-02-03,29,5,44.3,0.0,3.6,310.1,101.89
11752,2026-02-03,9,6,96.1,0.0,5.3,480.5,144.15
11753,2026-02-04,9,4,45.9,0.0,5.3,266.22,87.21
11754,2026-02-04,25,4,28.1,0.0,4.8,162.98,53.39
11755,2026-02-04,23,5,61.9,0.0,5.5,433.3,142.37
11756,2026-02-04,2,2,67.3,0.0,3.8,323.04,94.22
11757,2026-02-04,8,4,89.0,0.0,6.6,516.2,169.1
11758,2026-02-04,2,3,67.3,0.0,4.6,437.45,141.33
11759,2026-02-04,13,2,84.1,0.0,0.1,403.68,117.74
11760,2026-02-04,19,6,48.6,0.0,8.8,243.0,72.9
11761,2026-02-04,19,6,22.4,0.0,4.8,112.0,33.6
11762,2026-02-04,18,2,21.0,0.0,8.2,100.8,29.4
11763,2026-02-04,26,1,89.6,0.0,3.0,403.2,107.52
11764,2026-02-04,20,6,68.8,0.0,8.0,344.0,103.2
11765,2026-02-04,29,2,90.3,0.0,8.1,433.44,126.42
11766,2026-02-04,9,2,40.5,0.0,10.4,194.4,56.7
11767,2026-02-04,6,2,69.3,0.0,2.6,332.64,97.02
11768,2026-02-04,19,4,90.3,0.0,4.2,523.74,171.57
11769,2026-02-04,23,2,46.4,0.0,7.4,222.72,64.96
11770,2026-02-04,14,1,93.3,0.0,5.5,419.85,111.96
11771,2026-02-04,6,3,50.4,0.0,9.7,327.6,105.84
11772,2026-02-04,18,4,88.5,31.7,8.1,329.44,168.15
11773,2026-02-04,25,4,29.1,0.0,4.2,168.78,55.29
11774,2026-02-04,22,2,28.7,0.0,-0.4,137.76,40.18
11775,2026-02-04,29,2,25.6,0.0,4.0,122.88,35.84
11776,2026-02-04,22,3,83.7,0.0,5.9,544.05,175.77
11777,2026-02-04,26,5,51.3,0.0,0.6,359.1,117.99
11778,2026-02-04,24,4,20.2,0.0,5.0,117.16,38.38
11779,2026-02-05,28,2,86.2,0.0,8.0,413.76,120.68
11780,2026-02-05,8,3,28.9,0.0,8.9,187.85,60.69
11781,2026-02-05,12,3,82.5,0.0,8.7,536.25,173.25
11782,2026-02-05,13,4,43.6,0.0,10.1,252.88,82.84
11783,2026-02-05,8,3,34.8,0.0,5.0,226.2,73.08
11784,2026-02-05,27,2,68.2,0.0,8.8,327.36,95.48
11785,2026-02-05,10,6,41.0,13.0,3.9,140.0,61.5
11786,2026-02-05,16,4,92.6,0.0,9.7,537.08,175.94
11787,2026-02-05,4,5,39.1,0.0,8.9,273.7,89.93
11788,2026-02-05,22,5,94.9,0.0,4.5,664.3,218.27
11789,2026-02-05,10,5,78.5,0.0,4.8,549.5,180.55
11790,2026-02-05,21,5,55.4,0.0,4.0,387.8,127.42
11791,2026-02-05,10,1,55.8,0.0,2.2,251.1,66.96
11792,2026-02-05,29,6,77.0,0.0,3.7,385.0,115.5
11793,2026-02-05,24,3,68.5,0.0,4.9,445.25,143.85
11794,2026-02-05,15,6,89.6,0.0,3.4,448.0,134.4
11795,2026-02-05,21,3,45.0,0.0,6.5,292.5,94.5
11796,2026-02-05,11,1,26.6,0.0,6.2,119.7,31.92
11797,2026-02-05,22,1,52.3,0.0,6.1,235.35,62.76
11798,2026-02-05,21,1,37.7,0.0,2.3,169.65,45.24
11799,2026-02-05,16,6,50.9,0.0,8.6,254.5,76.35
11800,2026-02-06,15,6,47.4,0.0,4.7,237.0,71.1
11801,2026-02-06,7,6,64.7,0.0,8.8,323.5,97.05
11802,2026-02-06,2,2,84.3,0.0,1.9,404.64,118.02
11803,2026-02-06,6,3,27.7,0.0,4.4,180.05,58.17
11804,2026-02-06,23,4,41.1,0.0,5.2,238.38,78.09
11805,2026-02-06,28,6,88.6,0.0,3.5,443.0,132.9
11806,2026-02-06,8,3,63.1,0.0,4.7,410.15,132.51
11807,2026-02-06,3,1,30.6,0.0,8.1,137.7,36.72
11808,2026-02-06,4,3,61.7,0.0,9.0,401.05,129.57
11809,2026-02-06,20,5,74.5,0.0,2.5,521.5,171.35
11810,2026-02-06,8,3,41.8,0.0,6.9,271.7,87.78
11811,2026-02-06,21,4,21.4,0.0,2.3,124.12,40.66
11812,2026-02-06,26,1,62.4,0.0,8.1,280.8,74.88
11813,2026-02-06,28,5,36.9,0.0,10.0,258.3,84.87
11814,2026-02-06,3,1,89.5,0.0,5.9,402.75,107.4
11815,2026-02-06,24,6,44.7,0.0,3.6,223.5,67.05
11816,2026-02-06,5,3,66.3,0.0,7.0,430.95,139.23
11817,2026-02-06,12,6,93.2,0.0,9.2,466.0,139.8
11818,2026-02-06,6,5,93.6,0.0,5.9,655.2,215.28
11819,2026-02-06,18,5,73.1,0.0,3.2,511.7,168.13
11820,2026-02-06,22,5,84.6,31.2,9.3,373.8,194.58
11821,2026-02-06,14,2,59.6,0.0,6.3,286.08,83.44
11822,2026-02-06,8,1,58.3,0.0,-1.7,262.35,69.96
11823,2026-02-06,16,3,59.1,11.6,9.8,308.75,124.11
11824,2026-02-06,8,2,68.0,0.0,7.3,326.4,95.2
11825,2026-02-06,14,4,86.4,0.0,4.8,501.12,164.16
11826,2026-02-06,27,1,52.2,0.0,7.0,234.9,62.64
11827,2026-02-06,14,4,34.4,0.0,7.9,199.52,65.36
11828,2026-02-06,29,6,44.8,0.0,5.2,224.0,67.2
11829,2026-02-06,15,4,91.5,0.0,3.7,530.7,173.85
11830,2026-02-06,19,3,71.0,0.0,4.1,461.5,149.1
11831,2026-02-06,15,3,52.7,0.0,6.3,342.55,110.67
11832,2026-02-06,24,5,67.1,0.0,2.3,469.7,154.33
11833,2026-02-06,23,3,82.2,0.0,1.9,534.3,172.62
11834,2026-02-06,5,4,37.9,0.0,6.5,219.82,72.01
11835,2026-02-06,22,5,89.6,0.0,6.3,627.2,206.08
11836,2026-02-06,12,5,80.1,0.0,8.2,560.7,184.23
11837,2026-02-06,8,6,47.0,0.0,5.3,235.0,70.5
11838,2026-02-06,25,6,77.3,0.0,7.3,386.5,115.95
11839,2026-02-06,20,6,72.6,0.0,7.8,363.0,108.9
11840,2026-02-07,26,1,21.0,0.0,7.7,94.5,25.2
11841,2026-02-07,7,5,35.1,0.0,7.3,245.7,80.73
11842,2026-02-07,23,2,78.2,0.0,5.4,375.36,109.48
11843,2026-02-07,13,3,78.0,0.0,3.9,507.0,163.8
11844,2026-02-07,23,3,41.9,0.0,8.4,272.35,87.99
11845,2026-02-07,14,6,45.0,0.0,1.5,225.0,67.5
11846,2026-02-07,23,4,70.5,0.0,3.7,408.9,133.95
11847,2026-02-07,8,1,20.1,0.0,3.5,90.45,24.12
11848,2026-02-07,8,4,64.2,0.0,5.8,372.36,121.98
11849,2026-02-07,10,6,34.3,0.0,6.5,171.5,51.45
11850,2026-02-07,23,5,24.9,0.0,6.3,174.3,57.27
11851,2026-02-07,15,1,51.6,0.0,9.6,232.2,61.92
11852,2026-02-07,9,5,77.7,0.0,9.2,543.9,178.71
11853,2026-02-07,25,1,70.2,0.0,8.3,315.9,84.24
11854,2026-02-07,24,1,29.9,0.0,6.4,134.55,35.88
11855,2026-02-07,8,6,41.9,0.0,6.4,209.5,62.85
11856,2026-02-07,30,3,29.3,0.0,5.3,190.45,61.53
11857,2026-02-07,7,6,58.2,0.0,4.8,291.0,87.3
11858,2026-02-07,11,5,34.6,0.0,3.9,242.2,79.58
11859,2026-02-07,3,2,63.5,0.0,4.3,304.8,88.9
11860,2026-02-07,7,1,66.4,0.0,4.6,298.8,79.68
11861,2026-02-07,15,6,58.2,0.0,3.0,291.0,87.3
11862,2026-02-08,23,3,51.1,0.0,11.2,332.15,107.31
11863,2026-02-08,20,3,44.2,0.0,4.5,287.3,92.82
11864,2026-02-08,2,4,35.3,4.6,11.4,178.06,67.07
11865,2026-02-08,18,4,58.9,0.0,7.2,341.62,111.91
11866,2026-02-08,14,3,21.8,0.0,7.8,141.7,45.78
11867,2026-02-08,2,3,65.8,0.0,10.3,427.7,138.18
11868,2026-02-08,11,5,95.3,0.0,8.6,667.1,219.19
11869,2026-02-08,9,6,27.9,0.0,8.5,139.5,41.85
11870,2026-02-08,3,5,89.9,0.0,5.9,629.3,206.77
11871,2026-02-08,7,4,45.2,0.0,1.3,262.16,85.88
11872,2026-02-08,8,3,55.8,0.0,5.7,362.7,117.18
11873,2026-02-08,17,5,36.5,0.0,8.0,255.5,83.95
11874,2026-02-08,25,4,60.7,0.0,7.7,352.06,115.33
11875,2026-02-08,6,4,86.7,0.0,13.0,502.86,164.73
11876,2026-02-08,22,5,26.9,0.0,9.9,188.3,61.87
11877,2026-02-08,29,3,44.0,0.0,6.7,286.0,92.4
11878,2026-02-08,20,6,80.3,0.0,1.9,401.5,120.45
11879,2026-02-08,15,4,54.9,0.0,2.8,318.42,104.31
11880,2026-02-08,29,2,84.3,0.0,5.8,404.64,118.02
11881,2026-02-08,4,1,50.7,0.0,2.5,228.15,60.84
11882,2026-02-08,20,2,80.6,0.0,3.9,386.88,112.84
11883,2026-02-08,24,2,64.5,0.0,5.9,309.6,90.3
11884,2026-02-08,8,6,68.2,0.0,6.2,341.0,102.3
11885,2026-02-08,13,5,51.5,0.0,5.8,360.5,118.45
11886,2026-02-08,8,1,35.4,0.0,6.6,159.3,42.48
11887,2026-02-08,11,3,54.3,0.0,3.8,352.95,114.03
11888,2026-02-08,18,1,70.2,0.0,7.8,315.9,84.24
11889,2026-02-08,26,1,89.2,0.0,6.7,401.4,107.04
11890,2026-02-08,3,3,62.8,0.0,2.7,408.2,131.88
11891,2026-02-08,12,2,27.0,0.0,8.8,129.6,37.8
11892,2026-02-08,28,6,82.5,0.0,5.4,412.5,123.75
11893,2026-02-08,15,1,76.9,0.0,6.4,346.05,92.28
11894,2026-02-08,18,6,21.0,0.0,3.7,105.0,31.5
11895,2026-02-08,3,4,90.4,0.0,8.8,524.32,171.76
11896,2026-02-08,21,5,55.3,8.0,8.0,331.1,127.19
11897,2026-02-08,11,1,50.3,12.1,5.4,171.9,60.36
11898,2026-02-08,14,6,98.2,0.0,2.0,491.0,147.3
11899,2026-02-08,13,5,78.8,0.0,4.0,551.6,181.24
11900,2026-02-08,20,2,69.2,0.0,15.0,332.16,96.88
11901,2026-02-08,17,5,77.8,24.6,9.2,372.4,178.94
11902,2026-02-09,8,1,30.1,0.0,3.6,135.45,36.12
11903,2026-02-09,29,2,53.9,0.0,6.2,258.72,75.46
11904,2026-02-09,13,1,89.9,0.0,6.7,404.55,107.88
11905,2026-02-09,17,1,31.1,0.0,6.1,139.95,37.32
11906,2026-02-09,30,2,79.5,0.0,7.6,381.6,111.3
11907,2026-02-09,1,2,47.0,0.0,7.2,225.6,65.8
11908,2026-02-09,21,1,96.0,0.0,5.8,432.0,115.2
11909,2026-02-09,17,6,80.0,0.0,5.4,400.0,120.0
11910,2026-02-09,10,3,92.5,0.0,2.8,601.25,194.25
11911,2026-02-09,20,4,74.9,0.0,0.9,434.42,142.31
11912,2026-02-09,18,5,98.2,0.0,5.7,687.4,225.86
11913,2026-02-09,4,3,32.3,0.0,4.6,209.95,67.83
11914,2026-02-09,25,2,33.1,0.0,4.6,158.88,46.34
11915,2026-02-09,8,1,39.3,0.0,8.4,176.85,47.16
11916,2026-02-09,30,4,26.1,0.0,3.9,151.38,49.59
11917,2026-02-09,14,2,22.1,0.0,4.8,106.08,30.94
11918,2026-02-09,18,3,60.9,0.0,6.5,395.85,127.89
11919,2026-02-09,20,3,81.5,0.0,3.8,529.75,171.15
11920,2026-02-09,2,4,67.3,0.0,6.8,390.34,127.87
11921,2026-02-09,20,1,21.6,0.0,6.8,97.2,25.92
11922,2026-02-09,26,3,82.8,0.0,5.2,538.2,173.88
11923,2026-02-10,5,6,30.9,0.0,2.6,154.5,46.35
11924,2026-02-10,21,6,76.8,0.0,5.3,384.0,115.2
11925,2026-02-10,5,5,99.7,0.0,7.1,697.9,229.31
11926,2026-02-10,7,5,40.3,0.0,8.4,282.1,92.69
11927,2026-02-10,21,4,67.5,0.0,8.3,391.5,128.25
11928,2026-02-10,28,2,99.3,0.0,11.2,476.64,139.02
11929,2026-02-10,30,5,56.7,0.0,7.1,396.9,130.41
11930,2026-02-10,2,3,88.9,0.0,10.5,577.85,186.69
11931,2026-02-10,17,4,50.3,0.0,7.3,291.74,95.57
11932,2026-02-10,30,6,57.8,0.0,3.0,289.0,86.7
11933,2026-02-10,7,2,66.3,0.0,3.2,318.24,92.82
11934,2026-02-10,12,2,94.1,0.0,11.4,451.68,131.74
11935,2026-02-10,12,6,62.2,0.0,3.7,311.0,93.3
11936,2026-02-10,5,4,59.8,0.0,5.2,346.84,113.62
11937,2026-02-10,19,1,20.4,0.0,5.8,91.8,24.48
11938,2026-02-10,3,6,27.2,0.0,6.0,136.0,40.8
11939,2026-02-10,6,2,36.0,0.0,9.0,172.8,50.4
11940,2026-02-10,29,3,26.1,0.0,5.5,169.65,54.81
11941,2026-02-10,13,3,95.3,0.0,3.9,619.45,200.13
11942,2026-02-10,22,6,55.3,0.0,8.5,276.5,82.95
11943,2026-02-10,15,6,30.6,0.0,6.9,153.0,45.9
11944,2026-02-10,21,5,55.9,0.0,6.9,391.3,128.57
11945,2026-02-10,5,4,32.5,0.0,7.6,188.5,61.75
11946,2026-02-10,29,4,98.7,0.0,3.6,572.46,187.53
11947,2026-02-10,3,1,94.0,0.0,7.7,423.0,112.8
11948,2026-02-10,14,1,91.0,0.0,6.8,409.5,109.2
11949,2026-02-10,16,3,91.8,0.0,3.5,596.7,192.78
11950,2026-02-10,5,1,42.4,0.0,8.8,190.8,50.88
11951,2026-02-11,26,6,64.7,0.0,5.8,323.5,97.05
11952,2026-02-11,11,5,59.8,0.0,7.9,418.6,137.54
11953,2026-02-11,21,5,31.1,0.0,4.6,217.7,71.53
11954,2026-02-11,8,4,98.0,0.0,6.9,568.4,186.2
11955,2026-02-11,19,2,64.0,0.0,1.3,307.2,89.6
11956,2026-02-11,8,2,94.7,36.5,3.9,279.36,132.58
11957,2026-02-11,24,3,96.0,0.0,4.8,624.0,201.6
11958,2026-02-11,25,3,31.1,0.0,7.5,202.15,65.31
11959,2026-02-11,18,1,73.4,0.0,5.5,330.3,88.08
11960,2026-02-11,4,6,36.1,0.0,0.7,180.5,54.15
11961,2026-02-11,1,3,34.1,0.0,7.8,221.65,71.61
11962,2026-02-11,29,5,97.0,31.1,6.7,461.3,223.1
11963,2026-02-11,2,6,91.6,0.0,6.4,458.0,137.4
11964,2026-02-11,20,6,22.4,0.0,10.3,112.0,33.6
11965,2026-02-11,27,4,49.5,0.0,2.4,287.1,94.05
11966,2026-02-11,7,3,78.8,0.0,3.3,512.2,165.48
11967,2026-02-11,2,4,31.3,0.0,1.7,181.54,59.47
11968,2026-02-11,19,6,20.4,0.0,7.0,102.0,30.6
11969,2026-02-11,7,3,51.2,0.0,5.9,332.8,107.52
11970,2026-02-11,22,1,38.5,0.0,7.8,173.25,46.2
11971,2026-02-11,23,6,92.4,0.0,6.6,462.0,138.6
11972,2026-02-11,2,3,98.2,0.0,7.7,638.3,206.22
11973,2026-02-11,7,6,33.5,0.0,6.2,167.5,50.25
11974,2026-02-11,25,6,65.8,0.0,5.4,329.0,98.7
11975,2026-02-11,10,4,99.9,0.0,4.9,579.42,189.81
11976,2026-02-12,22,3,79.0,0.0,8.4,513.5,165.9
11977,2026-02-12,5,4,56.7,0.0,8.3,328.86,107.73
11978,2026-02-12,16,1,77.9,0.0,5.1,350.55,93.48
11979,2026-02-12,28,1,66.2,0.0,8.1,297.9,79.44
11980,2026-02-12,17,5,52.3,0.0,8.3,366.1,120.29
11981,2026-02-12,3,1,52.9,0.0,4.7,238.05,63.48
11982,2026-02-12,5,1,21.7,0.0,4.6,97.65,26.04
11983,2026-02-12,23,1,30.4,0.0,8.6,136.8,36.48
11984,2026-02-12,12,1,42.7,0.0,5.9,192.15,51.24
11985,2026-02-12,14,1,85.1,0.0,9.7,382.95,102.12
11986,2026-02-12,6,1,96.6,0.0,6.6,434.7,115.92
11987,2026-02-12,18,5,22.1,0.0,1.2,154.7,50.83
11988,2026-02-12,16,1,37.2,0.0,10.4,167.4,44.64
11989,2026-02-12,6,4,25.8,0.0,6.4,149.64,49.02
11990,2026-02-12,27,6,86.0,0.0,7.3,430.0,129.0
11991,2026-02-12,3,2,46.6,13.7,9.4,157.92,65.24
11992,2026-02-12,1,5,84.8,0.0,6.6,593.6,195.04
11993,2026-02-12,21,2,53.7,0.0,2.8,257.76,75.18
11994,2026-02-12,27,1,35.1,0.0,5.4,157.95,42.12
11995,2026-02-12,1,3,64.3,0.0,8.3,417.95,135.03
11996,2026-02-12,18,6,53.6,0.0,7.7,268.0,80.4
11997,2026-02-12,16,6,36.7,0.0,9.2,183.5,55.05
11998,2026-02-12,28,2,81.7,0.0,3.8,392.16,114.38
11999,2026-02-12,12,6,92.3,0.0,1.7,461.5,138.45
12000,2026-02-12,2,2,61.4,17.9,9.3,208.8,85.96
12001,2026-02-12,29,2,68.7,0.0,7.6,329.76,96.18
12002,2026-02-12,2,6,59.9,0.0,2.5,299.5,89.85
12003,2026-02-12,1,2,72.6,0.0,6.8,348.48,101.64
12004,2026-02-12,21,2,41.8,5.1,10.5,176.16,58.52
12005,2026-02-12,25,3,64.6,0.0,3.7,419.9,135.66
12006,2026-02-12,26,4,70.5,0.0,5.3,408.9,133.95
12007,2026-02-13,27,6,42.7,0.0,9.8,213.5,64.05
12008,2026-02-13,25,1,51.3,8.6,7.0,192.15,61.56
12009,2026-02-13,10,2,78.4,0.0,1.8,376.32,109.76
12010,2026-02-13,6,2,65.6,0.0,6.4,314.88,91.84
12011,2026-02-13,12,4,68.9,0.0,-1.6,399.62,130.91
12012,2026-02-13,23,2,96.0,0.0,6.4,460.8,134.4
12013,2026-02-13,15,4,36.7,0.0,1.4,212.86,69.73
12014,2026-02-13,30,4,35.1,0.0,6.9,203.58,66.69
12015,2026-02-13,26,6,34.4,0.0,9.8,172.0,51.6
12016,2026-02-13,17,5,47.8,0.0,7.0,334.6,109.94
12017,2026-02-13,30,2,25.6,0.0,6.9,122.88,35.84
12018,2026-02-13,8,4,72.2,0.0,8.3,418.76,137.18
12019,2026-02-13,4,5,47.6,0.0,5.1,333.2,109.48
12020,2026-02-13,21,5,57.9,0.0,8.4,405.3,133.17
12021,2026-02-13,21,5,45.7,0.0,4.9,319.9,105.11
12022,2026-02-13,26,2,35.8,0.0,5.6,171.84,50.12
12023,2026-02-13,2,2,41.2,0.0,1.6,197.76,57.68
12024,2026-02-13,17,5,34.9,0.0,5.3,244.3,80.27
12025,2026-02-13,5,4,31.1,0.0,4.4,180.38,59.09
12026,2026-02-13,23,3,42.5,0.0,5.7,276.25,89.25
12027,2026-02-13,16,2,74.7,0.0,11.0,358.56,104.58
12028,2026-02-13,28,5,81.5,0.0,5.2,570.5,187.45
12029,2026-02-13,30,3,52.1,0.0,11.5,338.65,109.41
12030,2026-02-13,17,4,77.9,0.0,3.5,451.82,148.01
12031,2026-02-13,26,3,24.0,0.0,7.4,156.0,50.4
12032,2026-02-13,10,6,48.6,0.0,2.5,243.0,72.9
12033,2026-02-13,27,3,26.4,0.0,3.1,171.6,55.44
12034,2026-02-13,19,1,98.7,0.0,2.9,444.15,118.44
12035,2026-02-13,12,3,95.3,0.0,6.0,619.45,200.13
12036,2026-02-13,12,5,71.6,17.9,5.6,375.9,164.68
12037,2026-02-13,27,6,78.2,10.9,9.9,336.5,117.3
12038,2026-02-13,14,5,35.9,0.0,2.0,251.3,82.57
12039,2026-02-13,23,5,44.3,0.0,7.8,310.1,101.89
12040,2026-02-13,23,6,37.8,0.0,7.2,189.0,56.7
12041,2026-02-13,30,6,79.3,0.0,7.7,396.5,118.95
12042,2026-02-13,12,4,35.6,0.0,8.0,206.48,67.64
12043,2026-02-13,29,4,74.1,0.0,4.5,429.78,140.79
12044,2026-02-13,30,2,49.0,0.0,5.2,235.2,68.6
12045,2026-02-13,1,5,62.3,0.0,7.4,436.1,143.29
12046,2026-02-13,18,6,55.3,0.0,3.6,276.5,82.95
12047,2026-02-13,28,3,60.3,0.0,6.0,391.95,126.63
12048,2026-02-13,14,1,91.3,0.0,5.9,410.85,109.56
12049,2026-02-13,3,2,65.8,0.0,8.6,315.84,92.12
12050,2026-02-13,23,5,93.3,0.0,3.2,653.1,214.59
12051,2026-02-13,1,3,72.2,0.0,7.3,469.3,151.62
12052,2026-02-13,16,3,26.5,0.0,6.7,172.25,55.65
12053,2026-02-13,26,3,24.7,0.0,8.4,160.55,51.87
12054,2026-02-13,23,3,97.6,0.0,6.4,634.4,204.96
12055,2026-02-13,28,6,48.1,0.0,0.2,240.5,72.15
12056,2026-02-14,12,2,80.8,0.0,2.6,387.84,113.12
12057,2026-02-14,8,6,97.8,0.0,7.7,489.0,146.7
12058,2026-02-14,2,2,64.9,0.0,3.6,311.52,90.86
12059,2026-02-14,27,5,73.0,0.0,0.6,511.0,167.9
12060,2026-02-14,5,6,20.5,0.0,3.9,102.5,30.75
12061,2026-02-14,15,6,85.7,0.0,5.9,428.5,128.55
12062,2026-02-14,17,1,20.7,0.0,5.9,93.15,24.84
12063,2026-02-14,20,6,61.6,0.0,6.6,308.0,92.4
12064,2026-02-14,20,5,90.6,0.0,2.2,634.2,208.38
12065,2026-02-14,5,4,67.7,0.0,6.0,392.66,128.63
12066,2026-02-14,19,3,51.7,19.7,5.5,208.0,108.57
12067,2026-02-14,30,6,99.2,0.0,8.1,496.0,148.8
12068,2026-02-14,11,4,58.9,0.0,7.6,341.62,111.91
12069,2026-02-14,24,2,78.2,0.0,5.5,375.36,109.48
12070,2026-02-14,11,6,21.2,0.0,9.6,106.0,31.8
12071,2026-02-14,1,5,25.6,0.0,7.8,179.2,58.88
12072,2026-02-14,20,6,99.1,0.0,6.1,495.5,148.65
12073,2026-02-14,28,4,22.3,0.0,7.7,129.34,42.37
12074,2026-02-14,2,3,93.9,0.0,5.0,610.35,197.19
12075,2026-02-14,28,1,65.5,0.0,3.2,294.75,78.6
12076,2026-02-14,19,3,98.4,0.0,8.6,639.6,206.64
12077,2026-02-14,8,5,46.4,0.0,7.3,324.8,106.72
12078,2026-02-14,24,2,78.1,0.0,4.5,374.88,109.34
12079,2026-02-14,15,1,61.3,0.0,3.8,275.85,73.56
12080,2026-02-14,12,1,32.8,0.0,7.8,147.6,39.36
12081,2026-02-14,14,1,97.4,0.0,7.5,438.3,116.88
12082,2026-02-14,22,6,45.6,0.0,6.8,228.0,68.4
12083,2026-02-14,6,6,50.4,0.0,5.4,252.0,75.6
12084,2026-02-14,1,4,38.3,0.0,7.0,222.14,72.77
12085,2026-02-14,10,4,21.0,0.0,4.9,121.8,39.9
12086,2026-02-14,17,1,96.2,0.0,7.5,432.9,115.44
12087,2026-02-14,27,2,79.1,0.0,3.7,379.68,110.74
12088,2026-02-14,5,4,60.4,0.0,8.7,350.32,114.76
12089,2026-02-14,18,3,67.6,0.0,5.5,439.4,141.96
12090,2026-02-14,9,4,85.2,0.0,7.8,494.16,161.88
12091,2026-02-14,10,6,45.1,0.0,3.1,225.5,67.65
12092,2026-02-15,16,2,64.5,0.0,6.7,309.6,90.3
12093,2026-02-15,27,2,97.2,0.0,1.2,466.56,136.08
12094,2026-02-15,22,4,83.0,0.0,6.7,481.4,157.7
12095,2026-02-15,7,6,79.4,0.0,7.1,397.0,119.1
12096,2026-02-15,5,6,51.2,11.9,4.9,196.5,76.8
12097,2026-02-15,26,1,24.6,0.0,4.1,110.7,29.52
12098,2026-02-15,28,4,95.8,0.0,5.1,555.64,182.02
12099,2026-02-15,17,6,58.6,0.0,5.3,293.0,87.9
12100,2026-02-15,22,4,77.0,8.2,11.4,399.04,146.3
12101,2026-02-15,2,6,37.2,0.0,4.8,186.0,55.8
12102,2026-02-15,27,4,47.2,0.0,8.9,273.76,89.68
12103,2026-02-15,12,5,47.8,0.0,3.9,334.6,109.94
12104,2026-02-15,17,3,88.4,0.0,6.6,574.6,185.64
12105,2026-02-15,21,6,22.8,0.0,3.1,114.0,34.2
12106,2026-02-15,18,2,25.6,0.0,4.4,122.88,35.84
12107,2026-02-15,3,5,70.1,0.0,11.5,490.7,161.23
12108,2026-02-15,18,5,31.8,0.0,5.5,222.6,73.14
12109,2026-02-15,14,5,46.9,0.0,4.7,328.3,107.87
12110,2026-02-15,3,6,57.2,0.0,8.6,286.0,85.8
12111,2026-02-15,28,2,64.3,0.0,3.1,308.64,90.02
12112,2026-02-15,18,6,63.4,0.0,0.6,317.0,95.1
12113,2026-02-15,23,6,64.9,0.0,3.0,324.5,97.35
12114,2026-02-15,13,2,21.4,0.0,4.9,102.72,29.96
12115,2026-02-15,11,5,47.8,0.0,5.2,334.6,109.94
12116,2026-02-15,11,3,36.2,0.0,5.7,235.3,76.02
12117,2026-02-15,4,4,76.2,0.0,9.0,441.96,144.78
12118,2026-02-15,21,5,60.2,24.1,10.6,252.7,138.46
12119,2026-02-15,30,1,89.2,0.0,8.6,401.4,107.04
12120,2026-02-15,4,4,42.2,0.0,8.2,244.76,80.18
12121,2026-02-15,23,3,60.3,0.0,0.7,391.95,126.63
12122,2026-02-15,4,6,62.4,0.0,7.4,312.0,93.6
12123,2026-02-15,21,2,41.0,0.0,7.4,196.8,57.4
12124,2026-02-15,26,5,68.9,0.0,8.5,482.3,158.47
12125,2026-02-16,4,6,71.1,0.0,3.0,355.5,106.65
12126,2026-02-16,8,4,47.5,0.0,3.5,275.5,90.25
12127,2026-02-16,4,4,52.9,0.0,6.4,306.82,100.51
12128,2026-02-16,28,5,96.1,33.5,11.1,438.2,221.03
12129,2026-02-16,17,6,31.3,0.0,5.1,156.5,46.95
12130,2026-02-16,27,5,72.5,0.0,4.7,507.5,166.75
12131,2026-02-16,24,2,72.5,0.0,11.2,348.0,101.5
12132,2026-02-16,15,1,46.4,0.0,4.7,208.8,55.68
12133,2026-02-16,22,1,75.3,9.4,9.2,296.55,90.36
12134,2026-02-16,22,6,48.6,0.0,3.6,243.0,72.9
12135,2026-02-16,19,1,31.2,0.0,3.5,140.4,37.44
12136,2026-02-16,2,2,63.7,0.0,5.2,305.76,89.18
12137,2026-02-16,17,1,73.5,0.0,9.8,330.75,88.2
12138,2026-02-16,25,5,78.4,0.0,4.9,548.8,180.32
12139,2026-02-16,21,4,24.0,3.9,3.8,116.58,45.6
12140,2026-02-16,25,1,92.8,0.0,3.1,417.6,111.36
12141,2026-02-16,6,4,37.6,12.7,6.0,144.42,71.44
12142,2026-02-17,1,2,75.9,0.0,5.2,364.32,106.26
12143,2026-02-17,22,5,50.0,0.0,7.0,350.0,115.0
12144,2026-02-17,20,2,48.9,0.0,10.9,234.72,68.46
12145,2026-02-17,28,4,42.8,0.0,4.4,248.24,81.32
12146,2026-02-17,10,4,23.5,0.0,5.1,136.3,44.65
12147,2026-02-17,24,3,82.9,0.0,5.8,538.85,174.09
12148,2026-02-17,15,4,83.3,0.0,3.9,483.14,158.27
12149,2026-02-17,18,1,67.8,0.0,6.9,305.1,81.36
12150,2026-02-17,6,2,93.6,0.0,3.6,449.28,131.04
12151,2026-02-17,25,6,39.7,0.0,8.6,198.5,59.55
12152,2026-02-17,10,4,30.6,0.0,4.8,177.48,58.14
12153,2026-02-17,13,6,64.6,0.0,8.6,323.0,96.9
12154,2026-02-17,5,5,84.4,0.0,7.1,590.8,194.12
12155,2026-02-17,29,6,77.0,0.0,8.0,385.0,115.5
12156,2026-02-17,11,2,96.1,0.0,5.7,461.28,134.54
12157,2026-02-17,24,3,62.8,0.0,8.6,408.2,131.88
12158,2026-02-17,19,3,66.8,0.0,6.9,434.2,140.28
12159,2026-02-17,17,4,67.7,0.0,6.3,392.66,128.63
12160,2026-02-17,7,1,26.4,0.0,5.8,118.8,31.68
12161,2026-02-17,1,2,24.3,0.0,9.0,116.64,34.02
12162,2026-02-17,24,5,33.1,0.0,3.3,231.7,76.13
12163,2026-02-18,15,3,69.3,0.0,7.3,450.45,145.53
12164,2026-02-18,3,3,91.2,0.0,3.9,592.8,191.52
12165,2026-02-18,5,6,21.4,0.0,7.2,107.0,32.1
12166,2026-02-18,4,5,63.2,0.0,5.0,442.4,145.36
12167,2026-02-18,12,5,81.7,0.0,9.1,571.9,187.91
12168,2026-02-18,4,5,31.5,0.0,3.6,220.5,72.45
12169,2026-02-18,13,1,29.4,0.0,9.8,132.3,35.28
12170,2026-02-18,12,5,70.8,0.0,7.1,495.6,162.84
12171,2026-02-18,5,6,80.5,0.0,4.4,402.5,120.75
12172,2026-02-18,19,6,60.6,0.0,6.4,303.0,90.9
12173,2026-02-18,10,2,60.6,0.0,4.2,290.88,84.84
12174,2026-02-18,22,1,96.6,0.0,1.6,434.7,115.92
12175,2026-02-18,26,4,55.6,0.0,4.0,322.48,105.64
12176,2026-02-18,28,2,89.0,12.4,10.2,367.68,124.6
12177,2026-02-18,26,4,74.4,0.0,8.9,431.52,141.36
12178,2026-02-18,10,6,89.3,0.0,5.7,446.5,133.95
12179,2026-02-18,20,3,93.9,0.0,7.5,610.35,197.19
12180,2026-02-18,4,2,40.3,0.0,4.2,193.44,56.42
12181,2026-02-18,23,3,32.1,0.0,5.3,208.65,67.41
12182,2026-02-18,19,2,44.8,0.0,5.4,215.04,62.72
12183,2026-02-18,3,4,62.5,0.0,5.6,362.5,118.75
12184,2026-02-18,20,6,91.7,0.0,5.4,458.5,137.55
12185,2026-02-18,18,3,67.7,0.0,8.1,440.05,142.17
12186,2026-02-18,12,3,48.9,0.0,4.6,317.85,102.69
12187,2026-02-18,21,2,47.2,0.0,6.8,226.56,66.08
12188,2026-02-18,25,3,47.1,0.0,2.9,306.15,98.91
12189,2026-02-18,20,3,71.6,0.0,6.3,465.4,150.36
12190,2026-02-19,17,2,95.2,0.0,4.0,456.96,133.28
12191,2026-02-19,19,6,79.3,0.0,6.3,396.5,118.95
12192,2026-02-19,2,1,91.0,0.0,4.9,409.5,109.2
12193,2026-02-19,11,2,75.7,0.0,6.6,363.36,105.98
12194,2026-02-19,11,5,44.6,0.0,4.1,312.2,102.58
12195,2026-02-19,25,4,39.7,5.0,6.3,201.26,75.43
12196,2026-02-19,6,5,70.1,20.6,10.1,346.5,161.23
12197,2026-02-19,15,3,34.7,0.0,6.0,225.55,72.87
12198,2026-02-19,19,5,97.2,0.0,2.6,680.4,223.56
12199,2026-02-19,1,3,45.6,0.0,2.6,296.4,95.76
12200,2026-02-19,27,4,44.5,13.6,9.2,179.22,84.55
12201,2026-02-19,11,6,49.1,0.0,3.5,245.5,73.65
12202,2026-02-19,27,6,72.1,0.0,7.1,360.5,108.15
12203,2026-02-19,26,6,98.5,0.0,4.9,492.5,147.75
12204,2026-02-19,13,3,98.8,32.7,9.3,429.65,207.48
12205,2026-02-19,13,3,40.2,0.0,8.3,261.3,84.42
12206,2026-02-19,4,4,34.2,0.0,7.8,198.36,64.98
12207,2026-02-19,3,6,76.6,0.0,6.6,383.0,114.9
12208,2026-02-19,24,3,79.0,0.0,7.4,513.5,165.9
12209,2026-02-19,1,3,40.5,0.0,5.4,263.25,85.05
12210,2026-02-19,11,2,70.6,0.0,3.7,338.88,98.84
12211,2026-02-19,7,2,88.8,0.0,7.5,426.24,124.32
12212,2026-02-19,1,5,90.8,0.0,7.9,635.6,208.84
12213,2026-02-19,12,3,69.2,0.0,7.8,449.8,145.32
12214,2026-02-19,25,1,96.0,0.0,5.0,432.0,115.2
12215,2026-02-19,11,4,78.2,0.0,8.1,453.56,148.58
12216,2026-02-19,26,5,45.5,0.0,8.9,318.5,104.65
12217,2026-02-19,27,4,49.9,0.0,2.3,289.42,94.81
12218,2026-02-19,6,5,37.9,0.0,6.6,265.3,87.17
12219,2026-02-19,17,1,68.3,0.0,3.3,307.35,81.96
12220,2026-02-19,29,5,46.6,0.0,3.2,326.2,107.18
12221,2026-02-19,2,5,45.4,0.0,4.3,317.8,104.42
12222,2026-02-19,23,3,94.0,0.0,9.1,611.0,197.4
12223,2026-02-19,5,6,52.8,0.0,9.1,264.0,79.2
12224,2026-02-20,22,5,78.3,0.0,6.4,548.1,180.09
12225,2026-02-20,9,5,93.8,15.8,3.8,546.0,215.74
12226,2026-02-20,5,3,59.2,0.0,8.1,384.8,124.32
12227,2026-02-20,11,5,48.7,0.0,5.8,340.9,112.01
12228,2026-02-20,11,1,54.3,0.0,4.7,244.35,65.16
12229,2026-02-20,4,4,70.7,0.0,6.4,410.06,134.33
12230,2026-02-20,17,6,25.3,0.0,8.5,126.5,37.95
12231,2026-02-20,25,6,54.1,0.0,7.3,270.5,81.15
12232,2026-02-20,4,1,38.4,0.0,5.2,172.8,46.08
12233,2026-02-20,20,6,56.2,0.0,2.3,281.0,84.3
12234,2026-02-20,11,5,93.2,0.0,9.8,652.4,214.36
12235,2026-02-20,29,4,76.8,0.0,8.6,445.44,145.92
12236,2026-02-20,9,5,99.5,0.0,8.6,696.5,228.85
12237,2026-02-20,1,5,20.7,0.0,8.9,144.9,47.61
12238,2026-02-20,19,4,34.9,0.0,8.6,202.42,66.31
12239,2026-02-20,23,1,37.0,0.0,6.9,166.5,44.4
12240,2026-02-20,13,2,61.7,0.0,3.5,296.16,86.38
12241,2026-02-20,4,6,43.6,0.0,8.8,218.0,65.4
12242,2026-02-20,12,1,21.2,0.0,4.1,95.4,25.44
12243,2026-02-20,29,1,60.5,0.0,3.3,272.25,72.6
12244,2026-02-20,5,2,38.0,0.0,6.1,182.4,53.2
12245,2026-02-20,23,5,55.6,0.0,5.8,389.2,127.88
12246,2026-02-20,6,5,65.0,0.0,5.5,455.0,149.5
12247,2026-02-20,7,2,48.4,0.0,3.9,232.32,67.76
12248,2026-02-20,23,3,81.6,0.0,9.4,530.4,171.36
12249,2026-02-20,12,6,52.6,0.0,8.3,263.0,78.9
12250,2026-02-20,19,4,94.5,0.0,6.8,548.1,179.55
12251,2026-02-21,16,3,46.1,0.0,4.6,299.65,96.81
12252,2026-02-21,26,1,61.0,0.0,4.8,274.5,73.2
12253,2026-02-21,5,6,76.8,0.0,6.6,384.0,115.2
12254,2026-02-21,29,6,21.7,0.0,6.9,108.5,32.55
12255,2026-02-21,7,2,65.1,0.0,6.0,312.48,91.14
12256,2026-02-21,23,4,77.2,0.0,3.0,447.76,146.68
12257,2026-02-21,11,1,63.0,0.0,6.6,283.5,75.6
12258,2026-02-21,19,2,34.2,0.0,6.6,164.16,47.88
12259,2026-02-21,6,6,59.2,0.0,8.4,296.0,88.8
12260,2026-02-21,19,3,41.7,0.0,7.2,271.05,87.57
12261,2026-02-21,27,4,67.1,0.0,4.2,389.18,127.49
12262,2026-02-21,21,3,41.1,0.0,5.6,267.15,86.31
12263,2026-02-21,13,4,54.7,0.0,2.8,317.26,103.93
12264,2026-02-21,28,6,31.0,0.0,5.0,155.0,46.5
12265,2026-02-21,13,1,65.3,0.0,4.6,293.85,78.36
12266,2026-02-21,16,3,46.4,0.0,3.5,301.6,97.44
12267,2026-02-21,29,1,64.2,0.0,10.6,288.9,77.04
12268,2026-02-21,6,6,56.4,0.0,1.5,282.0,84.6
12269,2026-02-21,13,2,82.6,0.0,5.0,396.48,115.64
12270,2026-02-21,3,2,62.0,0.0,3.0,297.6,86.8
12271,2026-02-21,8,1,31.3,0.0,6.4,140.85,37.56
12272,2026-02-21,26,4,87.3,0.0,5.9,506.34,165.87
12273,2026-02-21,12,1,49.3,0.0,5.8,221.85,59.16
12274,2026-02-21,9,3,54.8,0.0,9.4,356.2,115.08
12275,2026-02-21,21,6,93.8,0.0,3.3,469.0,140.7
12276,2026-02-22,28,2,98.5,0.0,3.5,472.8,137.9
12277,2026-02-22,19,6,47.6,0.0,4.9,238.0,71.4
12278,2026-02-22,19,1,56.5,0.0,6.2,254.25,67.8
12279,2026-02-22,4,5,38.2,0.0,7.0,267.4,87.86
12280,2026-02-22,9,1,36.6,0.0,8.7,164.7,43.92
12281,2026-02-22,3,2,83.7,0.0,3.0,401.76,117.18
12282,2026-02-22,28,3,27.2,0.0,5.3,176.8,57.12
12283,2026-02-22,7,3,32.4,0.0,3.4,210.6,68.04
12284,2026-02-22,24,2,52.6,0.0,7.1,252.48,73.64
12285,2026-02-22,4,5,55.4,0.0,4.8,387.8,127.42
12286,2026-02-22,24,6,31.0,11.2,8.0,99.0,46.5
12287,2026-02-22,19,2,75.0,0.0,6.9,360.0,105.0
12288,2026-02-22,7,6,64.2,0.0,6.1,321.0,96.3
12289,2026-02-22,18,6,69.7,10.5,9.9,296.0,104.55
12290,2026-02-22,10,6,67.7,0.0,5.4,338.5,101.55
12291,2026-02-22,30,2,95.5,0.0,8.3,458.4,133.7
12292,2026-02-22,18,5,50.7,0.0,2.9,354.9,116.61
12293,2026-02-22,7,4,83.4,0.0,4.3,483.72,158.46
12294,2026-02-22,22,6,92.8,0.0,11.1,464.0,139.2
12295,2026-02-22,7,3,47.0,0.0,6.9,305.5,98.7
12296,2026-02-22,3,6,34.0,11.1,5.0,114.5,51.0
12297,2026-02-22,22,3,67.7,0.0,8.2,440.05,142.17
12298,2026-02-22,22,1,28.4,0.0,6.7,127.8,34.08
12299,2026-02-22,18,4,64.9,0.0,5.4,376.42,123.31
12300,2026-02-22,17,6,34.5,0.0,6.3,172.5,51.75
12301,2026-02-22,15,1,26.2,0.0,6.5,117.9,31.44
12302,2026-02-22,14,1,50.3,0.0,13.8,226.35,60.36
12303,2026-02-22,1,3,47.0,0.0,5.3,305.5,98.7
12304,2026-02-23,19,5,70.8,0.0,1.5,495.6,162.84
12305,2026-02-23,27,2,81.3,0.0,5.0,390.24,113.82
12306,2026-02-23,6,6,74.5,0.0,2.0,372.5,111.75
12307,2026-02-23,11,2,61.7,0.0,3.1,296.16,86.38
12308,2026-02-23,5,1,97.1,0.0,1.7,436.95,116.52
12309,2026-02-23,26,5,78.5,0.0,5.7,549.5,180.55
12310,2026-02-23,27,4,97.2,0.0,8.3,563.76,184.68
12311,2026-02-23,29,4,79.3,0.0,3.7,459.94,150.67
12312,2026-02-23,27,4,45.0,0.0,8.0,261.0,85.5
12313,2026-02-23,21,5,24.1,0.0,6.9,168.7,55.43
12314,2026-02-23,26,3,57.5,0.0,6.9,373.75,120.75
12315,2026-02-23,23,5,20.0,0.0,1.4,140.0,46.0
12316,2026-02-23,22,5,93.9,0.0,1.9,657.3,215.97
12317,2026-02-23,30,1,56.1,0.0,2.6,252.45,67.32
12318,2026-02-23,9,2,63.3,19.1,7.8,212.16,88.62
12319,2026-02-23,26,2,39.6,0.0,2.8,190.08,55.44
12320,2026-02-24,7,1,75.2,0.0,4.0,338.4,90.24
12321,2026-02-24,29,3,38.6,0.0,8.0,250.9,81.06
12322,2026-02-24,3,1,96.1,27.9,5.8,306.9,115.32
12323,2026-02-24,4,3,31.1,0.0,7.1,202.15,65.31
12324,2026-02-24,15,4,21.6,0.0,4.7,125.28,41.04
12325,2026-02-24,18,4,58.1,0.0,5.9,336.98,110.39
12326,2026-02-24,21,4,42.0,0.0,7.6,243.6,79.8
12327,2026-02-24,28,2,53.0,0.0,5.2,254.4,74.2
12328,2026-02-24,14,5,67.9,0.0,2.5,475.3,156.17
12329,2026-02-24,25,1,59.1,0.0,7.4,265.95,70.92
12330,2026-02-24,15,5,84.6,0.0,4.5,592.2,194.58
12331,2026-02-24,1,5,29.2,0.0,6.7,204.4,67.16
12332,2026-02-24,5,5,90.7,0.0,5.8,634.9,208.61
12333,2026-02-24,17,4,98.8,0.0,6.7,573.04,187.72
12334,2026-02-24,24,6,94.0,0.0,10.7,470.0,141.0
12335,2026-02-24,15,1,75.0,0.0,4.4,337.5,90.0
12336,2026-02-24,23,2,35.6,0.0,4.4,170.88,49.84
12337,2026-02-24,26,2,27.4,0.0,9.5,131.52,38.36
12338,2026-02-24,21,4,59.7,0.0,7.1,346.26,113.43
12339,2026-02-24,19,5,90.5,0.0,4.7,633.5,208.15
12340,2026-02-24,14,5,88.5,0.0,7.8,619.5,203.55
12341,2026-02-24,1,5,79.2,0.0,8.4,554.4,182.16
12342,2026-02-25,2,6,33.0,0.0,4.0,165.0,49.5
12343,2026-02-25,2,5,32.2,10.2,6.5,154.0,74.06
12344,2026-02-25,8,5,30.7,5.1,8.8,179.2,70.61
12345,2026-02-25,21,2,28.4,0.0,9.5,136.32,39.76
12346,2026-02-25,12,2,90.7,0.0,9.3,435.36,126.98
12347,2026-02-25,3,4,65.5,0.0,6.1,379.9,124.45
12348,2026-02-25,4,4,32.2,0.0,8.6,186.76,61.18
12349,2026-02-25,21,2,39.1,0.0,7.6,187.68,54.74
12350,2026-02-25,29,4,82.1,0.0,6.2,476.18,155.99
12351,2026-02-25,23,5,36.2,0.0,2.1,253.4,83.26
12352,2026-02-25,17,1,52.9,0.0,4.8,238.05,63.48
12353,2026-02-25,26,2,97.1,0.0,8.9,466.08,135.94
12354,2026-02-25,27,5,43.4,7.6,5.9,250.6,99.82
12355,2026-02-25,19,5,74.4,0.0,8.1,520.8,171.12
12356,2026-02-25,24,3,77.6,0.0,1.8,504.4,162.96
12357,2026-02-25,12,6,59.0,0.0,6.6,295.0,88.5
12358,2026-02-25,13,2,73.9,0.0,6.7,354.72,103.46
12359,2026-02-25,11,2,66.0,0.0,4.0,316.8,92.4
12360,2026-02-25,24,2,84.5,0.0,1.7,405.6,118.3
12361,2026-02-25,17,1,52.8,0.0,10.7,237.6,63.36
12362,2026-02-25,1,2,29.4,0.0,5.3,141.12,41.16
12363,2026-02-25,14,4,91.3,0.0,8.6,529.54,173.47
12364,2026-02-25,15,2,93.0,0.0,5.0,446.4,130.2
12365,2026-02-25,9,4,95.7,0.0,5.5,555.06,181.83
12366,2026-02-25,10,2,84.7,0.0,4.4,406.56,118.58
12367,2026-02-25,4,4,59.2,0.0,5.8,343.36,112.48
12368,2026-02-26,23,5,80.9,0.0,8.6,566.3,186.07
12369,2026-02-26,30,6,69.9,0.0,11.3,349.5,104.85
12370,2026-02-26,9,2,70.2,0.0,7.7,336.96,98.28
12371,2026-02-26,18,6,88.0,0.0,5.6,440.0,132.0
12372,2026-02-26,11,6,85.9,0.0,4.1,429.5,128.85
12373,2026-02-26,22,1,82.1,0.0,7.9,369.45,98.52
12374,2026-02-26,10,5,54.5,0.0,5.1,381.5,125.35
12375,2026-02-26,25,1,83.5,0.0,8.3,375.75,100.2
12376,2026-02-26,6,4,89.6,0.0,9.4,519.68,170.24
12377,2026-02-26,4,5,57.9,0.0,4.4,405.3,133.17
12378,2026-02-26,25,1,33.7,0.0,8.4,151.65,40.44
12379,2026-02-26,13,6,62.0,0.0,10.2,310.0,93.0
12380,2026-02-26,4,5,51.4,0.0,6.8,359.8,118.22
12381,2026-02-26,9,3,57.3,0.0,6.8,372.45,120.33
12382,2026-02-26,25,3,34.2,0.0,4.8,222.3,71.82
12383,2026-02-26,29,2,50.7,0.0,5.2,243.36,70.98
12384,2026-02-26,5,6,68.1,0.0,5.8,340.5,102.15
12385,2026-02-26,1,2,92.7,0.0,8.9,444.96,129.78
12386,2026-02-26,13,1,91.8,0.0,10.4,413.1,110.16
12387,2026-02-26,3,1,100.0,0.0,5.9,450.0,120.0
12388,2026-02-26,15,5,79.9,0.0,3.7,559.3,183.77
12389,2026-02-26,14,2,51.8,0.0,5.7,248.64,72.52
12390,2026-02-26,3,3,80.1,0.0,5.5,520.65,168.21
12391,2026-02-26,11,2,23.1,0.0,5.7,110.88,32.34
12392,2026-02-26,3,1,37.4,0.0,6.9,168.3,44.88
12393,2026-02-26,29,4,48.3,0.0,7.7,280.14,91.77
12394,2026-02-26,30,1,37.8,0.0,6.1,170.1,45.36
12395,2026-02-26,18,6,52.2,0.0,1.7,261.0,78.3
12396,2026-02-26,10,3,27.7,0.0,4.6,180.05,58.17
12397,2026-02-26,18,5,43.0,5.7,4.9,261.1,98.9
12398,2026-02-26,21,6,34.3,0.0,5.4,171.5,51.45
12399,2026-02-26,18,1,96.1,0.0,7.2,432.45,115.32
12400,2026-02-26,26,5,98.6,0.0,3.6,690.2,226.78
12401,2026-02-27,1,2,63.0,0.0,9.6,302.4,88.2
12402,2026-02-27,6,6,27.3,0.0,3.8,136.5,40.95
12403,2026-02-27,25,1,45.8,0.0,7.6,206.1,54.96
12404,2026-02-27,24,3,55.8,0.0,3.9,362.7,117.18
12405,2026-02-27,30,6,34.4,0.0,3.6,172.0,51.6
12406,2026-02-27,5,2,31.0,0.0,8.0,148.8,43.4
12407,2026-02-27,20,6,65.5,0.0,3.5,327.5,98.25
12408,2026-02-27,27,6,36.2,0.0,5.7,181.0,54.3
12409,2026-02-27,21,3,36.5,0.0,6.4,237.25,76.65
12410,2026-02-27,8,3,32.6,3.7,9.6,187.85,68.46
12411,2026-02-27,1,3,20.0,0.0,3.0,130.0,42.0
12412,2026-02-27,26,2,29.9,0.0,3.6,143.52,41.86
12413,2026-02-27,2,3,49.8,0.0,8.2,323.7,104.58
12414,2026-02-27,1,3,46.2,0.0,7.1,300.3,97.02
12415,2026-02-27,22,6,30.3,0.0,7.6,151.5,45.45
12416,2026-02-27,21,5,34.9,0.0,9.1,244.3,80.27
12417,2026-02-27,1,1,44.3,0.0,6.2,199.35,53.16
12418,2026-02-27,3,1,25.1,0.0,4.1,112.95,30.12
12419,2026-02-27,30,2,96.7,0.0,4.3,464.16,135.38
12420,2026-02-27,16,5,79.1,0.0,4.5,553.7,181.93
12421,2026-02-27,10,6,72.2,0.0,3.4,361.0,108.3
12422,2026-02-27,20,6,98.1,0.0,7.6,490.5,147.15
12423,2026-02-27,4,5,60.4,0.0,6.7,422.8,138.92
12424,2026-02-27,15,5,65.7,0.0,3.7,459.9,151.11
12425,2026-02-27,9,3,71.5,0.0,7.6,464.75,150.15
12426,2026-02-27,25,6,97.6,0.0,4.9,488.0,146.4
12427,2026-02-27,8,1,93.9,0.0,3.1,422.55,112.68
12428,2026-02-27,20,6,44.1,0.0,6.0,220.5,66.15
12429,2026-02-27,6,3,27.3,0.0,1.7,177.45,57.33
12430,2026-02-27,27,2,91.5,11.3,10.3,384.96,128.1
12431,2026-02-27,24,2,35.9,0.0,6.0,172.32,50.26
12432,2026-02-27,3,1,23.0,0.0,6.0,103.5,27.6
12433,2026-02-27,19,2,39.4,0.0,3.3,189.12,55.16
12434,2026-02-27,6,6,37.4,0.0,7.2,187.0,56.1
12435,2026-02-27,4,2,33.0,0.0,6.8,158.4,46.2
12436,2026-02-27,11,6,23.2,6.6,10.3,83.0,34.8
12437,2026-02-27,17,6,46.6,12.1,9.8,172.5,69.9
12438,2026-02-27,30,6,87.8,0.0,6.3,439.0,131.7
12439,2026-02-27,6,5,69.1,0.0,5.6,483.7,158.93
12440,2026-02-27,16,1,82.9,0.0,5.9,373.05,99.48
12441,2026-02-27,9,4,50.3,16.0,9.9,198.94,95.57
12442,2026-02-27,29,4,22.6,0.0,8.0,131.08,42.94
12443,2026-02-27,26,2,46.8,0.0,11.2,224.64,65.52
12444,2026-02-27,9,4,94.1,0.0,0.7,545.78,178.79
12445,2026-02-27,10,5,65.4,0.0,1.8,457.8,150.42
12446,2026-02-28,17,2,20.3,0.0,2.2,97.44,28.42
12447,2026-02-28,8,1,37.5,0.0,9.7,168.75,45.0
12448,2026-02-28,29,3,40.7,0.0,2.1,264.55,85.47
12449,2026-02-28,2,3,36.1,0.0,1.5,234.65,75.81
12450,2026-02-28,28,3,85.8,0.0,6.9,557.7,180.18
12451,2026-02-28,27,4,40.3,0.0,3.5,233.74,76.57
12452,2026-02-28,7,5,61.5,0.0,4.3,430.5,141.45
12453,2026-02-28,11,6,90.6,0.0,10.3,453.0,135.9
12454,2026-02-28,30,6,70.5,0.0,4.9,352.5,105.75
12455,2026-02-28,2,6,31.9,0.0,7.8,159.5,47.85
12456,2026-02-28,10,2,95.1,0.0,5.0,456.48,133.14
12457,2026-02-28,7,6,88.1,0.0,3.8,440.5,132.15
12458,2026-02-28,10,1,68.0,0.0,4.1,306.0,81.6
12459,2026-02-28,20,5,63.6,0.0,12.1,445.2,146.28
12460,2026-02-28,2,3,41.7,0.0,7.0,271.05,87.57
12461,2026-02-28,17,4,26.0,9.2,6.0,97.44,49.4
12462,2026-02-28,27,6,82.6,0.0,7.6,413.0,123.9
12463,2026-02-28,2,1,69.1,0.0,6.7,310.95,82.92
12464,2026-02-28,7,3,21.0,0.0,9.4,136.5,44.1
12465,2026-02-28,25,1,56.5,0.0,8.7,254.25,67.8
12466,2026-02-28,15,3,26.1,0.0,9.6,169.65,54.81
12467,2026-02-28,18,6,46.7,0.0,6.8,233.5,70.05
12468,2026-02-28,5,3,68.7,0.0,2.5,446.55,144.27
12469,2026-02-28,20,5,70.2,0.0,4.6,491.4,161.46
12470,2026-02-28,24,2,43.8,0.0,1.7,210.24,61.32
12471,2026-02-28,12,5,66.3,0.0,3.4,464.1,152.49
12472,2026-02-28,4,5,22.9,0.0,7.9,160.3,52.67
12473,2026-02-28,23,1,83.2,0.0,7.9,374.4,99.84
12474,2026-02-28,20,2,74.2,0.0,4.1,356.16,103.88
12475,2026-02-28,18,2,31.1,0.0,8.2,149.28,43.54
12476,2026-02-28,1,2,56.0,0.0,6.9,268.8,78.4
12477,2026-02-28,13,6,98.1,0.0,6.4,490.5,147.15
12478,2026-02-28,26,6,60.8,0.0,6.6,304.0,91.2
12479,2026-02-28,8,6,65.6,10.4,2.5,276.0,98.4
12480,2026-02-28,13,1,92.4,0.0,8.4,415.8,110.88
12481,2026-02-28,18,3,65.5,0.0,4.9,425.75,137.55
12482,2026-02-28,23,6,59.8,0.0,7.2,299.0,89.7
12483,2026-02-28,28,3,80.3,0.0,5.3,521.95,168.63
12484,2026-02-28,8,4,33.7,0.0,4.5,195.46,64.03
12485,2026-02-28,21,6,22.8,0.0,8.5,114.0,34.2
12486,2026-02-28,4,2,65.0,0.0,5.2,312.0,91.0
12487,2026-02-28,7,3,62.6,0.0,4.6,406.9,131.46
12488,2026-02-28,30,6,20.9,0.0,9.0,104.5,31.35
12489,2026-02-28,19,2,40.7,8.9,10.5,152.64,56.98
12490,2026-02-28,11,2,63.1,0.0,5.3,302.88,88.34
12491,2026-02-28,27,6,72.8,0.0,9.1,364.0,109.2
12492,2026-02-28,2,6,30.6,0.0,3.5,153.0,45.9
12493,2026-02-28,21,3,88.9,31.3,11.0,374.4,186.69
12494,2026-03-01,11,1,34.7,0.0,2.8,156.15,41.64
12495,2026-03-01,3,2,78.4,0.0,8.4,376.32,109.76
12496,2026-03-01,12,2,56.2,0.0,6.3,269.76,78.68
12497,2026-03-01,15,1,77.4,0.0,7.7,348.3,92.88
12498,2026-03-01,30,1,79.1,0.0,6.7,355.95,94.92
12499,2026-03-01,24,2,47.2,0.0,3.3,226.56,66.08
12500,2026-03-01,22,1,83.0,0.0,9.6,373.5,99.6
12501,2026-03-01,3,2,20.5,0.0,8.8,98.4,28.7
12502,2026-03-01,3,1,56.0,0.0,8.8,252.0,67.2
12503,2026-03-01,9,5,78.6,0.0,4.4,550.2,180.78
12504,2026-03-01,22,4,42.3,0.0,3.8,245.34,80.37
12505,2026-03-01,20,6,65.6,0.0,6.3,328.0,98.4
12506,2026-03-01,18,2,47.2,0.0,2.8,226.56,66.08
12507,2026-03-01,6,5,49.7,0.0,2.9,347.9,114.31
12508,2026-03-01,9,1,27.6,0.0,7.8,124.2,33.12
12509,2026-03-01,22,4,85.7,0.0,6.9,497.06,162.83
12510,2026-03-01,9,4,38.0,0.0,3.8,220.4,72.2
12511,2026-03-01,4,1,37.8,0.0,7.2,170.1,45.36
12512,2026-03-01,7,1,49.9,0.0,11.8,224.55,59.88
12513,2026-03-01,22,2,34.2,0.0,7.7,164.16,47.88
12514,2026-03-01,2,6,73.0,0.0,9.4,365.0,109.5
12515,2026-03-01,27,4,45.1,0.0,5.8,261.58,85.69
12516,2026-03-02,13,2,48.6,0.0,10.6,233.28,68.04
12517,2026-03-02,13,5,21.3,3.7,11.0,123.2,48.99
12518,2026-03-02,6,6,58.5,0.0,3.3,292.5,87.75
12519,2026-03-02,10,1,90.3,0.0,4.5,406.35,108.36
12520,2026-03-02,16,2,38.9,0.0,6.0,186.72,54.46
12521,2026-03-02,19,1,71.8,0.0,5.9,323.1,86.16
12522,2026-03-02,29,3,31.8,0.0,7.6,206.7,66.78
12523,2026-03-02,24,4,62.8,0.0,5.0,364.24,119.32
12524,2026-03-02,16,5,41.3,0.0,6.7,289.1,94.99
12525,2026-03-02,6,2,82.3,0.0,9.9,395.04,115.22
12526,2026-03-02,24,1,70.6,0.0,3.5,317.7,84.72
12527,2026-03-02,17,4,87.3,0.0,1.7,506.34,165.87
12528,2026-03-02,6,6,90.9,0.0,7.2,454.5,136.35
12529,2026-03-02,6,3,64.8,0.0,8.6,421.2,136.08
12530,2026-03-02,25,3,34.0,0.0,7.2,221.0,71.4
12531,2026-03-02,6,3,63.3,0.0,3.9,411.45,132.93
12532,2026-03-02,3,6,27.7,0.0,5.5,138.5,41.55
12533,2026-03-02,28,1,65.3,0.0,9.5,293.85,78.36
12534,2026-03-02,2,4,42.2,0.0,8.8,244.76,80.18
12535,2026-03-02,16,3,35.7,0.0,3.4,232.05,74.97
12536,2026-03-02,19,1,42.6,7.3,8.2,158.85,51.12
12537,2026-03-02,4,2,61.6,0.0,3.6,295.68,86.24
12538,2026-03-02,27,5,92.5,0.0,4.8,647.5,212.75
12539,2026-03-02,6,5,30.3,0.0,7.5,212.1,69.69
12540,2026-03-02,1,1,57.9,0.0,5.9,260.55,69.48
12541,2026-03-02,16,5,39.3,0.0,7.5,275.1,90.39
12542,2026-03-02,29,3,74.6,0.0,7.8,484.9,156.66
12543,2026-03-03,4,2,86.9,0.0,2.0,417.12,121.66
12544,2026-03-03,18,4,48.0,13.4,9.9,200.68,91.2
12545,2026-03-03,2,6,79.9,0.0,5.5,399.5,119.85
12546,2026-03-03,3,3,86.5,0.0,7.7,562.25,181.65
12547,2026-03-03,27,5,45.8,0.0,10.9,320.6,105.34
12548,2026-03-03,15,2,42.8,0.0,8.1,205.44,59.92
12549,2026-03-03,21,6,20.4,0.0,7.6,102.0,30.6
12550,2026-03-03,11,2,36.1,0.0,6.9,173.28,50.54
12551,2026-03-03,28,1,25.2,0.0,10.3,113.4,30.24
12552,2026-03-03,19,4,49.7,0.0,9.0,288.26,94.43
12553,2026-03-03,4,1,56.7,0.0,8.5,255.15,68.04
12554,2026-03-03,22,4,69.6,0.0,6.3,403.68,132.24
12555,2026-03-03,20,3,58.9,12.3,9.2,302.9,123.69
12556,2026-03-03,27,1,44.8,0.0,14.3,201.6,53.76
12557,2026-03-03,28,2,80.2,0.0,1.4,384.96,112.28
12558,2026-03-03,28,4,36.2,0.0,7.6,209.96,68.78
12559,2026-03-04,1,6,23.4,0.0,4.3,117.0,35.1
12560,2026-03-04,15,2,23.0,0.0,5.6,110.4,32.2
12561,2026-03-04,12,3,25.7,5.1,9.8,133.9,53.97
12562,2026-03-04,18,1,51.0,0.0,5.5,229.5,61.2
12563,2026-03-04,18,3,57.3,0.0,4.5,372.45,120.33
12564,2026-03-04,22,1,59.5,0.0,11.3,267.75,71.4
12565,2026-03-04,1,5,78.2,0.0,2.9,547.4,179.86
12566,2026-03-04,29,3,22.6,0.0,8.7,146.9,47.46
12567,2026-03-04,18,5,84.8,0.0,5.0,593.6,195.04
12568,2026-03-04,27,6,86.6,0.0,5.7,433.0,129.9
12569,2026-03-04,19,5,39.2,0.0,2.1,274.4,90.16
12570,2026-03-04,24,3,71.5,0.0,4.7,464.75,150.15
12571,2026-03-04,10,6,85.2,0.0,2.6,426.0,127.8
12572,2026-03-04,26,4,30.9,0.0,6.2,179.22,58.71
12573,2026-03-04,4,4,59.7,0.0,8.0,346.26,113.43
12574,2026-03-04,24,2,76.9,0.0,4.0,369.12,107.66
12575,2026-03-04,18,1,64.4,0.0,7.8,289.8,77.28
12576,2026-03-04,20,2,29.5,0.0,5.0,141.6,41.3
12577,2026-03-04,29,3,52.9,0.0,6.9,343.85,111.09
12578,2026-03-04,26,5,59.0,11.3,9.8,333.9,135.7
12579,2026-03-04,20,1,44.5,0.0,0.2,200.25,53.4
12580,2026-03-04,27,5,79.6,0.0,4.3,557.2,183.08
12581,2026-03-04,17,5,42.0,0.0,7.1,294.0,96.6
12582,2026-03-04,21,2,47.2,0.0,6.9,226.56,66.08
12583,2026-03-04,22,5,54.3,7.9,8.8,324.8,124.89
12584,2026-03-04,9,2,28.0,0.0,6.7,134.4,39.2
12585,2026-03-04,15,6,29.4,0.0,4.5,147.0,44.1
12586,2026-03-04,17,3,66.5,0.0,7.1,432.25,139.65
12587,2026-03-04,25,6,60.2,0.0,6.1,301.0,90.3
12588,2026-03-04,30,5,99.1,0.0,7.6,693.7,227.93
12589,2026-03-04,6,4,61.1,0.0,5.5,354.38,116.09
12590,2026-03-05,21,4,90.8,0.0,7.3,526.64,172.52
12591,2026-03-05,23,1,89.6,0.0,1.4,403.2,107.52
12592,2026-03-05,13,4,41.8,0.0,8.9,242.44,79.42
12593,2026-03-05,18,4,20.4,0.0,6.8,118.32,38.76
12594,2026-03-05,27,3,39.9,0.0,5.3,259.35,83.79
12595,2026-03-05,8,4,32.8,0.0,3.6,190.24,62.32
12596,2026-03-05,18,2,39.8,0.0,0.7,191.04,55.72
12597,2026-03-05,14,1,27.9,6.9,12.6,94.5,33.48
12598,2026-03-05,13,1,89.2,0.0,7.7,401.4,107.04
12599,2026-03-05,28,4,23.9,0.0,7.4,138.62,45.41
12600,2026-03-05,5,5,23.8,0.0,4.0,166.6,54.74
12601,2026-03-05,23,5,87.0,0.0,3.2,609.0,200.1
12602,2026-03-05,25,3,61.2,0.0,9.3,397.8,128.52
12603,2026-03-05,1,6,72.2,0.0,6.1,361.0,108.3
12604,2026-03-05,29,1,36.2,0.0,5.3,162.9,43.44
12605,2026-03-05,19,1,53.2,0.0,4.6,239.4,63.84
12606,2026-03-05,13,1,44.3,0.0,11.3,199.35,53.16
12607,2026-03-05,19,3,94.3,0.0,6.4,612.95,198.03
12608,2026-03-05,4,6,55.9,0.0,6.0,279.5,83.85
12609,2026-03-05,28,1,27.7,0.0,7.8,124.65,33.24
12610,2026-03-05,14,5,44.4,0.0,6.9,310.8,102.12
12611,2026-03-05,10,4,41.0,0.0,6.0,237.8,77.9
12612,2026-03-05,8,2,32.7,0.0,6.8,156.96,45.78
12613,2026-03-06,24,4,35.7,0.0,5.0,207.06,67.83
12614,2026-03-06,6,2,33.3,0.0,7.1,159.84,46.62
12615,2026-03-06,9,4,49.6,0.0,5.7,287.68,94.24
12616,2026-03-06,15,4,45.1,0.0,8.4,261.58,85.69
12617,2026-03-06,25,6,40.3,0.0,7.6,201.5,60.45
12618,2026-03-06,29,1,86.3,0.0,8.0,388.35,103.56
12619,2026-03-06,13,4,87.0,0.0,4.9,504.6,165.3
12620,2026-03-06,27,5,60.9,0.0,4.2,426.3,140.07
12621,2026-03-06,22,1,21.9,0.0,3.9,98.55,26.28
12622,2026-03-06,6,6,81.8,0.0,5.0,409.0,122.7
12623,2026-03-06,26,2,21.7,0.0,7.0,104.16,30.38
12624,2026-03-06,8,2,28.4,0.0,6.0,136.32,39.76
12625,2026-03-06,12,6,97.7,0.0,9.3,488.5,146.55
12626,2026-03-06,17,4,95.4,0.0,9.9,553.32,181.26
12627,2026-03-06,27,6,80.7,0.0,4.5,403.5,121.05
12628,2026-03-06,18,2,85.5,0.0,10.3,410.4,119.7
12629,2026-03-06,18,6,22.4,0.0,6.8,112.0,33.6
12630,2026-03-06,14,1,74.6,0.0,5.3,335.7,89.52
12631,2026-03-06,9,6,73.9,0.0,8.7,369.5,110.85
12632,2026-03-06,28,6,73.5,0.0,4.8,367.5,110.25
12633,2026-03-06,24,2,89.8,0.0,4.0,431.04,125.72
12634,2026-03-06,6,4,27.5,0.0,4.4,159.5,52.25
12635,2026-03-06,11,4,58.4,0.0,5.3,338.72,110.96
12636,2026-03-06,28,4,77.4,0.0,7.7,448.92,147.06
12637,2026-03-06,20,6,66.3,0.0,4.9,331.5,99.45
12638,2026-03-06,16,2,80.9,0.0,3.7,388.32,113.26
12639,2026-03-06,27,1,43.1,0.0,5.0,193.95,51.72
12640,2026-03-06,18,5,32.9,0.0,8.7,230.3,75.67
12641,2026-03-06,14,4,21.9,0.0,3.3,127.02,41.61
12642,2026-03-06,11,2,70.9,0.0,6.3,340.32,99.26
12643,2026-03-06,16,5,95.8,0.0,5.9,670.6,220.34
12644,2026-03-06,2,5,32.4,0.0,6.1,226.8,74.52
12645,2026-03-06,2,5,62.8,0.0,7.5,439.6,144.44
12646,2026-03-06,12,1,50.2,0.0,9.1,225.9,60.24
12647,2026-03-06,23,1,84.2,0.0,5.0,378.9,101.04
12648,2026-03-06,19,3,77.9,0.0,3.9,506.35,163.59
12649,2026-03-06,22,2,98.9,12.6,4.9,414.24,138.46
12650,2026-03-06,2,2,23.7,0.0,9.4,113.76,33.18
12651,2026-03-06,17,1,36.2,0.0,5.3,162.9,43.44
12652,2026-03-06,30,1,71.2,22.2,4.5,220.5,85.44
12653,2026-03-06,17,3,24.2,0.0,4.3,157.3,50.82
12654,2026-03-06,25,6,71.0,0.0,1.4,355.0,106.5
12655,2026-03-06,17,4,45.2,12.4,6.8,190.24,85.88
12656,2026-03-06,18,1,88.8,27.6,10.3,275.4,106.56
12657,2026-03-06,25,3,45.2,0.0,2.9,293.8,94.92
12658,2026-03-07,27,3,23.9,3.8,9.4,130.65,50.19
12659,2026-03-07,4,3,83.1,0.0,3.7,540.15,174.51
12660,2026-03-07,7,2,53.9,0.0,11.0,258.72,75.46
12661,2026-03-07,10,4,22.6,0.0,8.5,131.08,42.94
12662,2026-03-07,18,3,85.9,0.0,6.7,558.35,180.39
12663,2026-03-07,20,6,80.7,0.0,7.4,403.5,121.05
12664,2026-03-07,10,4,91.6,11.8,12.1,462.84,174.04
12665,2026-03-07,22,6,86.7,0.0,7.9,433.5,130.05
12666,2026-03-07,24,1,48.9,0.0,1.2,220.05,58.68
12667,2026-03-07,12,3,39.8,13.7,10.5,169.65,83.58
12668,2026-03-07,3,1,95.2,25.5,9.3,313.65,114.24
12669,2026-03-07,4,1,78.2,0.0,8.9,351.9,93.84
12670,2026-03-07,23,2,50.0,0.0,6.0,240.0,70.0
12671,2026-03-07,17,2,47.0,0.0,5.7,225.6,65.8
12672,2026-03-07,3,3,71.9,0.0,5.0,467.35,150.99
12673,2026-03-07,22,1,96.1,0.0,6.5,432.45,115.32
12674,2026-03-07,6,6,52.5,0.0,4.9,262.5,78.75
12675,2026-03-07,7,3,67.3,21.3,1.8,299.0,141.33
12676,2026-03-07,8,1,65.1,0.0,6.9,292.95,78.12
12677,2026-03-07,16,4,93.1,0.0,5.6,539.98,176.89
12678,2026-03-07,16,4,40.9,0.0,5.4,237.22,77.71
12679,2026-03-07,17,5,38.3,0.0,4.6,268.1,88.09
12680,2026-03-07,25,1,68.8,0.0,8.7,309.6,82.56
12681,2026-03-07,27,3,43.5,0.0,5.6,282.75,91.35
12682,2026-03-07,18,6,34.2,0.0,7.6,171.0,51.3
12683,2026-03-07,29,4,37.2,0.0,7.7,215.76,70.68
12684,2026-03-07,13,5,28.7,0.0,3.9,200.9,66.01
12685,2026-03-07,1,4,27.0,0.0,6.6,156.6,51.3
12686,2026-03-07,9,4,49.5,0.0,6.4,287.1,94.05
12687,2026-03-07,16,5,98.5,0.0,3.7,689.5,226.55
12688,2026-03-07,25,2,46.5,0.0,7.2,223.2,65.1
12689,2026-03-07,22,1,70.6,0.0,2.0,317.7,84.72
12690,2026-03-07,20,5,95.0,0.0,4.8,665.0,218.5
12691,2026-03-07,2,2,59.5,0.0,4.0,285.6,83.3
12692,2026-03-07,19,2,98.1,0.0,5.6,470.88,137.34
12693,2026-03-07,22,2,56.7,18.4,10.6,183.84,79.38
12694,2026-03-07,21,2,53.8,0.0,9.4,258.24,75.32
12695,2026-03-07,3,2,72.2,25.8,9.5,222.72,101.08
12696,2026-03-07,7,4,52.9,0.0,6.8,306.82,100.51
12697,2026-03-08,7,3,89.3,0.0,9.1,580.45,187.53
12698,2026-03-08,13,1,46.6,0.0,6.9,209.7,55.92
12699,2026-03-08,27,4,98.4,0.0,6.4,570.72,186.96
12700,2026-03-08,1,4,42.9,0.0,2.8,248.82,81.51
12701,2026-03-08,23,1,78.8,0.0,9.8,354.6,94.56
12702,2026-03-08,16,1,98.4,0.0,6.8,442.8,118.08
12703,2026-03-08,25,4,67.0,0.0,2.6,388.6,127.3
12704,2026-03-08,15,5,30.1,0.0,12.4,210.7,69.23
12705,2026-03-08,9,1,99.7,0.0,7.7,448.65,119.64
12706,2026-03-08,25,1,47.4,0.0,5.2,213.3,56.88
12707,2026-03-08,19,3,64.3,0.0,5.3,417.95,135.03
12708,2026-03-08,28,2,41.5,0.0,6.3,199.2,58.1
12709,2026-03-08,21,6,48.7,0.0,2.7,243.5,73.05
12710,2026-03-08,11,5,68.8,0.0,9.1,481.6,158.24
12711,2026-03-08,2,4,41.2,0.0,8.8,238.96,78.28
12712,2026-03-08,2,2,82.5,0.0,3.8,396.0,115.5
12713,2026-03-08,7,4,89.3,0.0,3.1,517.94,169.67
12714,2026-03-08,23,3,95.4,0.0,8.3,620.1,200.34
12715,2026-03-08,18,5,74.0,0.0,3.7,518.0,170.2
12716,2026-03-08,30,2,76.1,0.0,1.6,365.28,106.54
12717,2026-03-08,25,1,49.5,0.0,2.7,222.75,59.4
12718,2026-03-08,27,1,75.7,0.0,6.6,340.65,90.84
12719,2026-03-08,25,5,57.0,0.0,3.1,399.0,131.1
12720,2026-03-08,16,5,85.8,0.0,5.2,600.6,197.34
12721,2026-03-08,16,3,40.0,0.0,4.0,260.0,84.0
12722,2026-03-08,23,6,23.8,0.0,7.9,119.0,35.7
12723,2026-03-08,21,1,45.2,0.0,6.0,203.4,54.24
12724,2026-03-09,6,2,58.8,0.0,5.1,282.24,82.32
12725,2026-03-09,29,4,65.9,0.0,7.7,382.22,125.21
12726,2026-03-09,4,1,39.6,0.0,5.5,178.2,47.52
12727,2026-03-09,26,1,37.2,0.0,8.0,167.4,44.64
12728,2026-03-09,29,3,43.2,0.0,4.7,280.8,90.72
12729,2026-03-09,13,3,97.6,0.0,6.2,634.4,204.96
12730,2026-03-09,28,1,47.4,0.0,1.1,213.3,56.88
12731,2026-03-09,5,4,42.2,0.0,6.0,244.76,80.18
12732,2026-03-09,20,4,39.1,0.0,4.7,226.78,74.29
12733,2026-03-09,15,6,27.8,0.0,7.1,139.0,41.7
12734,2026-03-09,3,6,49.2,0.0,6.2,246.0,73.8
12735,2026-03-09,20,5,54.6,0.0,6.3,382.2,125.58
12736,2026-03-09,20,6,100.0,0.0,1.6,500.0,150.0
12737,2026-03-09,20,6,88.6,0.0,2.6,443.0,132.9
12738,2026-03-09,1,6,60.1,0.0,7.0,300.5,90.15
12739,2026-03-09,1,5,55.5,0.0,5.6,388.5,127.65
12740,2026-03-09,23,2,94.7,0.0,2.0,454.56,132.58
12741,2026-03-09,5,5,45.3,0.0,6.0,317.1,104.19
12742,2026-03-09,20,1,96.6,0.0,3.3,434.7,115.92
12743,2026-03-09,27,4,80.3,0.0,7.4,465.74,152.57
12744,2026-03-09,16,4,56.4,0.0,8.6,327.12,107.16
12745,2026-03-09,23,1,75.2,0.0,3.0,338.4,90.24
12746,2026-03-09,21,6,37.1,0.0,6.8,185.5,55.65
12747,2026-03-09,15,6,63.7,0.0,8.5,318.5,95.55
12748,2026-03-09,23,6,58.8,0.0,7.6,294.0,88.2
12749,2026-03-09,26,3,37.3,0.0,4.8,242.45,78.33
12750,2026-03-10,2,5,49.8,0.0,6.9,348.6,114.54
12751,2026-03-10,12,1,29.8,0.0,8.0,134.1,35.76
12752,2026-03-10,7,6,98.4,0.0,4.1,492.0,147.6
12753,2026-03-10,14,6,98.4,0.0,4.4,492.0,147.6
12754,2026-03-10,14,4,96.0,0.0,2.3,556.8,182.4
12755,2026-03-10,14,2,88.3,21.2,9.7,322.08,123.62
12756,2026-03-10,2,4,51.4,0.0,7.6,298.12,97.66
12757,2026-03-10,16,6,53.5,8.5,9.7,225.0,80.25
12758,2026-03-10,19,5,62.4,0.0,8.1,436.8,143.52
12759,2026-03-10,12,3,96.1,0.0,7.4,624.65,201.81
12760,2026-03-10,21,5,53.8,0.0,9.1,376.6,123.74
12761,2026-03-10,23,6,88.2,0.0,4.6,441.0,132.3
12762,2026-03-10,16,5,63.7,0.0,8.1,445.9,146.51
12763,2026-03-10,30,5,33.5,0.0,4.4,234.5,77.05
12764,2026-03-10,8,4,35.8,0.0,6.1,207.64,68.02
12765,2026-03-11,9,6,21.4,0.0,4.8,107.0,32.1
12766,2026-03-11,22,6,60.8,0.0,7.3,304.0,91.2
12767,2026-03-11,22,6,21.2,0.0,4.4,106.0,31.8
12768,2026-03-11,29,4,97.7,0.0,4.6,566.66,185.63
12769,2026-03-11,7,6,75.6,0.0,5.8,378.0,113.4
12770,2026-03-11,28,1,78.0,0.0,7.0,351.0,93.6
12771,2026-03-11,28,4,64.4,0.0,5.3,373.52,122.36
12772,2026-03-11,24,5,61.8,0.0,9.4,432.6,142.14
12773,2026-03-11,9,6,53.9,0.0,8.0,269.5,80.85
12774,2026-03-11,18,1,58.0,0.0,6.7,261.0,69.6
12775,2026-03-11,19,1,43.8,0.0,8.0,197.1,52.56
12776,2026-03-11,22,6,91.5,0.0,5.9,457.5,137.25
12777,2026-03-11,22,6,91.3,0.0,8.9,456.5,136.95
12778,2026-03-11,6,1,63.7,0.0,4.5,286.65,76.44
12779,2026-03-11,30,4,53.6,0.0,10.4,310.88,101.84
12780,2026-03-11,22,3,45.2,0.0,5.8,293.8,94.92
12781,2026-03-11,2,1,65.1,0.0,5.1,292.95,78.12
12782,2026-03-11,20,2,28.8,0.0,3.8,138.24,40.32
12783,2026-03-12,3,6,55.0,0.0,2.1,275.0,82.5
12784,2026-03-12,14,5,79.8,0.0,6.1,558.6,183.54
12785,2026-03-12,8,3,53.2,0.0,4.4,345.8,111.72
12786,2026-03-12,21,3,94.8,33.5,4.2,398.45,199.08
12787,2026-03-12,17,3,77.8,0.0,4.9,505.7,163.38
12788,2026-03-12,30,4,24.1,0.0,6.1,139.78,45.79
12789,2026-03-12,10,1,72.0,0.0,7.5,324.0,86.4
12790,2026-03-12,2,2,74.7,0.0,7.8,358.56,104.58
12791,2026-03-12,23,1,55.2,0.0,7.2,248.4,66.24
12792,2026-03-12,27,4,70.1,0.0,3.2,406.58,133.19
12793,2026-03-12,22,3,63.1,0.0,7.2,410.15,132.51
12794,2026-03-12,25,6,40.6,0.0,8.8,203.0,60.9
12795,2026-03-12,29,4,77.7,0.0,9.2,450.66,147.63
12796,2026-03-12,7,4,80.3,0.0,7.2,465.74,152.57
12797,2026-03-12,2,3,60.2,0.0,2.7,391.3,126.42
12798,2026-03-12,12,1,82.4,0.0,8.8,370.8,98.88
12799,2026-03-12,29,5,61.3,0.0,8.2,429.1,140.99
12800,2026-03-12,9,1,80.7,0.0,3.4,363.15,96.84
12801,2026-03-12,25,6,52.5,0.0,7.3,262.5,78.75
12802,2026-03-12,5,6,83.5,0.0,7.4,417.5,125.25
12803,2026-03-12,9,6,71.5,0.0,5.8,357.5,107.25
12804,2026-03-12,23,6,52.5,0.0,5.5,262.5,78.75
12805,2026-03-12,13,6,56.5,0.0,6.5,282.5,84.75
12806,2026-03-12,22,3,84.8,0.0,7.4,551.2,178.08
12807,2026-03-12,6,4,44.6,0.0,7.5,258.68,84.74
12808,2026-03-12,7,2,62.8,0.0,6.2,301.44,87.92
12809,2026-03-12,14,2,89.4,0.0,10.4,429.12,125.16
12810,2026-03-13,12,3,49.2,0.0,5.6,319.8,103.32
12811,2026-03-13,1,6,37.6,0.0,7.4,188.0,56.4
12812,2026-03-13,20,5,48.8,0.0,4.1,341.6,112.24
12813,2026-03-13,5,4,95.6,0.0,2.6,554.48,181.64
12814,2026-03-13,27,4,24.4,0.0,8.1,141.52,46.36
12815,2026-03-13,11,2,49.9,0.0,1.6,239.52,69.86
12816,2026-03-13,10,4,59.7,0.0,-0.0,346.26,113.43
12817,2026-03-13,13,5,47.5,0.0,13.1,332.5,109.25
12818,2026-03-13,30,4,34.4,0.0,8.4,199.52,65.36
12819,2026-03-13,14,3,78.4,0.0,1.9,509.6,164.64
12820,2026-03-13,5,2,87.6,0.0,7.0,420.48,122.64
12821,2026-03-13,24,3,90.2,0.0,8.8,586.3,189.42
12822,2026-03-13,6,6,81.3,0.0,2.8,406.5,121.95
12823,2026-03-13,19,6,89.6,0.0,4.3,448.0,134.4
12824,2026-03-13,22,5,58.8,0.0,5.2,411.6,135.24
12825,2026-03-13,19,6,58.0,0.0,2.2,290.0,87.0
12826,2026-03-13,24,6,93.0,0.0,8.7,465.0,139.5
12827,2026-03-13,6,2,22.2,0.0,6.3,106.56,31.08
12828,2026-03-13,19,3,49.6,0.0,-0.7,322.4,104.16
12829,2026-03-13,9,1,71.1,0.0,5.7,319.95,85.32
12830,2026-03-13,7,4,40.1,0.0,8.1,232.58,76.19
12831,2026-03-13,11,3,89.1,0.0,4.2,579.15,187.11
12832,2026-03-13,19,1,34.1,0.0,10.0,153.45,40.92
12833,2026-03-13,3,1,77.4,0.0,8.9,348.3,92.88
12834,2026-03-13,5,4,74.1,0.0,7.8,429.78,140.79
12835,2026-03-13,29,5,59.9,0.0,5.9,419.3,137.77
12836,2026-03-13,26,5,95.7,0.0,6.6,669.9,220.11
12837,2026-03-13,21,6,67.8,0.0,4.7,339.0,101.7
12838,2026-03-14,25,3,69.8,0.0,7.4,453.7,146.58
12839,2026-03-14,9,5,64.4,0.0,6.6,450.8,148.12
12840,2026-03-14,17,4,25.9,0.0,3.3,150.22,49.21
12841,2026-03-14,19,1,20.9,0.0,1.9,94.05,25.08
12842,2026-03-14,6,6,33.8,0.0,6.6,169.0,50.7
12843,2026-03-14,25,3,20.3,0.0,7.4,131.95,42.63
12844,2026-03-14,7,3,47.8,0.0,0.2,310.7,100.38
12845,2026-03-14,27,1,48.0,0.0,5.8,216.0,57.6
12846,2026-03-14,30,1,81.0,0.0,6.6,364.5,97.2
12847,2026-03-14,30,6,77.1,0.0,3.2,385.5,115.65
12848,2026-03-14,28,3,91.3,0.0,11.0,593.45,191.73
12849,2026-03-14,26,1,40.2,0.0,3.1,180.9,48.24
12850,2026-03-14,19,1,58.3,0.0,7.2,262.35,69.96
12851,2026-03-14,18,3,33.2,10.4,11.6,148.2,69.72
12852,2026-03-14,11,4,80.9,0.0,7.4,469.22,153.71
12853,2026-03-14,9,3,31.7,0.0,3.3,206.05,66.57
12854,2026-03-14,24,5,45.9,0.0,6.6,321.3,105.57
12855,2026-03-14,9,5,29.3,0.0,5.5,205.1,67.39
12856,2026-03-14,26,6,63.0,0.0,9.4,315.0,94.5
12857,2026-03-14,15,3,91.1,0.0,5.1,592.15,191.31
12858,2026-03-14,13,1,81.0,0.0,4.4,364.5,97.2
12859,2026-03-14,22,2,57.1,0.0,6.2,274.08,79.94
12860,2026-03-14,15,5,74.4,0.0,2.4,520.8,171.12
12861,2026-03-14,11,2,95.1,0.0,6.4,456.48,133.14
12862,2026-03-14,9,5,69.6,0.0,4.8,487.2,160.08
12863,2026-03-14,8,2,88.9,0.0,8.7,426.72,124.46
12864,2026-03-14,18,4,35.6,0.0,2.8,206.48,67.64
12865,2026-03-14,7,4,87.6,0.0,9.9,508.08,166.44
12866,2026-03-14,3,1,22.3,0.0,9.5,100.35,26.76
12867,2026-03-14,18,6,83.5,0.0,3.9,417.5,125.25
12868,2026-03-14,26,2,86.4,0.0,10.6,414.72,120.96
12869,2026-03-14,16,1,88.1,0.0,5.2,396.45,105.72
12870,2026-03-14,14,4,97.6,0.0,5.3,566.08,185.44
12871,2026-03-14,11,6,49.6,0.0,8.9,248.0,74.4
12872,2026-03-14,9,2,33.7,0.0,1.4,161.76,47.18
12873,2026-03-14,17,6,98.1,0.0,7.7,490.5,147.15
12874,2026-03-15,24,2,83.7,0.0,6.5,401.76,117.18
12875,2026-03-15,1,1,71.1,12.1,9.2,265.5,85.32
12876,2026-03-15,21,4,62.2,0.0,3.8,360.76,118.18
12877,2026-03-15,8,6,83.1,0.0,5.7,415.5,124.65
12878,2026-03-15,27,6,76.0,0.0,4.7,380.0,114.0
12879,2026-03-15,4,2,23.5,8.0,11.8,74.4,32.9
12880,2026-03-15,12,2,30.3,0.0,6.6,145.44,42.42
12881,2026-03-15,21,4,55.6,0.0,7.8,322.48,105.64
12882,2026-03-15,24,6,76.6,0.0,9.5,383.0,114.9
12883,2026-03-15,30,2,79.2,0.0,5.0,380.16,110.88
12884,2026-03-15,8,1,61.5,0.0,6.8,276.75,73.8
12885,2026-03-15,26,1,68.1,0.0,3.6,306.45,81.72
12886,2026-03-15,4,5,87.8,0.0,6.5,614.6,201.94
12887,2026-03-15,16,6,88.0,0.0,3.2,440.0,132.0
12888,2026-03-15,26,3,50.4,0.0,7.0,327.6,105.84
12889,2026-03-15,5,3,44.9,0.0,5.3,291.85,94.29
12890,2026-03-15,4,6,96.1,0.0,6.5,480.5,144.15
12891,2026-03-15,26,1,45.0,0.0,8.3,202.5,54.0
12892,2026-03-15,22,4,91.9,0.0,9.8,533.02,174.61
12893,2026-03-15,29,2,67.0,0.0,3.7,321.6,93.8
12894,2026-03-15,9,3,94.1,0.0,3.1,611.65,197.61
12895,2026-03-15,26,6,54.3,0.0,6.3,271.5,81.45
12896,2026-03-15,26,6,49.8,0.0,9.8,249.0,74.7
12897,2026-03-15,11,2,50.9,0.0,4.0,244.32,71.26
12898,2026-03-15,19,3,39.4,0.0,8.8,256.1,82.74
12899,2026-03-15,8,6,91.4,0.0,6.1,457.0,137.1
12900,2026-03-15,25,2,35.3,0.0,3.8,169.44,49.42
12901,2026-03-15,16,5,76.4,0.0,5.2,534.8,175.72
12902,2026-03-16,20,4,46.9,0.0,7.1,272.02,89.11
12903,2026-03-16,8,2,62.7,0.0,5.0,300.96,87.78
12904,2026-03-16,24,1,37.8,0.0,5.6,170.1,45.36
12905,2026-03-16,9,5,26.0,0.0,5.1,182.0,59.8
12906,2026-03-16,30,1,49.2,0.0,6.9,221.4,59.04
12907,2026-03-16,22,1,63.6,0.0,7.4,286.2,76.32
12908,2026-03-16,15,6,86.6,0.0,11.3,433.0,129.9
12909,2026-03-16,9,4,36.8,0.0,9.5,213.44,69.92
12910,2026-03-16,15,6,81.9,0.0,6.9,409.5,122.85
12911,2026-03-16,17,5,30.6,0.0,2.0,214.2,70.38
12912,2026-03-16,23,4,27.6,0.0,8.4,160.08,52.44
12913,2026-03-16,28,1,21.0,0.0,3.8,94.5,25.2
12914,2026-03-16,3,6,46.9,0.0,6.5,234.5,70.35
12915,2026-03-16,23,6,45.0,0.0,8.0,225.0,67.5
12916,2026-03-16,25,5,56.7,0.0,6.7,396.9,130.41
12917,2026-03-16,20,6,40.0,0.0,5.2,200.0,60.0
12918,2026-03-16,30,2,24.5,0.0,5.9,117.6,34.3
12919,2026-03-16,7,6,30.0,0.0,5.7,150.0,45.0
12920,2026-03-16,2,4,59.0,0.0,5.2,342.2,112.1
12921,2026-03-16,26,1,31.4,0.0,1.8,141.3,37.68
12922,2026-03-16,26,1,94.2,0.0,0.7,423.9,113.04
12923,2026-03-16,30,2,52.2,0.0,1.6,250.56,73.08
12924,2026-03-16,12,5,50.6,18.3,5.4,226.1,116.38
12925,2026-03-16,29,5,32.7,8.1,6.6,172.2,75.21
12926,2026-03-16,10,4,48.1,0.0,5.2,278.98,91.39
12927,2026-03-16,17,5,85.3,0.0,5.8,597.1,196.19
12928,2026-03-16,6,6,51.6,0.0,6.9,258.0,77.4
12929,2026-03-16,3,6,60.5,0.0,3.9,302.5,90.75
12930,2026-03-16,13,3,75.4,0.0,5.2,490.1,158.34
12931,2026-03-16,9,5,98.6,0.0,5.8,690.2,226.78
12932,2026-03-16,1,6,91.2,0.0,7.5,456.0,136.8
12933,2026-03-17,2,3,26.8,8.7,13.1,117.65,56.28
12934,2026-03-17,2,2,32.5,0.0,9.5,156.0,45.5
12935,2026-03-17,7,5,98.0,0.0,7.2,686.0,225.4
12936,2026-03-17,6,3,67.2,0.0,6.3,436.8,141.12
12937,2026-03-17,14,4,93.4,0.0,8.4,541.72,177.46
12938,2026-03-17,16,6,83.8,0.0,4.7,419.0,125.7
12939,2026-03-17,5,5,80.9,0.0,4.9,566.3,186.07
12940,2026-03-17,24,3,61.8,0.0,3.6,401.7,129.78
12941,2026-03-17,18,2,89.7,0.0,6.5,430.56,125.58
12942,2026-03-17,1,1,83.6,0.0,2.2,376.2,100.32
12943,2026-03-17,5,2,32.7,0.0,2.3,156.96,45.78
12944,2026-03-17,19,2,39.8,0.0,6.8,191.04,55.72
12945,2026-03-17,3,2,45.0,0.0,9.7,216.0,63.0
12946,2026-03-17,10,3,93.5,0.0,3.3,607.75,196.35
12947,2026-03-17,26,2,75.9,23.3,7.3,252.48,106.26
12948,2026-03-17,24,3,82.3,0.0,9.2,534.95,172.83
12949,2026-03-17,3,3,38.6,0.0,4.9,250.9,81.06
12950,2026-03-17,21,3,27.7,0.0,10.7,180.05,58.17
12951,2026-03-17,23,5,36.4,0.0,9.1,254.8,83.72
12952,2026-03-17,19,5,66.7,0.0,5.8,466.9,153.41
12953,2026-03-17,19,5,40.6,0.0,1.6,284.2,93.38
12954,2026-03-17,23,6,67.9,0.0,3.8,339.5,101.85
12955,2026-03-17,11,5,85.5,0.0,7.3,598.5,196.65
12956,2026-03-17,2,5,58.9,20.1,9.2,271.6,135.47
12957,2026-03-17,1,4,61.2,0.0,7.3,354.96,116.28
12958,2026-03-18,20,1,40.1,0.0,4.1,180.45,48.12
12959,2026-03-18,9,5,59.7,0.0,5.9,417.9,137.31
12960,2026-03-18,26,3,36.5,0.0,-0.3,237.25,76.65
12961,2026-03-18,5,1,44.4,0.0,4.4,199.8,53.28
12962,2026-03-18,16,4,59.6,0.0,4.4,345.68,113.24
12963,2026-03-18,20,5,29.6,0.0,6.2,207.2,68.08
12964,2026-03-18,7,5,51.6,0.0,3.4,361.2,118.68
12965,2026-03-18,28,1,67.8,0.0,1.2,305.1,81.36
12966,2026-03-18,1,5,32.6,0.0,6.6,228.2,74.98
12967,2026-03-18,23,1,92.4,0.0,3.8,415.8,110.88
12968,2026-03-18,21,2,27.0,0.0,4.9,129.6,37.8
12969,2026-03-18,29,4,73.8,0.0,4.1,428.04,140.22
12970,2026-03-18,8,5,74.2,25.5,9.2,340.9,170.66
12971,2026-03-18,8,2,83.3,0.0,6.1,399.84,116.62
12972,2026-03-18,5,1,29.2,0.0,7.8,131.4,35.04
12973,2026-03-18,6,6,44.3,0.0,5.3,221.5,66.45
12974,2026-03-18,17,4,29.7,0.0,7.5,172.26,56.43
12975,2026-03-18,25,2,45.3,0.0,3.9,217.44,63.42
12976,2026-03-18,28,2,64.9,0.0,7.6,311.52,90.86
12977,2026-03-18,30,2,40.5,0.0,9.4,194.4,56.7
12978,2026-03-18,12,2,27.2,0.0,0.7,130.56,38.08
12979,2026-03-18,26,5,94.2,0.0,9.6,659.4,216.66
12980,2026-03-19,21,5,21.6,0.0,3.3,151.2,49.68
12981,2026-03-19,20,6,56.5,0.0,6.0,282.5,84.75
12982,2026-03-19,13,4,69.8,0.0,1.9,404.84,132.62
12983,2026-03-19,30,3,60.5,0.0,5.2,393.25,127.05
12984,2026-03-19,17,6,83.2,25.4,5.7,289.0,124.8
12985,2026-03-19,2,2,36.3,0.0,6.7,174.24,50.82
12986,2026-03-19,26,3,82.0,0.0,3.5,533.0,172.2
12987,2026-03-19,5,1,82.4,0.0,4.1,370.8,98.88
12988,2026-03-19,24,3,22.0,0.0,7.2,143.0,46.2
12989,2026-03-19,20,3,74.5,0.0,6.3,484.25,156.45
12990,2026-03-19,25,3,26.5,0.0,5.0,172.25,55.65
12991,2026-03-19,3,4,88.5,0.0,3.1,513.3,168.15
12992,2026-03-19,28,2,88.6,0.0,5.8,425.28,124.04
12993,2026-03-19,27,4,23.5,0.0,7.6,136.3,44.65
12994,2026-03-19,18,3,81.7,0.0,1.2,531.05,171.57
12995,2026-03-19,18,5,83.1,0.0,7.6,581.7,191.13
12996,2026-03-19,7,3,70.8,0.0,3.4,460.2,148.68
12997,2026-03-19,9,5,52.8,0.0,5.3,369.6,121.44
12998,2026-03-19,26,5,65.2,0.0,7.4,456.4,149.96
12999,2026-03-19,26,2,30.2,0.0,7.7,144.96,42.28
13000,2026-03-19,26,3,52.1,0.0,5.2,338.65,109.41
13001,2026-03-19,16,1,39.4,0.0,6.3,177.3,47.28
13002,2026-03-19,21,1,30.4,0.0,5.1,136.8,36.48
13003,2026-03-19,8,3,53.8,0.0,9.1,349.7,112.98
13004,2026-03-20,4,5,82.6,0.0,4.0,578.2,189.98
13005,2026-03-20,17,2,89.9,0.0,4.1,431.52,125.86
13006,2026-03-20,17,1,26.6,0.0,3.0,119.7,31.92
13007,2026-03-20,14,3,76.4,0.0,7.2,496.6,160.44
13008,2026-03-20,18,6,93.6,10.0,7.4,418.0,140.4
13009,2026-03-20,16,5,78.2,0.0,4.9,547.4,179.86
13010,2026-03-20,9,4,91.8,0.0,-0.5,532.44,174.42
13011,2026-03-20,22,2,96.3,0.0,2.6,462.24,134.82
13012,2026-03-20,15,5,76.5,0.0,7.4,535.5,175.95
13013,2026-03-20,3,2,77.7,0.0,6.7,372.96,108.78
13014,2026-03-20,8,4,71.8,0.0,7.9,416.44,136.42
13015,2026-03-20,10,3,58.3,0.0,5.1,378.95,122.43
13016,2026-03-20,25,5,92.3,0.0,5.9,646.1,212.29
13017,2026-03-20,21,2,23.4,0.0,11.3,112.32,32.76
13018,2026-03-20,11,5,30.6,0.0,6.7,214.2,70.38
13019,2026-03-20,28,2,73.5,0.0,5.7,352.8,102.9
13020,2026-03-20,9,2,57.1,0.0,7.2,274.08,79.94
13021,2026-03-20,7,6,48.6,0.0,3.5,243.0,72.9
13022,2026-03-20,5,2,51.9,0.0,10.5,249.12,72.66
13023,2026-03-20,21,5,72.4,0.0,4.0,506.8,166.52
13024,2026-03-20,7,4,90.0,0.0,6.5,522.0,171.0
13025,2026-03-20,24,1,29.2,0.0,9.0,131.4,35.04
13026,2026-03-20,19,3,92.1,0.0,4.8,598.65,193.41
13027,2026-03-20,23,5,85.5,0.0,6.9,598.5,196.65
13028,2026-03-20,22,4,97.7,0.0,11.0,566.66,185.63
13029,2026-03-20,20,5,32.1,3.9,10.2,197.4,73.83
13030,2026-03-20,29,4,64.6,0.0,9.2,374.68,122.74
13031,2026-03-20,28,1,59.5,0.0,10.7,267.75,71.4
13032,2026-03-20,26,4,30.4,0.0,0.2,176.32,57.76
13033,2026-03-20,30,4,98.9,0.0,6.5,573.62,187.91
13034,2026-03-20,14,3,67.8,0.0,7.0,440.7,142.38
13035,2026-03-20,30,6,23.2,0.0,7.1,116.0,34.8
13036,2026-03-20,11,4,29.9,0.0,3.9,173.42,56.81
13037,2026-03-20,25,5,46.7,0.0,5.1,326.9,107.41
13038,2026-03-20,22,2,26.0,0.0,3.7,124.8,36.4
13039,2026-03-20,27,3,87.6,0.0,3.3,569.4,183.96
13040,2026-03-20,10,1,71.3,0.0,9.0,320.85,85.56
13041,2026-03-20,4,2,59.2,0.0,3.8,284.16,82.88
13042,2026-03-20,3,6,62.1,0.0,3.1,310.5,93.15
13043,2026-03-20,12,4,23.2,0.0,9.8,134.56,44.08
13044,2026-03-20,27,3,66.6,0.0,8.4,432.9,139.86
13045,2026-03-20,22,5,93.6,0.0,8.0,655.2,215.28
13046,2026-03-20,24,1,45.1,0.0,6.0,202.95,54.12
13047,2026-03-20,1,4,39.6,0.0,6.5,229.68,75.24
13048,2026-03-20,20,5,42.2,0.0,6.5,295.4,97.06
13049,2026-03-20,21,1,82.3,0.0,5.2,370.35,98.76
13050,2026-03-20,26,1,63.2,0.0,6.3,284.4,75.84
13051,2026-03-20,29,5,31.4,0.0,5.6,219.8,72.22
13052,2026-03-21,25,2,54.7,0.0,9.0,262.56,76.58
13053,2026-03-21,12,3,84.5,0.0,3.1,549.25,177.45
13054,2026-03-21,17,6,28.8,0.0,3.6,144.0,43.2
13055,2026-03-21,11,4,97.0,0.0,7.9,562.6,184.3
13056,2026-03-21,3,5,27.8,0.0,4.2,194.6,63.94
13057,2026-03-21,14,4,66.4,0.0,2.9,385.12,126.16
13058,2026-03-21,5,1,53.9,0.0,-0.2,242.55,64.68
13059,2026-03-21,5,6,72.9,0.0,5.9,364.5,109.35
13060,2026-03-21,28,1,57.2,0.0,5.9,257.4,68.64
13061,2026-03-21,1,1,99.7,0.0,7.0,448.65,119.64
13062,2026-03-21,22,2,41.6,0.0,5.0,199.68,58.24
13063,2026-03-21,13,1,51.4,0.0,6.7,231.3,61.68
13064,2026-03-21,3,2,73.3,0.0,2.3,351.84,102.62
13065,2026-03-21,17,1,96.4,0.0,3.1,433.8,115.68
13066,2026-03-21,4,2,48.0,15.0,5.1,158.4,67.2
13067,2026-03-21,29,2,51.7,13.3,10.3,184.32,72.38
13068,2026-03-21,21,2,63.7,0.0,12.3,305.76,89.18
13069,2026-03-21,30,2,25.6,0.0,8.3,122.88,35.84
13070,2026-03-21,18,3,96.7,0.0,5.4,628.55,203.07
13071,2026-03-21,5,6,75.8,0.0,4.1,379.0,113.7
13072,2026-03-21,27,4,66.6,0.0,8.0,386.28,126.54
13073,2026-03-21,29,3,49.5,0.0,5.4,321.75,103.95
13074,2026-03-21,1,6,80.4,0.0,8.7,402.0,120.6
13075,2026-03-21,4,4,94.6,0.0,3.4,548.68,179.74
13076,2026-03-21,22,1,68.8,0.0,6.9,309.6,82.56
13077,2026-03-21,26,4,96.2,0.0,8.1,557.96,182.78
13078,2026-03-21,11,3,34.2,0.0,6.7,222.3,71.82
13079,2026-03-21,8,1,77.2,29.2,8.8,216.0,92.64
13080,2026-03-21,26,1,42.3,0.0,6.1,190.35,50.76
13081,2026-03-21,5,4,27.4,0.0,6.1,158.92,52.06
13082,2026-03-21,15,1,42.3,0.0,-1.1,190.35,50.76
13083,2026-03-21,14,1,80.1,0.0,9.0,360.45,96.12
13084,2026-03-21,25,6,68.4,0.0,4.8,342.0,102.6
13085,2026-03-21,19,1,41.9,0.0,5.0,188.55,50.28
13086,2026-03-21,12,6,36.7,0.0,0.3,183.5,55.05
13087,2026-03-21,29,3,27.1,0.0,7.1,176.15,56.91
13088,2026-03-21,29,1,32.9,0.0,5.5,148.05,39.48
13089,2026-03-21,12,5,78.5,0.0,6.5,549.5,180.55
13090,2026-03-21,8,6,36.4,0.0,6.7,182.0,54.6
13091,2026-03-21,26,2,94.5,0.0,8.7,453.6,132.3
13092,2026-03-21,13,3,23.1,0.0,2.3,150.15,48.51
13093,2026-03-21,28,2,36.8,0.0,6.3,176.64,51.52
13094,2026-03-21,15,4,62.5,0.0,5.0,362.5,118.75
13095,2026-03-21,2,2,30.8,0.0,5.1,147.84,43.12
13096,2026-03-21,19,6,39.3,0.0,7.8,196.5,58.95
13097,2026-03-21,13,4,28.3,0.0,6.9,164.14,53.77
13098,2026-03-21,26,5,48.8,0.0,6.4,341.6,112.24
13099,2026-03-21,8,4,46.7,0.0,6.3,270.86,88.73
13100,2026-03-21,29,3,78.8,0.0,10.5,512.2,165.48
13101,2026-03-22,24,2,24.5,0.0,5.4,117.6,34.3
13102,2026-03-22,16,1,57.9,0.0,2.2,260.55,69.48
13103,2026-03-22,10,4,76.0,0.0,0.8,440.8,144.4
13104,2026-03-22,10,6,81.8,0.0,4.7,409.0,122.7
13105,2026-03-22,30,1,68.4,0.0,11.1,307.8,82.08
13106,2026-03-22,14,5,79.6,0.0,3.7,557.2,183.08
13107,2026-03-22,15,2,40.7,0.0,5.3,195.36,56.98
13108,2026-03-22,9,5,98.0,0.0,4.6,686.0,225.4
13109,2026-03-22,11,1,31.5,0.0,3.7,141.75,37.8
13110,2026-03-22,11,5,60.2,0.0,4.6,421.4,138.46
13111,2026-03-22,6,5,96.2,0.0,7.3,673.4,221.26
13112,2026-03-22,14,4,20.1,0.0,2.9,116.58,38.19
13113,2026-03-22,22,1,75.1,0.0,2.3,337.95,90.12
13114,2026-03-22,12,4,73.3,0.0,9.0,425.14,139.27
13115,2026-03-22,19,3,63.2,0.0,7.9,410.8,132.72
13116,2026-03-22,5,2,49.8,0.0,-0.3,239.04,69.72
13117,2026-03-22,5,3,48.7,7.8,0.3,265.85,102.27
13118,2026-03-22,7,4,94.8,0.0,5.7,549.84,180.12
13119,2026-03-22,18,1,36.9,13.5,5.3,105.3,44.28
13120,2026-03-22,11,6,63.5,18.7,9.6,224.0,95.25
13121,2026-03-22,1,4,37.3,0.0,5.0,216.34,70.87
13122,2026-03-22,25,3,50.4,0.0,3.9,327.6,105.84
13123,2026-03-22,14,5,70.9,0.0,6.3,496.3,163.07
13124,2026-03-22,21,4,26.4,0.0,3.5,153.12,50.16
13125,2026-03-22,25,5,31.8,11.8,9.2,140.0,73.14
13126,2026-03-22,6,4,54.0,0.0,6.0,313.2,102.6
13127,2026-03-22,8,5,30.6,0.0,4.3,214.2,70.38
13128,2026-03-22,11,6,88.8,0.0,5.1,444.0,133.2
13129,2026-03-22,9,1,81.1,0.0,8.1,364.95,97.32
13130,2026-03-22,5,6,94.5,0.0,5.4,472.5,141.75
13131,2026-03-22,24,5,50.6,0.0,6.4,354.2,116.38
13132,2026-03-22,13,6,75.9,0.0,-0.6,379.5,113.85
13133,2026-03-22,8,5,46.2,0.0,5.7,323.4,106.26
13134,2026-03-22,3,4,73.1,0.0,4.7,423.98,138.89
13135,2026-03-22,28,4,67.0,0.0,1.1,388.6,127.3
13136,2026-03-22,22,6,47.6,0.0,4.9,238.0,71.4
13137,2026-03-23,21,5,84.3,0.0,3.3,590.1,193.89
13138,2026-03-23,28,2,35.1,0.0,4.1,168.48,49.14
13139,2026-03-23,13,5,54.5,0.0,2.7,381.5,125.35
13140,2026-03-23,17,2,77.9,0.0,6.4,373.92,109.06
13141,2026-03-23,22,4,87.6,0.0,2.7,508.08,166.44
13142,2026-03-23,5,3,77.0,0.0,2.7,500.5,161.7
13143,2026-03-23,1,3,42.7,6.5,6.9,235.3,89.67
13144,2026-03-23,10,3,76.9,0.0,5.8,499.85,161.49
13145,2026-03-23,19,5,76.2,0.0,4.9,533.4,175.26
13146,2026-03-23,30,1,64.4,0.0,7.5,289.8,77.28
13147,2026-03-23,13,3,52.9,0.0,4.8,343.85,111.09
13148,2026-03-23,19,1,56.7,0.0,8.4,255.15,68.04
13149,2026-03-23,13,3,85.2,0.0,6.3,553.8,178.92
13150,2026-03-23,25,4,68.7,0.0,5.7,398.46,130.53
13151,2026-03-23,27,2,90.6,0.0,12.2,434.88,126.84
13152,2026-03-23,7,3,71.7,0.0,5.3,466.05,150.57
13153,2026-03-23,22,4,51.4,0.0,6.6,298.12,97.66
13154,2026-03-23,10,5,57.7,0.0,5.2,403.9,132.71
13155,2026-03-23,18,2,47.1,0.0,5.0,226.08,65.94
13156,2026-03-23,9,1,28.2,0.0,6.9,126.9,33.84
13157,2026-03-23,6,3,39.4,0.0,3.1,256.1,82.74
13158,2026-03-23,12,6,60.2,0.0,9.4,301.0,90.3
13159,2026-03-23,19,3,47.3,0.0,4.9,307.45,99.33
13160,2026-03-23,8,2,44.0,0.0,5.5,211.2,61.6
13161,2026-03-23,20,2,70.4,0.0,3.9,337.92,98.56
13162,2026-03-23,28,4,71.9,0.0,4.3,417.02,136.61
13163,2026-03-23,9,4,50.9,0.0,4.1,295.22,96.71
13164,2026-03-23,30,3,55.7,0.0,8.6,362.05,116.97
13165,2026-03-23,8,4,83.1,0.0,4.4,481.98,157.89
13166,2026-03-24,7,5,67.5,0.0,3.9,472.5,155.25
13167,2026-03-24,12,2,78.8,0.0,3.9,378.24,110.32
13168,2026-03-24,12,4,88.8,0.0,5.4,515.04,168.72
13169,2026-03-24,28,6,44.6,0.0,2.4,223.0,66.9
13170,2026-03-24,4,1,52.8,0.0,8.5,237.6,63.36
13171,2026-03-24,27,6,74.8,0.0,6.3,374.0,112.2
13172,2026-03-24,1,1,45.3,0.0,5.0,203.85,54.36
13173,2026-03-24,22,3,60.8,0.0,7.5,395.2,127.68
13174,2026-03-24,14,5,82.3,0.0,7.9,576.1,189.29
13175,2026-03-24,10,6,68.1,17.0,5.7,255.5,102.15
13176,2026-03-24,24,6,92.5,0.0,6.4,462.5,138.75
13177,2026-03-24,8,6,62.1,0.0,10.0,310.5,93.15
13178,2026-03-24,15,4,20.2,0.0,3.8,117.16,38.38
13179,2026-03-24,14,2,45.1,0.0,8.2,216.48,63.14
13180,2026-03-24,12,6,70.0,8.5,5.3,307.5,105.0
13181,2026-03-24,2,3,46.5,0.0,5.8,302.25,97.65
13182,2026-03-24,25,1,74.6,0.0,4.1,335.7,89.52
13183,2026-03-24,7,2,89.6,0.0,6.9,430.08,125.44
13184,2026-03-24,13,3,30.6,0.0,9.7,198.9,64.26
13185,2026-03-24,22,6,90.2,0.0,7.7,451.0,135.3
13186,2026-03-24,7,4,88.5,0.0,3.5,513.3,168.15
13187,2026-03-24,30,6,39.6,0.0,8.7,198.0,59.4
13188,2026-03-24,22,1,68.0,0.0,5.5,306.0,81.6
13189,2026-03-24,29,5,33.0,0.0,5.5,231.0,75.9
13190,2026-03-24,4,3,32.5,0.0,5.8,211.25,68.25
13191,2026-03-24,15,4,64.1,0.0,5.8,371.78,121.79
13192,2026-03-24,25,1,68.4,0.0,8.3,307.8,82.08
13193,2026-03-25,26,4,53.6,0.0,6.1,310.88,101.84
13194,2026-03-25,29,5,78.4,0.0,5.9,548.8,180.32
13195,2026-03-25,9,4,71.4,0.0,6.6,414.12,135.66
13196,2026-03-25,30,2,42.0,0.0,2.3,201.6,58.8
13197,2026-03-25,2,6,54.1,0.0,3.4,270.5,81.15
13198,2026-03-25,12,2,31.2,0.0,6.8,149.76,43.68
13199,2026-03-25,27,1,65.9,26.0,11.1,179.55,79.08
13200,2026-03-25,3,3,32.4,0.0,11.4,210.6,68.04
13201,2026-03-25,24,2,80.9,0.0,4.1,388.32,113.26
13202,2026-03-25,25,6,71.0,0.0,8.7,355.0,106.5
13203,2026-03-25,14,1,22.0,0.0,7.5,99.0,26.4
13204,2026-03-25,21,1,62.0,0.0,4.0,279.0,74.4
13205,2026-03-25,28,6,75.6,0.0,4.2,378.0,113.4
13206,2026-03-25,27,4,78.8,0.0,6.8,457.04,149.72
13207,2026-03-25,8,6,34.2,0.0,4.6,171.0,51.3
13208,2026-03-25,5,1,99.3,0.0,7.0,446.85,119.16
13209,2026-03-25,9,3,50.0,0.0,5.5,325.0,105.0
13210,2026-03-26,15,4,40.6,0.0,5.4,235.48,77.14
13211,2026-03-26,3,3,79.9,0.0,3.9,519.35,167.79
13212,2026-03-26,20,5,68.6,0.0,3.4,480.2,157.78
13213,2026-03-26,3,5,68.5,0.0,5.3,479.5,157.55
13214,2026-03-26,20,5,92.1,0.0,7.4,644.7,211.83
13215,2026-03-26,23,1,96.0,0.0,7.9,432.0,115.2
13216,2026-03-26,5,4,50.8,0.0,5.8,294.64,96.52
13217,2026-03-26,28,5,62.2,0.0,6.4,435.4,143.06
13218,2026-03-26,23,1,54.3,0.0,8.1,244.35,65.16
13219,2026-03-26,14,6,58.4,0.0,5.5,292.0,87.6
13220,2026-03-26,13,4,24.3,0.0,6.6,140.94,46.17
13221,2026-03-26,4,3,42.9,0.0,7.3,278.85,90.09
13222,2026-03-26,2,3,97.1,0.0,5.8,631.15,203.91
13223,2026-03-26,18,2,56.5,0.0,5.9,271.2,79.1
13224,2026-03-26,10,2,95.5,0.0,4.6,458.4,133.7
13225,2026-03-26,6,3,57.1,0.0,6.9,371.15,119.91
13226,2026-03-26,13,4,67.4,0.0,5.1,390.92,128.06
13227,2026-03-26,9,3,86.8,0.0,7.2,564.2,182.28
13228,2026-03-26,24,2,34.4,0.0,13.8,165.12,48.16
13229,2026-03-27,29,6,29.0,0.0,6.6,145.0,43.5
13230,2026-03-27,5,5,20.9,0.0,5.1,146.3,48.07
13231,2026-03-27,2,4,46.9,0.0,4.3,272.02,89.11
13232,2026-03-27,25,2,34.8,0.0,1.1,167.04,48.72
13233,2026-03-27,30,5,33.6,3.8,6.5,208.6,77.28
13234,2026-03-27,3,3,43.8,0.0,8.9,284.7,91.98
13235,2026-03-27,13,2,38.3,0.0,1.9,183.84,53.62
13236,2026-03-27,19,6,74.5,0.0,5.4,372.5,111.75
13237,2026-03-27,25,4,55.4,0.0,2.0,321.32,105.26
13238,2026-03-27,10,2,25.5,0.0,4.6,122.4,35.7
13239,2026-03-27,25,1,62.5,0.0,3.9,281.25,75.0
13240,2026-03-27,12,4,58.1,18.4,10.6,230.26,110.39
13241,2026-03-27,3,3,88.4,0.0,6.2,574.6,185.64
13242,2026-03-27,9,3,76.1,0.0,6.2,494.65,159.81
13243,2026-03-27,12,6,34.5,0.0,-0.3,172.5,51.75
13244,2026-03-27,30,2,55.9,0.0,6.4,268.32,78.26
13245,2026-03-27,5,6,95.8,0.0,10.7,479.0,143.7
13246,2026-03-27,14,6,95.1,0.0,7.2,475.5,142.65
13247,2026-03-27,23,6,73.9,0.0,1.6,369.5,110.85
13248,2026-03-27,4,4,89.0,0.0,4.6,516.2,169.1
13249,2026-03-27,24,4,27.6,0.0,5.7,160.08,52.44
13250,2026-03-27,14,4,77.9,0.0,5.0,451.82,148.01
13251,2026-03-27,14,4,63.5,0.0,6.9,368.3,120.65
13252,2026-03-27,25,3,88.0,0.0,4.5,572.0,184.8
13253,2026-03-27,9,1,30.7,0.0,4.2,138.15,36.84
13254,2026-03-27,16,6,92.3,0.0,8.4,461.5,138.45
13255,2026-03-27,18,4,84.0,16.3,9.3,392.66,159.6
13256,2026-03-27,24,2,20.3,0.0,4.9,97.44,28.42
13257,2026-03-27,6,6,80.2,0.0,9.3,401.0,120.3
13258,2026-03-27,18,3,36.6,0.0,7.2,237.9,76.86
13259,2026-03-27,5,4,36.8,0.0,6.9,213.44,69.92
13260,2026-03-27,27,1,36.8,0.0,5.0,165.6,44.16
13261,2026-03-27,6,2,32.0,0.0,4.7,153.6,44.8
13262,2026-03-27,20,5,75.0,0.0,0.8,525.0,172.5
13263,2026-03-27,8,3,28.2,0.0,7.4,183.3,59.22
13264,2026-03-27,29,6,38.8,0.0,1.6,194.0,58.2
13265,2026-03-27,16,6,39.9,15.3,6.9,123.0,59.85
13266,2026-03-27,28,2,23.4,0.0,3.8,112.32,32.76
13267,2026-03-27,19,5,26.8,0.0,5.2,187.6,61.64
13268,2026-03-27,15,5,20.1,0.0,7.7,140.7,46.23
13269,2026-03-27,23,5,72.6,0.0,4.4,508.2,166.98
13270,2026-03-27,17,5,60.3,0.0,8.4,422.1,138.69
13271,2026-03-28,5,2,39.6,0.0,5.3,190.08,55.44
13272,2026-03-28,11,6,71.6,0.0,7.4,358.0,107.4
13273,2026-03-28,14,4,82.8,0.0,5.9,480.24,157.32
13274,2026-03-28,12,3,36.5,0.0,2.3,237.25,76.65
13275,2026-03-28,10,4,54.3,0.0,5.8,314.94,103.17
13276,2026-03-28,6,1,90.6,0.0,7.7,407.7,108.72
13277,2026-03-28,2,6,93.6,0.0,5.9,468.0,140.4
13278,2026-03-28,16,1,74.0,0.0,3.0,333.0,88.8
13279,2026-03-28,11,4,95.7,0.0,4.8,555.06,181.83
13280,2026-03-28,13,1,86.9,0.0,5.9,391.05,104.28
13281,2026-03-28,14,6,52.5,0.0,5.2,262.5,78.75
13282,2026-03-28,11,5,35.4,0.0,3.0,247.8,81.42
13283,2026-03-28,5,2,77.2,0.0,8.3,370.56,108.08
13284,2026-03-28,20,6,97.6,0.0,8.3,488.0,146.4
13285,2026-03-28,21,1,69.8,0.0,9.2,314.1,83.76
13286,2026-03-28,22,2,26.2,0.0,3.7,125.76,36.68
13287,2026-03-28,24,3,39.8,0.0,9.2,258.7,83.58
13288,2026-03-28,6,4,81.4,0.0,7.9,472.12,154.66
13289,2026-03-28,16,4,41.0,0.0,4.8,237.8,77.9
13290,2026-03-28,5,1,74.6,0.0,0.9,335.7,89.52
13291,2026-03-28,5,6,70.3,0.0,6.9,351.5,105.45
13292,2026-03-28,9,5,74.0,0.0,4.8,518.0,170.2
13293,2026-03-29,11,4,96.3,0.0,4.9,558.54,182.97
13294,2026-03-29,29,6,31.2,0.0,3.8,156.0,46.8
13295,2026-03-29,10,3,59.6,0.0,4.2,387.4,125.16
13296,2026-03-29,13,3,62.6,0.0,8.5,406.9,131.46
13297,2026-03-29,28,1,68.0,0.0,12.5,306.0,81.6
13298,2026-03-29,24,6,42.4,0.0,3.6,212.0,63.6
13299,2026-03-29,9,2,81.4,0.0,7.8,390.72,113.96
13300,2026-03-29,27,3,25.2,0.0,2.0,163.8,52.92
13301,2026-03-29,11,6,73.6,0.0,5.7,368.0,110.4
13302,2026-03-29,6,4,34.8,0.0,5.4,201.84,66.12
13303,2026-03-29,1,2,47.0,0.0,5.1,225.6,65.8
13304,2026-03-29,2,3,75.5,0.0,8.7,490.75,158.55
13305,2026-03-29,30,4,83.2,0.0,9.5,482.56,158.08
13306,2026-03-29,14,6,62.2,0.0,8.6,311.0,93.3
13307,2026-03-29,10,1,32.4,0.0,4.2,145.8,38.88
13308,2026-03-29,20,5,72.6,0.0,11.6,508.2,166.98
13309,2026-03-29,22,3,84.1,0.0,6.7,546.65,176.61
13310,2026-03-29,26,3,43.7,0.0,5.9,284.05,91.77
13311,2026-03-29,14,6,84.4,0.0,1.5,422.0,126.6
13312,2026-03-29,24,6,85.6,0.0,6.8,428.0,128.4
13313,2026-03-29,18,2,57.8,0.0,4.9,277.44,80.92
13314,2026-03-29,14,5,95.9,0.0,7.8,671.3,220.57
13315,2026-03-29,30,5,34.4,0.0,11.3,240.8,79.12
13316,2026-03-29,5,4,46.5,0.0,8.8,269.7,88.35
13317,2026-03-29,12,2,59.3,0.0,3.2,284.64,83.02
13318,2026-03-29,7,1,83.7,0.0,6.0,376.65,100.44
13319,2026-03-29,26,1,56.5,0.0,9.7,254.25,67.8
13320,2026-03-29,19,4,78.9,0.0,8.9,457.62,149.91
13321,2026-03-29,17,4,38.1,0.0,2.4,220.98,72.39
13322,2026-03-29,27,4,26.5,0.0,7.0,153.7,50.35
13323,2026-03-29,27,3,97.4,18.6,1.6,512.2,204.54
13324,2026-03-29,8,6,63.2,0.0,7.4,316.0,94.8
13325,2026-03-29,13,4,25.7,0.0,3.4,149.06,48.83
13326,2026-03-29,25,4,92.8,0.0,1.8,538.24,176.32
13327,2026-03-29,4,6,69.3,0.0,9.2,346.5,103.95
13328,2026-03-29,20,5,63.1,0.0,6.2,441.7,145.13
13329,2026-03-29,13,4,62.6,0.0,6.3,363.08,118.94
13330,2026-03-29,29,6,24.3,0.0,10.9,121.5,36.45
13331,2026-03-29,7,5,91.5,0.0,0.9,640.5,210.45
13332,2026-03-30,17,6,85.6,25.4,6.4,301.0,128.4
13333,2026-03-30,23,4,44.8,0.0,5.2,259.84,85.12
13334,2026-03-30,14,1,87.7,0.0,5.4,394.65,105.24
13335,2026-03-30,26,6,46.9,0.0,6.9,234.5,70.35
13336,2026-03-30,30,5,56.1,0.0,3.4,392.7,129.03
13337,2026-03-30,17,6,44.5,0.0,2.3,222.5,66.75
13338,2026-03-30,6,4,69.9,0.0,9.2,405.42,132.81
13339,2026-03-30,29,1,45.6,0.0,3.0,205.2,54.72
13340,2026-03-30,13,4,76.3,0.0,7.5,442.54,144.97
13341,2026-03-30,11,3,95.9,0.0,4.2,623.35,201.39
13342,2026-03-30,5,5,83.2,0.0,4.7,582.4,191.36
13343,2026-03-30,24,1,44.3,0.0,7.4,199.35,53.16
13344,2026-03-30,25,5,25.3,0.0,6.4,177.1,58.19
13345,2026-03-30,30,3,39.6,0.0,4.3,257.4,83.16
13346,2026-03-30,11,2,55.1,0.0,6.8,264.48,77.14
13347,2026-03-30,26,2,89.3,0.0,7.9,428.64,125.02
13348,2026-03-30,11,5,94.3,0.0,3.0,660.1,216.89
13349,2026-03-30,19,4,68.7,0.0,5.8,398.46,130.53
13350,2026-03-31,4,6,58.4,0.0,2.4,292.0,87.6
13351,2026-03-31,4,6,89.0,0.0,4.8,445.0,133.5
13352,2026-03-31,17,3,98.9,0.0,6.5,642.85,207.69
13353,2026-03-31,3,5,96.9,0.0,3.6,678.3,222.87
13354,2026-03-31,4,5,26.5,0.0,10.5,185.5,60.95
13355,2026-03-31,13,4,71.0,9.3,5.2,357.86,134.9
13356,2026-03-31,12,3,20.0,0.0,7.1,130.0,42.0
13357,2026-03-31,29,1,66.4,0.0,2.2,298.8,79.68
13358,2026-03-31,19,4,61.7,0.0,3.9,357.86,117.23
13359,2026-03-31,20,5,88.1,0.0,6.5,616.7,202.63
13360,2026-03-31,1,1,57.8,0.0,5.3,260.1,69.36
13361,2026-03-31,24,4,36.0,0.0,7.4,208.8,68.4
13362,2026-03-31,22,5,26.3,0.0,2.4,184.1,60.49
13363,2026-03-31,22,3,67.0,0.0,6.4,435.5,140.7
13364,2026-03-31,16,4,49.1,0.0,5.9,284.78,93.29
13365,2026-03-31,14,1,20.4,4.6,10.3,71.1,24.48
13366,2026-03-31,19,2,69.2,0.0,7.7,332.16,96.88
13367,2026-03-31,12,3,57.8,0.0,9.2,375.7,121.38
13368,2026-03-31,21,1,81.2,0.0,7.1,365.4,97.44
13369,2026-03-31,22,3,58.0,0.0,3.6,377.0,121.8
13370,2026-03-31,8,6,83.9,10.8,9.1,365.5,125.85
13371,2026-03-31,30,6,48.3,0.0,6.0,241.5,72.45
13372,2026-04-01,14,6,35.2,0.0,5.2,176.0,52.8
13373,2026-04-01,28,4,63.9,0.0,6.8,370.62,121.41
13374,2026-04-01,15,4,63.8,0.0,9.0,370.04,121.22
13375,2026-04-01,11,1,23.9,0.0,1.2,107.55,28.68
13376,2026-04-01,6,1,56.7,0.0,6.4,255.15,68.04
13377,2026-04-01,9,2,59.9,0.0,3.7,287.52,83.86
13378,2026-04-01,4,5,98.7,0.0,7.4,690.9,227.01
13379,2026-04-01,15,2,74.6,0.0,3.8,358.08,104.44
13380,2026-04-01,11,5,94.3,0.0,7.6,660.1,216.89
13381,2026-04-01,6,5,53.3,0.0,3.4,373.1,122.59
13382,2026-04-01,6,4,96.7,0.0,6.8,560.86,183.73
13383,2026-04-01,30,1,29.0,0.0,8.3,130.5,34.8
13384,2026-04-01,26,3,55.0,0.0,5.5,357.5,115.5
13385,2026-04-01,25,5,95.8,0.0,5.3,670.6,220.34
13386,2026-04-01,13,4,24.9,0.0,4.6,144.42,47.31
13387,2026-04-01,9,1,84.8,10.9,10.4,332.55,101.76
13388,2026-04-01,11,5,28.1,0.0,4.1,196.7,64.63
13389,2026-04-01,12,6,22.9,0.0,4.3,114.5,34.35
13390,2026-04-01,25,1,25.9,0.0,2.6,116.55,31.08
13391,2026-04-01,27,3,41.6,0.0,11.2,270.4,87.36
13392,2026-04-01,5,1,83.2,0.0,6.6,374.4,99.84
13393,2026-04-01,27,2,21.5,0.0,8.0,103.2,30.1
13394,2026-04-01,22,5,75.9,0.0,9.0,531.3,174.57
13395,2026-04-01,13,5,64.9,0.0,6.5,454.3,149.27
13396,2026-04-01,30,3,48.4,0.0,8.2,314.6,101.64
13397,2026-04-01,22,5,58.6,0.0,3.4,410.2,134.78
13398,2026-04-02,1,1,51.9,0.0,2.7,233.55,62.28
13399,2026-04-02,7,1,22.6,0.0,4.1,101.7,27.12
13400,2026-04-02,9,5,45.3,0.0,3.6,317.1,104.19
13401,2026-04-02,1,2,88.1,0.0,6.5,422.88,123.34
13402,2026-04-02,4,3,26.1,0.0,3.7,169.65,54.81
13403,2026-04-02,6,2,22.2,0.0,10.9,106.56,31.08
13404,2026-04-02,8,6,20.1,0.0,7.7,100.5,30.15
13405,2026-04-02,4,1,83.3,0.0,2.7,374.85,99.96
13406,2026-04-02,17,3,50.2,0.0,6.2,326.3,105.42
13407,2026-04-02,20,5,62.9,0.0,4.5,440.3,144.67
13408,2026-04-02,20,3,67.1,0.0,6.9,436.15,140.91
13409,2026-04-02,23,3,93.9,0.0,8.8,610.35,197.19
13410,2026-04-02,27,5,95.1,0.0,1.2,665.7,218.73
13411,2026-04-02,17,3,35.9,0.0,7.7,233.35,75.39
13412,2026-04-02,15,3,85.8,0.0,6.6,557.7,180.18
13413,2026-04-02,17,1,95.3,0.0,8.2,428.85,114.36
13414,2026-04-02,25,3,88.0,0.0,5.8,572.0,184.8
13415,2026-04-02,17,3,72.5,0.0,1.6,471.25,152.25
13416,2026-04-02,12,6,82.5,25.1,4.8,287.0,123.75
13417,2026-04-02,9,2,69.5,0.0,7.4,333.6,97.3
13418,2026-04-02,29,3,50.1,0.0,8.1,325.65,105.21
13419,2026-04-02,22,5,76.5,0.0,9.0,535.5,175.95
13420,2026-04-02,11,6,55.9,0.0,5.7,279.5,83.85
13421,2026-04-02,28,2,22.9,0.0,7.5,109.92,32.06
13422,2026-04-02,15,5,58.6,0.0,8.3,410.2,134.78
13423,2026-04-02,24,1,30.1,0.0,2.8,135.45,36.12
13424,2026-04-02,26,4,45.3,0.0,1.2,262.74,86.07
13425,2026-04-02,11,2,46.4,0.0,5.9,222.72,64.96
13426,2026-04-03,8,2,72.3,0.0,7.4,347.04,101.22
13427,2026-04-03,5,1,89.8,0.0,14.0,404.1,107.76
13428,2026-04-03,28,3,78.3,0.0,9.8,508.95,164.43
13429,2026-04-03,6,3,68.2,0.0,7.5,443.3,143.22
13430,2026-04-03,6,6,56.3,0.0,10.0,281.5,84.45
13431,2026-04-03,22,1,27.3,0.0,4.8,122.85,32.76
13432,2026-04-03,3,4,47.4,11.5,9.3,208.22,90.06
13433,2026-04-03,23,5,75.3,0.0,2.3,527.1,173.19
13434,2026-04-03,20,1,36.1,0.0,8.6,162.45,43.32
13435,2026-04-03,25,2,31.0,0.0,12.5,148.8,43.4
13436,2026-04-03,18,3,20.9,0.0,8.1,135.85,43.89
13437,2026-04-03,20,1,61.8,0.0,6.0,278.1,74.16
13438,2026-04-03,29,3,41.7,0.0,8.9,271.05,87.57
13439,2026-04-03,5,5,52.6,0.0,7.1,368.2,120.98
13440,2026-04-03,5,1,43.6,0.0,8.6,196.2,52.32
13441,2026-04-03,20,3,43.0,0.0,4.0,279.5,90.3
13442,2026-04-03,30,2,90.3,0.0,5.2,433.44,126.42
13443,2026-04-03,11,6,35.1,9.3,6.0,129.0,52.65
13444,2026-04-03,1,5,48.4,0.0,7.0,338.8,111.32
13445,2026-04-03,18,3,71.8,21.3,2.6,328.25,150.78
13446,2026-04-03,12,2,65.9,0.0,6.4,316.32,92.26
13447,2026-04-03,28,5,41.9,0.0,7.6,293.3,96.37
13448,2026-04-03,8,1,73.9,0.0,6.1,332.55,88.68
13449,2026-04-03,18,5,42.9,0.0,3.6,300.3,98.67
13450,2026-04-03,25,5,33.6,0.0,2.9,235.2,77.28
13451,2026-04-03,25,3,37.2,0.0,8.0,241.8,78.12
13452,2026-04-03,14,3,55.1,0.0,8.0,358.15,115.71
13453,2026-04-04,25,5,87.9,0.0,3.2,615.3,202.17
13454,2026-04-04,9,1,60.7,0.0,6.4,273.15,72.84
13455,2026-04-04,13,3,22.8,0.0,6.5,148.2,47.88
13456,2026-04-04,2,1,89.8,0.0,8.9,404.1,107.76
13457,2026-04-04,28,5,77.3,0.0,4.8,541.1,177.79
13458,2026-04-04,6,6,44.5,0.0,5.0,222.5,66.75
13459,2026-04-04,11,5,36.6,0.0,5.1,256.2,84.18
13460,2026-04-04,11,6,45.9,0.0,6.2,229.5,68.85
13461,2026-04-04,17,6,44.3,0.0,7.4,221.5,66.45
13462,2026-04-04,13,4,90.2,0.0,5.0,523.16,171.38
13463,2026-04-04,5,2,59.5,0.0,7.5,285.6,83.3
13464,2026-04-04,4,5,22.8,0.0,6.5,159.6,52.44
13465,2026-04-04,16,5,78.4,0.0,5.0,548.8,180.32
13466,2026-04-04,10,3,35.0,0.0,9.5,227.5,73.5
13467,2026-04-04,3,3,62.6,0.0,11.0,406.9,131.46
13468,2026-04-04,5,6,93.6,0.0,5.1,468.0,140.4
13469,2026-04-04,26,6,40.4,0.0,5.4,202.0,60.6
13470,2026-04-04,9,1,83.3,0.0,4.5,374.85,99.96
13471,2026-04-04,8,4,70.6,0.0,7.5,409.48,134.14
13472,2026-04-04,17,4,40.1,0.0,8.8,232.58,76.19
13473,2026-04-04,28,3,86.8,0.0,2.9,564.2,182.28
13474,2026-04-04,12,5,94.8,0.0,4.4,663.6,218.04
13475,2026-04-04,25,4,24.8,0.0,8.8,143.84,47.12
13476,2026-04-04,12,1,25.2,0.0,4.6,113.4,30.24
13477,2026-04-04,28,2,49.6,0.0,3.6,238.08,69.44
13478,2026-04-04,22,4,53.4,0.0,5.0,309.72,101.46
13479,2026-04-04,22,5,91.4,0.0,8.5,639.8,210.22
13480,2026-04-04,8,5,53.2,0.0,3.4,372.4,122.36
13481,2026-04-04,28,6,69.2,0.0,4.3,346.0,103.8
13482,2026-04-04,2,1,67.2,0.0,6.8,302.4,80.64
13483,2026-04-04,24,3,48.2,0.0,7.2,313.3,101.22
13484,2026-04-04,1,5,70.0,0.0,7.2,490.0,161.0
13485,2026-04-04,10,6,65.7,0.0,6.4,328.5,98.55
13486,2026-04-04,9,6,34.0,0.0,6.2,170.0,51.0
13487,2026-04-04,21,6,33.2,0.0,3.0,166.0,49.8
13488,2026-04-04,4,4,28.7,0.0,7.8,166.46,54.53
13489,2026-04-04,29,3,65.3,0.0,10.8,424.45,137.13
13490,2026-04-04,30,2,93.1,0.0,13.2,446.88,130.34
13491,2026-04-04,12,4,24.5,0.0,7.5,142.1,46.55
13492,2026-04-04,20,3,77.1,0.0,9.2,501.15,161.91
13493,2026-04-04,20,4,32.0,0.0,6.8,185.6,60.8
13494,2026-04-04,2,3,39.2,0.0,3.0,254.8,82.32
13495,2026-04-04,29,3,95.3,0.0,8.1,619.45,200.13
13496,2026-04-04,4,5,27.3,0.0,6.4,191.1,62.79
13497,2026-04-04,28,2,94.5,0.0,7.0,453.6,132.3
13498,2026-04-04,30,5,39.2,0.0,3.9,274.4,90.16
13499,2026-04-05,15,4,38.8,0.0,6.5,225.04,73.72
13500,2026-04-05,30,3,43.0,0.0,3.8,279.5,90.3
13501,2026-04-05,5,2,53.2,0.0,8.5,255.36,74.48
13502,2026-04-05,24,6,84.4,0.0,6.8,422.0,126.6
13503,2026-04-05,27,6,25.1,0.0,4.0,125.5,37.65
13504,2026-04-05,15,5,52.8,0.0,7.0,369.6,121.44
13505,2026-04-05,5,2,45.7,0.0,5.0,219.36,63.98
13506,2026-04-05,14,2,48.0,0.0,3.7,230.4,67.2
13507,2026-04-05,17,1,79.8,0.0,2.9,359.1,95.76
13508,2026-04-05,30,1,51.2,0.0,5.6,230.4,61.44
13509,2026-04-05,19,2,99.7,0.0,5.9,478.56,139.58
13510,2026-04-05,20,4,98.2,0.0,5.5,569.56,186.58
13511,2026-04-05,26,6,25.0,0.0,5.9,125.0,37.5
13512,2026-04-05,2,3,34.8,0.0,5.4,226.2,73.08
13513,2026-04-05,7,5,63.0,0.0,5.3,441.0,144.9
13514,2026-04-05,11,6,65.8,0.0,12.3,329.0,98.7
13515,2026-04-05,3,3,67.5,0.0,7.6,438.75,141.75
13516,2026-04-05,9,6,48.9,0.0,-2.3,244.5,73.35
13517,2026-04-05,25,1,23.8,0.0,5.3,107.1,28.56
13518,2026-04-05,29,6,97.7,0.0,5.8,488.5,146.55
13519,2026-04-05,8,5,49.0,0.0,3.4,343.0,112.7
13520,2026-04-05,4,2,59.8,0.0,3.0,287.04,83.72
13521,2026-04-05,2,2,39.7,0.0,7.3,190.56,55.58
13522,2026-04-05,13,1,26.4,0.0,1.6,118.8,31.68
13523,2026-04-05,21,4,83.0,0.0,6.5,481.4,157.7
13524,2026-04-05,9,3,95.0,0.0,5.6,617.5,199.5
13525,2026-04-05,11,5,98.3,0.0,6.7,688.1,226.09
13526,2026-04-05,7,2,62.8,0.0,4.5,301.44,87.92
13527,2026-04-05,18,3,79.5,0.0,9.2,516.75,166.95
13528,2026-04-05,12,3,81.0,0.0,4.8,526.5,170.1
13529,2026-04-05,12,2,52.1,0.0,7.3,250.08,72.94
13530,2026-04-05,6,5,35.4,0.0,8.8,247.8,81.42
13531,2026-04-05,14,3,42.0,0.0,5.4,273.0,88.2
13532,2026-04-05,29,1,21.2,0.0,7.7,95.4,25.44
13533,2026-04-05,15,2,54.2,0.0,5.8,260.16,75.88
13534,2026-04-05,30,5,90.3,0.0,3.8,632.1,207.69
13535,2026-04-05,29,5,83.2,0.0,3.9,582.4,191.36
13536,2026-04-05,16,1,76.2,0.0,7.7,342.9,91.44
13537,2026-04-05,20,5,96.8,0.0,4.6,677.6,222.64
13538,2026-04-05,20,4,71.5,0.0,6.9,414.7,135.85
13539,2026-04-05,9,6,72.6,0.0,6.1,363.0,108.9
13540,2026-04-05,5,5,76.5,0.0,5.0,535.5,175.95
13541,2026-04-05,14,3,80.4,0.0,1.6,522.6,168.84
13542,2026-04-05,9,1,51.9,0.0,1.8,233.55,62.28
13543,2026-04-05,9,1,50.8,0.0,6.1,228.6,60.96
13544,2026-04-06,25,3,91.1,0.0,4.8,592.15,191.31
13545,2026-04-06,4,6,86.1,0.0,5.1,430.5,129.15
13546,2026-04-06,11,3,67.8,0.0,9.1,440.7,142.38
13547,2026-04-06,29,2,22.3,0.0,8.6,107.04,31.22
13548,2026-04-06,7,2,56.0,0.0,4.1,268.8,78.4
13549,2026-04-06,9,6,30.8,0.0,8.5,154.0,46.2
13550,2026-04-06,11,2,51.9,0.0,7.8,249.12,72.66
13551,2026-04-06,24,3,33.5,0.0,5.0,217.75,70.35
13552,2026-04-06,4,5,21.5,0.0,5.0,150.5,49.45
13553,2026-04-06,30,5,90.8,0.0,4.2,635.6,208.84
13554,2026-04-06,6,6,36.0,0.0,7.0,180.0,54.0
13555,2026-04-06,14,5,67.9,0.0,8.4,475.3,156.17
13556,2026-04-06,15,1,95.2,0.0,0.6,428.4,114.24
13557,2026-04-06,22,6,36.0,0.0,5.7,180.0,54.0
13558,2026-04-06,7,3,95.5,0.0,6.4,620.75,200.55
13559,2026-04-06,8,5,28.9,0.0,7.4,202.3,66.47
13560,2026-04-06,14,6,98.5,0.0,8.7,492.5,147.75
13561,2026-04-06,23,4,60.9,0.0,8.1,353.22,115.71
13562,2026-04-06,23,5,92.3,0.0,6.0,646.1,212.29
13563,2026-04-06,29,2,28.9,0.0,2.3,138.72,40.46
13564,2026-04-06,5,4,50.0,0.0,11.1,290.0,95.0
13565,2026-04-06,10,6,47.4,0.0,7.6,237.0,71.1
13566,2026-04-06,13,6,84.3,0.0,2.6,421.5,126.45
13567,2026-04-06,1,5,96.0,0.0,1.1,672.0,220.8
13568,2026-04-06,4,2,76.8,0.0,4.7,368.64,107.52
13569,2026-04-06,20,4,51.3,8.1,10.5,250.56,97.47
13570,2026-04-06,11,5,37.0,0.0,11.6,259.0,85.1
13571,2026-04-06,6,1,31.2,0.0,7.4,140.4,37.44
13572,2026-04-06,6,2,97.6,0.0,4.8,468.48,136.64
13573,2026-04-06,15,2,56.4,0.0,6.6,270.72,78.96
13574,2026-04-07,6,2,32.2,0.0,6.8,154.56,45.08
13575,2026-04-07,5,2,90.7,0.0,4.4,435.36,126.98
13576,2026-04-07,23,2,76.2,0.0,6.5,365.76,106.68
13577,2026-04-07,10,1,40.7,12.1,9.4,128.7,48.84
13578,2026-04-07,19,4,56.7,0.0,7.0,328.86,107.73
13579,2026-04-07,9,1,58.9,0.0,6.6,265.05,70.68
13580,2026-04-07,1,3,87.2,0.0,-1.6,566.8,183.12
13581,2026-04-07,15,1,82.5,0.0,5.5,371.25,99.0
13582,2026-04-07,16,1,62.3,0.0,8.0,280.35,74.76
13583,2026-04-07,11,5,71.9,0.0,5.6,503.3,165.37
13584,2026-04-07,9,5,29.2,0.0,6.9,204.4,67.16
13585,2026-04-07,14,3,38.2,0.0,8.2,248.3,80.22
13586,2026-04-07,14,2,69.8,0.0,4.0,335.04,97.72
13587,2026-04-07,27,4,55.3,0.0,6.0,320.74,105.07
13588,2026-04-07,28,4,97.4,0.0,10.5,564.92,185.06
13589,2026-04-07,1,3,57.9,0.0,2.6,376.35,121.59
13590,2026-04-07,13,4,83.2,0.0,5.8,482.56,158.08
13591,2026-04-08,19,1,42.9,0.0,5.8,193.05,51.48
13592,2026-04-08,30,6,65.9,0.0,5.3,329.5,98.85
13593,2026-04-08,16,3,96.0,0.0,2.2,624.0,201.6
13594,2026-04-08,30,3,88.7,0.0,7.4,576.55,186.27
13595,2026-04-08,3,1,21.7,0.0,6.3,97.65,26.04
13596,2026-04-08,6,5,99.9,0.0,8.3,699.3,229.77
13597,2026-04-08,8,6,81.7,0.0,3.2,408.5,122.55
13598,2026-04-08,14,1,44.1,0.0,7.2,198.45,52.92
13599,2026-04-08,15,4,82.3,0.0,6.9,477.34,156.37
13600,2026-04-08,8,1,93.9,0.0,6.9,422.55,112.68
13601,2026-04-08,3,2,67.0,7.4,7.7,286.08,93.8
13602,2026-04-08,11,5,37.3,0.0,4.0,261.1,85.79
13603,2026-04-08,6,6,25.1,0.0,8.1,125.5,37.65
13604,2026-04-08,18,2,79.0,0.0,6.3,379.2,110.6
13605,2026-04-08,5,5,35.0,0.0,2.6,245.0,80.5
13606,2026-04-08,11,2,33.0,0.0,3.0,158.4,46.2
13607,2026-04-08,1,2,67.2,0.0,4.7,322.56,94.08
13608,2026-04-08,15,4,46.1,0.0,8.1,267.38,87.59
13609,2026-04-08,17,4,73.0,0.0,6.5,423.4,138.7
13610,2026-04-08,17,2,70.1,0.0,-1.0,336.48,98.14
13611,2026-04-08,24,4,47.3,0.0,2.5,274.34,89.87
13612,2026-04-08,14,4,45.1,0.0,5.5,261.58,85.69
13613,2026-04-08,12,2,28.2,0.0,4.9,135.36,39.48
13614,2026-04-08,13,3,77.8,0.0,7.4,505.7,163.38
13615,2026-04-08,21,2,61.0,0.0,6.1,292.8,85.4
13616,2026-04-08,14,5,74.0,0.0,1.2,518.0,170.2
13617,2026-04-08,2,3,73.9,0.0,6.9,480.35,155.19
13618,2026-04-08,23,5,65.6,25.5,6.5,280.7,150.88
13619,2026-04-08,20,4,90.7,0.0,1.1,526.06,172.33
13620,2026-04-08,23,1,86.8,0.0,5.4,390.6,104.16
13621,2026-04-08,11,2,86.1,0.0,4.9,413.28,120.54
13622,2026-04-08,25,2,53.3,0.0,6.2,255.84,74.62
13623,2026-04-08,20,3,21.0,0.0,6.0,136.5,44.1
13624,2026-04-09,15,3,84.6,0.0,7.0,549.9,177.66
13625,2026-04-09,11,3,25.4,0.0,6.1,165.1,53.34
13626,2026-04-09,14,2,24.6,0.0,6.2,118.08,34.44
13627,2026-04-09,29,2,63.0,0.0,5.8,302.4,88.2
13628,2026-04-09,5,3,69.5,0.0,6.0,451.75,145.95
13629,2026-04-09,7,1,85.9,0.0,3.8,386.55,103.08
13630,2026-04-09,5,3,54.1,0.0,7.2,351.65,113.61
13631,2026-04-09,25,4,57.2,0.0,7.1,331.76,108.68
13632,2026-04-09,26,2,40.7,0.0,7.4,195.36,56.98
13633,2026-04-09,22,1,69.5,0.0,5.2,312.75,83.4
13634,2026-04-09,19,3,34.0,0.0,5.5,221.0,71.4
13635,2026-04-09,11,1,68.6,0.0,4.6,308.7,82.32
13636,2026-04-09,19,2,70.7,0.0,9.0,339.36,98.98
13637,2026-04-09,17,6,24.7,9.2,11.1,77.5,37.05
13638,2026-04-09,12,2,68.4,0.0,12.2,328.32,95.76
13639,2026-04-09,28,1,70.3,0.0,8.9,316.35,84.36
13640,2026-04-09,13,3,73.3,0.0,6.2,476.45,153.93
13641,2026-04-10,5,1,42.4,0.0,5.2,190.8,50.88
13642,2026-04-10,8,6,38.1,0.0,6.7,190.5,57.15
13643,2026-04-10,29,1,84.4,0.0,-2.1,379.8,101.28
13644,2026-04-10,4,2,53.8,0.0,8.3,258.24,75.32
13645,2026-04-10,7,4,29.9,0.0,12.5,173.42,56.81
13646,2026-04-10,4,4,54.8,0.0,2.9,317.84,104.12
13647,2026-04-10,9,3,35.1,0.0,5.7,228.15,73.71
13648,2026-04-10,10,1,37.2,0.0,3.8,167.4,44.64
13649,2026-04-10,29,5,37.2,10.3,4.2,188.3,85.56
13650,2026-04-10,10,2,54.0,0.0,4.9,259.2,75.6
13651,2026-04-10,11,5,52.2,0.0,8.1,365.4,120.06
13652,2026-04-10,11,3,35.8,0.0,3.0,232.7,75.18
13653,2026-04-10,20,5,64.5,9.4,10.9,385.7,148.35
13654,2026-04-10,20,3,73.7,0.0,6.4,479.05,154.77
13655,2026-04-10,24,6,53.3,0.0,5.0,266.5,79.95
13656,2026-04-10,22,1,39.9,0.0,5.8,179.55,47.88
13657,2026-04-10,6,3,41.7,0.0,6.8,271.05,87.57
13658,2026-04-10,3,1,27.5,0.0,3.6,123.75,33.0
13659,2026-04-10,14,3,82.4,0.0,4.8,535.6,173.04
13660,2026-04-10,23,2,32.2,0.0,3.7,154.56,45.08
13661,2026-04-10,15,3,28.0,0.0,3.0,182.0,58.8
13662,2026-04-10,3,2,98.5,0.0,6.2,472.8,137.9
13663,2026-04-10,1,4,36.0,9.2,5.2,155.44,68.4
13664,2026-04-10,8,2,68.3,0.0,4.9,327.84,95.62
13665,2026-04-10,11,4,46.4,0.0,4.2,269.12,88.16
13666,2026-04-10,17,3,71.3,0.0,4.4,463.45,149.73
13667,2026-04-10,10,6,36.3,0.0,2.3,181.5,54.45
13668,2026-04-10,26,1,84.1,0.0,8.3,378.45,100.92
13669,2026-04-10,19,2,61.1,0.0,9.9,293.28,85.54
13670,2026-04-10,16,3,69.6,0.0,6.8,452.4,146.16
13671,2026-04-11,14,6,71.9,0.0,5.1,359.5,107.85
13672,2026-04-11,29,3,40.4,0.0,8.2,262.6,84.84
13673,2026-04-11,21,5,55.8,0.0,7.0,390.6,128.34
13674,2026-04-11,10,4,72.6,0.0,1.7,421.08,137.94
13675,2026-04-11,14,1,84.1,0.0,6.9,378.45,100.92
13676,2026-04-11,20,4,59.6,0.0,7.8,345.68,113.24
13677,2026-04-11,3,3,54.0,0.0,3.9,351.0,113.4
13678,2026-04-11,2,1,98.0,0.0,5.9,441.0,117.6
13679,2026-04-11,16,6,65.8,0.0,5.3,329.0,98.7
13680,2026-04-11,9,1,71.1,0.0,2.5,319.95,85.32
13681,2026-04-11,25,2,85.4,0.0,6.0,409.92,119.56
13682,2026-04-11,18,4,35.9,0.0,7.3,208.22,68.21
13683,2026-04-11,18,5,84.5,0.0,7.9,591.5,194.35
13684,2026-04-11,4,3,42.3,0.0,6.8,274.95,88.83
13685,2026-04-11,30,5,37.3,0.0,3.6,261.1,85.79
13686,2026-04-11,14,3,56.5,0.0,8.9,367.25,118.65
13687,2026-04-11,15,2,68.5,0.0,8.1,328.8,95.9
13688,2026-04-11,13,3,77.4,0.0,5.1,503.1,162.54
13689,2026-04-11,12,6,70.2,0.0,5.5,351.0,105.3
13690,2026-04-11,19,6,37.7,0.0,6.0,188.5,56.55
13691,2026-04-11,15,5,36.7,0.0,2.2,256.9,84.41
13692,2026-04-11,19,3,33.1,0.0,4.4,215.15,69.51
13693,2026-04-12,18,3,52.1,0.0,8.9,338.65,109.41
13694,2026-04-12,2,3,63.2,0.0,6.9,410.8,132.72
13695,2026-04-12,17,2,78.5,0.0,6.4,376.8,109.9
13696,2026-04-12,4,2,38.2,0.0,5.2,183.36,53.48
13697,2026-04-12,22,4,94.4,0.0,4.6,547.52,179.36
13698,2026-04-12,14,5,61.5,0.0,3.6,430.5,141.45
13699,2026-04-12,26,2,97.3,0.0,5.9,467.04,136.22
13700,2026-04-12,18,4,95.3,0.0,3.4,552.74,181.07
13701,2026-04-12,10,4,90.6,0.0,4.0,525.48,172.14
13702,2026-04-12,8,6,27.0,0.0,8.9,135.0,40.5
13703,2026-04-12,7,6,22.9,0.0,2.2,114.5,34.35
13704,2026-04-12,6,3,95.0,0.0,7.1,617.5,199.5
13705,2026-04-12,24,2,85.3,0.0,7.4,409.44,119.42
13706,2026-04-12,3,5,84.3,0.0,3.3,590.1,193.89
13707,2026-04-12,10,1,65.9,0.0,4.6,296.55,79.08
13708,2026-04-12,14,4,47.7,0.0,8.6,276.66,90.63
13709,2026-04-12,9,4,61.6,0.0,5.4,357.28,117.04
13710,2026-04-12,2,6,67.5,0.0,6.5,337.5,101.25
13711,2026-04-12,20,3,23.2,0.0,6.6,150.8,48.72
13712,2026-04-12,8,4,63.1,0.0,6.5,365.98,119.89
13713,2026-04-12,14,2,82.8,0.0,1.7,397.44,115.92
13714,2026-04-12,1,6,95.3,0.0,9.8,476.5,142.95
13715,2026-04-12,2,4,40.2,0.0,2.0,233.16,76.38
13716,2026-04-12,8,4,87.6,0.0,1.7,508.08,166.44
13717,2026-04-12,7,6,38.4,0.0,7.6,192.0,57.6
13718,2026-04-12,4,3,41.3,0.0,6.0,268.45,86.73
13719,2026-04-12,18,2,75.9,0.0,9.5,364.32,106.26
13720,2026-04-12,19,2,55.4,0.0,2.8,265.92,77.56
13721,2026-04-12,21,5,83.6,28.9,6.6,382.9,192.28
13722,2026-04-12,21,4,62.6,0.0,11.9,363.08,118.94
13723,2026-04-12,2,3,68.6,10.4,-1.8,378.3,144.06
13724,2026-04-12,5,5,70.1,0.0,4.7,490.7,161.23
13725,2026-04-12,9,6,64.2,0.0,5.0,321.0,96.3
13726,2026-04-12,9,3,27.2,0.0,3.1,176.8,57.12
13727,2026-04-12,9,2,50.9,0.0,6.1,244.32,71.26
13728,2026-04-12,11,3,65.1,0.0,7.9,423.15,136.71
13729,2026-04-12,24,6,63.6,0.0,-0.9,318.0,95.4
13730,2026-04-12,30,3,32.9,0.0,4.3,213.85,69.09
13731,2026-04-12,15,1,88.1,0.0,3.5,396.45,105.72
13732,2026-04-12,19,1,30.6,0.0,5.4,137.7,36.72
13733,2026-04-12,23,2,65.4,0.0,3.4,313.92,91.56
13734,2026-04-12,21,4,26.5,0.0,3.2,153.7,50.35
13735,2026-04-13,25,1,73.0,21.2,6.7,233.1,87.6
13736,2026-04-13,5,6,41.2,0.0,8.0,206.0,61.8
13737,2026-04-13,28,3,46.4,0.0,4.8,301.6,97.44
13738,2026-04-13,11,6,68.8,0.0,3.5,344.0,103.2
13739,2026-04-13,11,4,82.0,0.0,8.2,475.6,155.8
13740,2026-04-13,18,3,76.4,0.0,3.7,496.6,160.44
13741,2026-04-13,1,4,72.4,0.0,4.8,419.92,137.56
13742,2026-04-13,16,5,56.0,0.0,2.7,392.0,128.8
13743,2026-04-13,6,3,93.6,0.0,6.0,608.4,196.56
13744,2026-04-13,18,4,98.4,0.0,4.7,570.72,186.96
13745,2026-04-13,8,6,47.7,0.0,5.6,238.5,71.55
13746,2026-04-13,29,4,83.5,0.0,8.5,484.3,158.65
13747,2026-04-13,26,6,47.4,0.0,3.5,237.0,71.1
13748,2026-04-13,21,2,48.9,0.0,3.9,234.72,68.46
13749,2026-04-13,7,5,59.1,0.0,2.4,413.7,135.93
13750,2026-04-13,16,4,97.9,0.0,0.5,567.82,186.01
13751,2026-04-13,7,2,93.4,0.0,5.6,448.32,130.76
13752,2026-04-13,26,6,77.2,0.0,10.9,386.0,115.8
13753,2026-04-13,29,3,35.2,0.0,-1.0,228.8,73.92
13754,2026-04-13,24,6,31.8,0.0,0.7,159.0,47.7
13755,2026-04-13,1,2,62.5,0.0,5.8,300.0,87.5
13756,2026-04-13,12,3,30.1,0.0,2.2,195.65,63.21
13757,2026-04-13,10,5,26.6,0.0,6.5,186.2,61.18
13758,2026-04-13,25,1,49.5,0.0,3.8,222.75,59.4
13759,2026-04-13,21,5,30.7,0.0,9.9,214.9,70.61
13760,2026-04-13,2,1,94.3,0.0,5.0,424.35,113.16
13761,2026-04-13,14,4,81.5,0.0,5.5,472.7,154.85
13762,2026-04-13,17,3,50.4,0.0,6.9,327.6,105.84
13763,2026-04-13,12,6,94.8,0.0,3.6,474.0,142.2
13764,2026-04-14,30,4,58.1,0.0,3.8,336.98,110.39
13765,2026-04-14,23,5,36.2,0.0,4.7,253.4,83.26
13766,2026-04-14,23,5,92.2,0.0,7.7,645.4,212.06
13767,2026-04-14,25,4,63.5,0.0,7.0,368.3,120.65
13768,2026-04-14,1,3,66.2,0.0,7.4,430.3,139.02
13769,2026-04-14,7,4,83.9,0.0,7.9,486.62,159.41
13770,2026-04-14,14,5,39.1,0.0,6.3,273.7,89.93
13771,2026-04-14,22,4,92.4,0.0,8.0,535.92,175.56
13772,2026-04-14,1,3,43.0,0.0,7.0,279.5,90.3
13773,2026-04-14,4,4,36.3,0.0,2.5,210.54,68.97
13774,2026-04-14,20,4,49.4,0.0,7.0,286.52,93.86
13775,2026-04-14,6,4,54.2,0.0,7.7,314.36,102.98
13776,2026-04-14,24,5,80.3,0.0,7.1,562.1,184.69
13777,2026-04-14,3,3,47.8,0.0,5.0,310.7,100.38
13778,2026-04-14,12,2,46.2,0.0,6.7,221.76,64.68
13779,2026-04-14,9,3,59.1,0.0,7.4,384.15,124.11
13780,2026-04-14,5,2,88.8,0.0,6.4,426.24,124.32
13781,2026-04-14,7,5,81.5,0.0,3.5,570.5,187.45
13782,2026-04-14,27,2,88.9,0.0,4.8,426.72,124.46
13783,2026-04-14,8,1,56.5,0.0,1.5,254.25,67.8
13784,2026-04-14,10,2,59.4,0.0,5.1,285.12,83.16
13785,2026-04-14,12,2,70.8,0.0,5.4,339.84,99.12
13786,2026-04-14,25,3,82.8,0.0,5.8,538.2,173.88
13787,2026-04-14,7,3,57.1,0.0,3.6,371.15,119.91
13788,2026-04-14,24,2,94.5,0.0,8.0,453.6,132.3
13789,2026-04-15,14,3,22.2,0.0,13.6,144.3,46.62
13790,2026-04-15,7,3,84.4,0.0,7.0,548.6,177.24
13791,2026-04-15,6,4,26.4,0.0,2.5,153.12,50.16
13792,2026-04-15,29,5,48.3,0.0,7.1,338.1,111.09
13793,2026-04-15,21,4,87.2,0.0,5.8,505.76,165.68
13794,2026-04-15,24,1,84.4,0.0,7.7,379.8,101.28
13795,2026-04-15,3,4,30.1,0.0,6.9,174.58,57.19
13796,2026-04-15,7,6,77.6,19.0,11.3,293.0,116.4
13797,2026-04-15,3,5,71.8,0.0,7.7,502.6,165.14
13798,2026-04-15,11,5,71.7,0.0,8.1,501.9,164.91
13799,2026-04-15,18,2,38.5,0.0,7.0,184.8,53.9
13800,2026-04-15,2,1,86.6,0.0,12.0,389.7,103.92
13801,2026-04-15,8,2,20.7,7.6,3.6,62.88,28.98
13802,2026-04-15,16,1,60.3,0.0,6.4,271.35,72.36
13803,2026-04-15,1,5,38.0,0.0,5.5,266.0,87.4
13804,2026-04-15,8,1,83.3,0.0,6.0,374.85,99.96
13805,2026-04-15,7,3,20.9,0.0,1.1,135.85,43.89
13806,2026-04-15,24,4,28.6,0.0,11.5,165.88,54.34
13807,2026-04-15,30,1,27.3,0.0,5.8,122.85,32.76
13808,2026-04-15,15,4,42.7,0.0,8.9,247.66,81.13
13809,2026-04-15,15,1,86.4,0.0,13.6,388.8,103.68
13810,2026-04-15,15,4,95.3,0.0,4.4,552.74,181.07
13811,2026-04-15,16,2,31.6,0.0,8.4,151.68,44.24
13812,2026-04-15,19,4,79.9,0.0,6.9,463.42,151.81
13813,2026-04-15,5,6,51.3,0.0,6.2,256.5,76.95
13814,2026-04-15,6,3,68.4,0.0,2.9,444.6,143.64
13815,2026-04-15,6,4,70.9,0.0,5.9,411.22,134.71
13816,2026-04-15,2,6,79.7,0.0,8.0,398.5,119.55
13817,2026-04-15,24,2,27.4,0.0,3.2,131.52,38.36
13818,2026-04-15,14,3,66.6,0.0,9.8,432.9,139.86
13819,2026-04-15,30,4,83.9,0.0,9.9,486.62,159.41
13820,2026-04-15,23,6,31.7,0.0,10.3,158.5,47.55
13821,2026-04-16,3,2,39.4,13.5,7.8,124.32,55.16
13822,2026-04-16,30,5,81.4,0.0,7.3,569.8,187.22
13823,2026-04-16,15,2,25.8,0.0,3.0,123.84,36.12
13824,2026-04-16,4,4,36.9,0.0,9.7,214.02,70.11
13825,2026-04-16,23,1,52.8,0.0,5.5,237.6,63.36
13826,2026-04-16,14,3,43.6,0.0,5.0,283.4,91.56
13827,2026-04-16,23,4,93.7,0.0,5.0,543.46,178.03
13828,2026-04-16,6,5,80.7,0.0,4.1,564.9,185.61
13829,2026-04-16,28,6,96.9,0.0,7.3,484.5,145.35
13830,2026-04-16,17,3,42.1,0.0,5.6,273.65,88.41
13831,2026-04-16,28,2,77.7,0.0,2.6,372.96,108.78
13832,2026-04-16,26,6,86.6,0.0,4.8,433.0,129.9
13833,2026-04-16,25,3,98.5,0.0,6.4,640.25,206.85
13834,2026-04-16,3,4,20.8,0.0,4.1,120.64,39.52
13835,2026-04-16,13,3,99.0,0.0,8.4,643.5,207.9
13836,2026-04-16,1,5,96.4,0.0,5.0,674.8,221.72
13837,2026-04-16,24,4,24.9,0.0,4.8,144.42,47.31
13838,2026-04-16,10,4,98.7,0.0,4.7,572.46,187.53
13839,2026-04-16,21,4,88.6,0.0,5.9,513.88,168.34
13840,2026-04-16,27,3,46.6,0.0,6.1,302.9,97.86
13841,2026-04-16,4,5,69.2,0.0,8.3,484.4,159.16
13842,2026-04-16,21,6,90.8,0.0,7.2,454.0,136.2
13843,2026-04-16,14,3,99.8,28.9,8.8,460.85,209.58
13844,2026-04-16,24,4,76.2,0.0,4.2,441.96,144.78
13845,2026-04-16,9,3,57.8,0.0,5.7,375.7,121.38
13846,2026-04-16,5,4,26.7,0.0,2.1,154.86,50.73
13847,2026-04-16,7,1,38.8,0.0,11.0,174.6,46.56
13848,2026-04-16,24,6,68.3,0.0,5.7,341.5,102.45
13849,2026-04-16,10,6,84.7,0.0,3.0,423.5,127.05
13850,2026-04-16,10,6,54.7,0.0,6.8,273.5,82.05
13851,2026-04-16,20,5,50.9,0.0,9.8,356.3,117.07
13852,2026-04-16,6,2,69.1,0.0,4.8,331.68,96.74
13853,2026-04-17,12,4,95.3,0.0,11.7,552.74,181.07
13854,2026-04-17,2,1,29.6,0.0,8.8,133.2,35.52
13855,2026-04-17,23,4,56.6,0.0,7.4,328.28,107.54
13856,2026-04-17,23,5,75.8,0.0,5.5,530.6,174.34
13857,2026-04-17,13,3,54.7,0.0,6.9,355.55,114.87
13858,2026-04-17,18,4,89.5,33.5,9.9,324.8,170.05
13859,2026-04-17,12,1,39.8,0.0,4.5,179.1,47.76
13860,2026-04-17,30,5,93.2,0.0,9.5,652.4,214.36
13861,2026-04-17,19,6,47.6,0.0,6.6,238.0,71.4
13862,2026-04-17,26,3,30.7,0.0,4.6,199.55,64.47
13863,2026-04-17,4,6,29.7,0.0,7.2,148.5,44.55
13864,2026-04-17,11,4,35.9,0.0,4.6,208.22,68.21
13865,2026-04-17,5,6,21.3,0.0,7.5,106.5,31.95
13866,2026-04-17,21,6,33.0,0.0,6.8,165.0,49.5
13867,2026-04-17,24,5,38.0,0.0,6.3,266.0,87.4
13868,2026-04-17,29,6,78.1,0.0,6.0,390.5,117.15
13869,2026-04-17,11,5,72.1,0.0,6.4,504.7,165.83
13870,2026-04-17,16,2,57.4,0.0,4.4,275.52,80.36
13871,2026-04-17,8,2,95.5,0.0,6.5,458.4,133.7
13872,2026-04-17,16,5,87.2,0.0,6.9,610.4,200.56
13873,2026-04-17,12,3,98.6,21.4,4.5,501.8,207.06
13874,2026-04-17,23,3,94.5,0.0,0.5,614.25,198.45
13875,2026-04-17,28,3,21.7,0.0,4.2,141.05,45.57
13876,2026-04-17,26,6,91.2,0.0,4.4,456.0,136.8
13877,2026-04-17,12,4,70.1,0.0,4.0,406.58,133.19
13878,2026-04-17,13,2,62.0,0.0,7.8,297.6,86.8
13879,2026-04-17,8,1,22.1,0.0,4.4,99.45,26.52
13880,2026-04-17,10,6,47.9,0.0,9.0,239.5,71.85
13881,2026-04-17,11,3,94.6,0.0,5.6,614.9,198.66
13882,2026-04-17,9,4,27.6,0.0,9.9,160.08,52.44
13883,2026-04-17,14,3,24.2,0.0,3.1,157.3,50.82
13884,2026-04-18,29,4,56.3,0.0,4.7,326.54,106.97
13885,2026-04-18,2,5,73.5,0.0,7.9,514.5,169.05
13886,2026-04-18,28,3,94.5,0.0,4.7,614.25,198.45
13887,2026-04-18,11,1,54.4,0.0,9.6,244.8,65.28
13888,2026-04-18,26,4,21.1,0.0,3.4,122.38,40.09
13889,2026-04-18,25,5,66.8,0.0,4.1,467.6,153.64
13890,2026-04-18,25,6,26.2,0.0,1.8,131.0,39.3
13891,2026-04-18,1,4,55.0,0.0,3.9,319.0,104.5
13892,2026-04-18,23,4,30.2,0.0,2.7,175.16,57.38
13893,2026-04-18,22,2,39.5,0.0,6.2,189.6,55.3
13894,2026-04-18,18,6,33.7,0.0,1.6,168.5,50.55
13895,2026-04-18,18,4,48.0,0.0,5.0,278.4,91.2
13896,2026-04-18,24,1,81.3,0.0,3.7,365.85,97.56
13897,2026-04-18,17,2,31.1,0.0,5.7,149.28,43.54
13898,2026-04-18,13,5,48.3,0.0,7.8,338.1,111.09
13899,2026-04-18,16,4,52.6,0.0,6.3,305.08,99.94
13900,2026-04-18,20,1,53.9,11.1,5.6,192.6,64.68
13901,2026-04-18,16,2,66.0,0.0,6.4,316.8,92.4
13902,2026-04-18,28,3,44.5,0.0,7.2,289.25,93.45
13903,2026-04-18,4,1,63.5,0.0,8.6,285.75,76.2
13904,2026-04-18,6,1,69.0,0.0,4.6,310.5,82.8
13905,2026-04-18,19,2,75.3,0.0,2.8,361.44,105.42
13906,2026-04-18,6,3,53.6,0.0,6.7,348.4,112.56
13907,2026-04-18,30,2,95.7,0.0,8.0,459.36,133.98
13908,2026-04-18,2,6,30.9,0.0,6.3,154.5,46.35
13909,2026-04-18,8,4,25.8,0.0,4.4,149.64,49.02
13910,2026-04-18,8,6,53.4,0.0,6.1,267.0,80.1
13911,2026-04-18,30,4,98.7,11.1,10.7,508.08,187.53
13912,2026-04-19,11,6,96.0,0.0,6.3,480.0,144.0
13913,2026-04-19,1,1,22.8,0.0,8.2,102.6,27.36
13914,2026-04-19,5,6,44.8,6.8,7.3,190.0,67.2
13915,2026-04-19,9,1,36.3,0.0,6.6,163.35,43.56
13916,2026-04-19,20,6,48.9,0.0,8.7,244.5,73.35
13917,2026-04-19,14,6,62.7,0.0,7.5,313.5,94.05
13918,2026-04-19,30,6,85.0,0.0,-1.2,425.0,127.5
13919,2026-04-19,19,4,74.7,0.0,4.7,433.26,141.93
13920,2026-04-19,18,4,64.6,0.0,6.8,374.68,122.74
13921,2026-04-19,8,4,37.7,0.0,4.8,218.66,71.63
13922,2026-04-19,16,2,21.0,0.0,5.5,100.8,29.4
13923,2026-04-19,15,3,42.6,0.0,7.0,276.9,89.46
13924,2026-04-19,29,2,95.2,0.0,6.0,456.96,133.28
13925,2026-04-19,5,1,53.5,0.0,7.2,240.75,64.2
13926,2026-04-19,19,2,93.8,0.0,7.3,450.24,131.32
13927,2026-04-19,4,5,60.2,0.0,7.7,421.4,138.46
13928,2026-04-19,14,3,47.1,0.0,7.5,306.15,98.91
13929,2026-04-19,18,3,43.8,14.7,6.5,189.15,91.98
13930,2026-04-19,11,3,23.9,0.0,9.1,155.35,50.19
13931,2026-04-19,4,2,65.0,0.0,10.2,312.0,91.0
13932,2026-04-19,2,3,100.0,0.0,3.1,650.0,210.0
13933,2026-04-19,10,4,84.0,0.0,2.9,487.2,159.6
13934,2026-04-19,7,2,94.0,0.0,7.7,451.2,131.6
13935,2026-04-19,5,4,45.1,0.0,4.0,261.58,85.69
13936,2026-04-19,28,3,32.8,0.0,3.8,213.2,68.88
13937,2026-04-19,4,5,51.4,0.0,3.5,359.8,118.22
13938,2026-04-19,6,5,22.4,0.0,7.5,156.8,51.52
13939,2026-04-19,18,2,30.6,0.0,7.1,146.88,42.84
13940,2026-04-19,9,6,97.0,0.0,11.1,485.0,145.5
13941,2026-04-19,25,5,42.1,4.4,8.4,263.9,96.83
13942,2026-04-19,10,6,21.8,0.0,9.5,109.0,32.7
13943,2026-04-19,26,6,70.9,0.0,9.0,354.5,106.35
13944,2026-04-19,1,5,41.3,0.0,3.1,289.1,94.99
13945,2026-04-19,26,5,25.8,0.0,8.1,180.6,59.34
13946,2026-04-19,19,6,53.6,0.0,3.2,268.0,80.4
13947,2026-04-19,5,4,28.2,0.0,6.4,163.56,53.58
13948,2026-04-19,22,1,58.2,0.0,5.4,261.9,69.84
13949,2026-04-19,30,5,23.8,0.0,6.2,166.6,54.74
13950,2026-04-19,11,3,78.8,0.0,2.8,512.2,165.48
13951,2026-04-19,2,2,64.3,0.0,4.3,308.64,90.02
13952,2026-04-20,12,6,79.2,0.0,4.2,396.0,118.8
13953,2026-04-20,2,4,33.9,0.0,2.2,196.62,64.41
13954,2026-04-20,25,5,21.0,0.0,5.0,147.0,48.3
13955,2026-04-20,19,1,43.8,0.0,6.6,197.1,52.56
13956,2026-04-20,26,1,24.2,0.0,4.5,108.9,29.04
13957,2026-04-20,3,6,74.6,0.0,8.9,373.0,111.9
13958,2026-04-20,24,5,52.9,10.4,9.7,297.5,121.67
13959,2026-04-20,27,1,83.2,0.0,5.0,374.4,99.84
13960,2026-04-20,9,6,70.3,19.2,4.8,255.5,105.45
13961,2026-04-20,8,3,35.5,0.0,4.1,230.75,74.55
13962,2026-04-20,27,5,42.0,0.0,4.8,294.0,96.6
13963,2026-04-20,15,6,82.4,0.0,7.9,412.0,123.6
13964,2026-04-20,21,6,56.8,0.0,7.6,284.0,85.2
13965,2026-04-20,9,1,52.6,0.0,7.0,236.7,63.12
13966,2026-04-20,4,4,82.8,0.0,7.9,480.24,157.32
13967,2026-04-20,5,3,70.4,0.0,5.4,457.6,147.84
13968,2026-04-20,3,4,87.5,0.0,4.9,507.5,166.25
13969,2026-04-20,10,1,80.9,0.0,8.8,364.05,97.08
13970,2026-04-20,14,5,59.2,0.0,8.1,414.4,136.16
13971,2026-04-20,27,2,24.9,0.0,4.9,119.52,34.86
13972,2026-04-20,10,3,46.3,0.0,4.4,300.95,97.23
13973,2026-04-20,25,2,67.2,0.0,7.2,322.56,94.08
13974,2026-04-20,4,4,88.5,0.0,9.0,513.3,168.15
13975,2026-04-20,26,1,30.3,0.0,5.9,136.35,36.36
13976,2026-04-20,9,1,29.3,0.0,7.5,131.85,35.16
13977,2026-04-21,25,2,52.4,0.0,1.9,251.52,73.36
13978,2026-04-21,8,6,88.6,0.0,4.7,443.0,132.9
13979,2026-04-21,18,1,28.2,0.0,6.3,126.9,33.84
13980,2026-04-21,26,2,47.0,0.0,11.4,225.6,65.8
13981,2026-04-21,30,5,38.4,0.0,2.3,268.8,88.32
13982,2026-04-21,28,4,31.8,0.0,6.6,184.44,60.42
13983,2026-04-21,7,2,71.2,0.0,7.2,341.76,99.68
13984,2026-04-21,12,1,41.1,0.0,3.4,184.95,49.32
13985,2026-04-21,8,1,83.2,0.0,2.8,374.4,99.84
13986,2026-04-21,5,6,28.3,0.0,3.2,141.5,42.45
13987,2026-04-21,2,5,97.5,0.0,5.6,682.5,224.25
13988,2026-04-21,11,1,69.0,0.0,7.4,310.5,82.8
13989,2026-04-21,9,5,95.1,0.0,6.2,665.7,218.73
13990,2026-04-21,24,5,82.5,0.0,1.1,577.5,189.75
13991,2026-04-21,2,3,54.7,0.0,4.2,355.55,114.87
13992,2026-04-21,2,1,74.3,0.0,5.1,334.35,89.16
13993,2026-04-21,19,2,92.9,0.0,6.8,445.92,130.06
13994,2026-04-21,6,1,91.1,0.0,5.0,409.95,109.32
13995,2026-04-21,10,1,23.9,0.0,5.4,107.55,28.68
13996,2026-04-21,15,4,60.1,0.0,7.3,348.58,114.19
13997,2026-04-21,6,1,25.1,0.0,5.8,112.95,30.12
13998,2026-04-21,9,1,63.8,0.0,6.5,287.1,76.56
13999,2026-04-21,17,4,53.9,0.0,8.1,312.62,102.41
14000,2026-04-21,25,5,36.2,0.0,2.7,253.4,83.26
14001,2026-04-21,20,1,64.5,0.0,5.6,290.25,77.4
14002,2026-04-21,1,1,70.8,0.0,7.0,318.6,84.96
14003,2026-04-21,13,5,99.9,0.0,1.8,699.3,229.77
14004,2026-04-21,1,4,41.9,0.0,3.5,243.02,79.61
14005,2026-04-22,26,6,57.6,0.0,3.5,288.0,86.4
14006,2026-04-22,3,6,86.2,0.0,9.0,431.0,129.3
14007,2026-04-22,29,6,44.4,0.0,5.2,222.0,66.6
14008,2026-04-22,7,2,41.0,0.0,5.9,196.8,57.4
14009,2026-04-22,20,6,92.2,0.0,5.9,461.0,138.3
14010,2026-04-22,27,5,29.5,0.0,3.4,206.5,67.85
14011,2026-04-22,17,6,41.1,0.0,8.2,205.5,61.65
14012,2026-04-22,28,2,57.4,0.0,8.9,275.52,80.36
14013,2026-04-22,17,2,84.5,0.0,5.7,405.6,118.3
14014,2026-04-22,20,5,78.1,0.0,7.2,546.7,179.63
14015,2026-04-22,24,1,97.2,0.0,4.6,437.4,116.64
14016,2026-04-22,18,5,36.8,0.0,5.2,257.6,84.64
14017,2026-04-22,29,1,97.3,0.0,5.2,437.85,116.76
14018,2026-04-22,25,6,21.0,0.0,8.6,105.0,31.5
14019,2026-04-22,27,5,79.7,0.0,4.0,557.9,183.31
14020,2026-04-22,13,5,78.0,0.0,4.6,546.0,179.4
14021,2026-04-23,23,4,91.1,0.0,5.8,528.38,173.09
14022,2026-04-23,29,3,87.7,0.0,3.2,570.05,184.17
14023,2026-04-23,21,3,35.2,0.0,6.2,228.8,73.92
14024,2026-04-23,23,1,62.4,0.0,6.6,280.8,74.88
14025,2026-04-23,7,5,34.1,0.0,7.3,238.7,78.43
14026,2026-04-23,27,2,63.2,0.0,2.5,303.36,88.48
14027,2026-04-23,20,2,92.9,0.0,4.5,445.92,130.06
14028,2026-04-23,26,1,27.5,0.0,3.4,123.75,33.0
14029,2026-04-23,2,2,34.3,0.0,7.8,164.64,48.02
14030,2026-04-23,1,4,77.8,0.0,4.9,451.24,147.82
14031,2026-04-23,21,4,39.0,0.0,5.8,226.2,74.1
14032,2026-04-23,8,3,50.6,0.0,1.8,328.9,106.26
14033,2026-04-23,12,1,97.1,0.0,4.8,436.95,116.52
14034,2026-04-23,14,6,59.7,0.0,3.0,298.5,89.55
14035,2026-04-23,19,6,33.6,0.0,5.0,168.0,50.4
14036,2026-04-23,17,1,42.4,0.0,5.7,190.8,50.88
14037,2026-04-23,20,6,25.9,3.7,9.4,111.0,38.85
14038,2026-04-23,28,3,92.1,0.0,7.5,598.65,193.41
14039,2026-04-23,14,4,27.1,0.0,10.6,157.18,51.49
14040,2026-04-23,9,2,71.6,18.0,9.7,257.28,100.24
14041,2026-04-24,15,5,72.2,0.0,4.7,505.4,166.06
14042,2026-04-24,18,3,22.1,0.0,6.0,143.65,46.41
14043,2026-04-24,14,5,76.1,0.0,4.6,532.7,175.03
14044,2026-04-24,12,4,21.5,0.0,4.3,124.7,40.85
14045,2026-04-24,25,4,95.3,0.0,9.4,552.74,181.07
14046,2026-04-24,18,4,44.1,0.0,5.6,255.78,83.79
14047,2026-04-24,18,2,51.2,0.0,7.7,245.76,71.68
14048,2026-04-24,14,1,48.5,0.0,7.6,218.25,58.2
14049,2026-04-24,10,4,76.1,0.0,9.6,441.38,144.59
14050,2026-04-24,5,2,91.7,0.0,5.1,440.16,128.38
14051,2026-04-24,11,4,34.2,0.0,6.8,198.36,64.98
14052,2026-04-24,18,6,70.6,0.0,5.2,353.0,105.9
14053,2026-04-24,16,5,57.5,0.0,5.6,402.5,132.25
14054,2026-04-24,14,6,71.7,0.0,6.6,358.5,107.55
14055,2026-04-24,21,4,57.4,0.0,1.2,332.92,109.06
14056,2026-04-24,8,5,31.0,0.0,4.8,217.0,71.3
14057,2026-04-24,23,3,51.4,0.0,5.3,334.1,107.94
14058,2026-04-24,6,5,79.8,0.0,5.9,558.6,183.54
14059,2026-04-24,6,3,28.9,0.0,9.1,187.85,60.69
14060,2026-04-24,17,2,56.6,0.0,6.1,271.68,79.24
14061,2026-04-24,15,1,89.3,0.0,3.6,401.85,107.16
14062,2026-04-24,8,2,48.9,0.0,10.2,234.72,68.46
14063,2026-04-24,11,6,61.4,0.0,5.4,307.0,92.1
14064,2026-04-24,2,3,89.9,0.0,5.9,584.35,188.79
14065,2026-04-24,20,2,30.2,0.0,7.1,144.96,42.28
14066,2026-04-24,30,6,87.7,0.0,5.0,438.5,131.55
14067,2026-04-24,20,1,87.7,0.0,7.3,394.65,105.24
14068,2026-04-24,21,4,75.8,0.0,5.1,439.64,144.02
14069,2026-04-25,15,5,43.0,0.0,3.0,301.0,98.9
14070,2026-04-25,2,1,85.7,0.0,7.2,385.65,102.84
14071,2026-04-25,3,4,58.3,0.0,3.9,338.14,110.77
14072,2026-04-25,14,6,30.7,0.0,0.5,153.5,46.05
14073,2026-04-25,16,2,97.4,0.0,7.6,467.52,136.36
14074,2026-04-25,19,5,56.5,13.3,10.0,302.4,129.95
14075,2026-04-25,27,2,94.3,0.0,2.9,452.64,132.02
14076,2026-04-25,13,3,96.0,0.0,9.2,624.0,201.6
14077,2026-04-25,17,1,28.8,0.0,6.0,129.6,34.56
14078,2026-04-25,15,6,53.3,0.0,3.1,266.5,79.95
14079,2026-04-25,6,5,25.0,0.0,6.8,175.0,57.5
14080,2026-04-25,6,1,59.4,0.0,6.5,267.3,71.28
14081,2026-04-25,5,2,54.6,0.0,8.1,262.08,76.44
14082,2026-04-25,3,4,58.6,0.0,9.3,339.88,111.34
14083,2026-04-25,26,4,67.8,0.0,6.3,393.24,128.82
14084,2026-04-25,18,5,67.9,0.0,6.0,475.3,156.17
14085,2026-04-25,18,6,46.6,0.0,8.6,233.0,69.9
14086,2026-04-25,25,5,70.3,0.0,5.4,492.1,161.69
14087,2026-04-25,19,5,81.8,0.0,3.7,572.6,188.14
14088,2026-04-25,15,6,31.3,0.0,4.4,156.5,46.95
14089,2026-04-25,23,5,62.5,0.0,7.1,437.5,143.75
14090,2026-04-25,12,4,21.9,0.0,6.8,127.02,41.61
14091,2026-04-25,8,2,70.8,0.0,6.3,339.84,99.12
14092,2026-04-25,21,6,76.4,0.0,5.9,382.0,114.6
14093,2026-04-25,6,2,59.2,0.0,11.4,284.16,82.88
14094,2026-04-25,5,4,41.9,0.0,6.2,243.02,79.61
14095,2026-04-25,26,6,87.8,0.0,9.7,439.0,131.7
14096,2026-04-25,22,5,40.4,0.0,10.1,282.8,92.92
14097,2026-04-25,11,1,55.4,0.0,9.2,249.3,66.48
14098,2026-04-25,11,6,86.6,0.0,5.9,433.0,129.9
14099,2026-04-26,23,1,82.4,0.0,5.6,370.8,98.88
14100,2026-04-26,30,2,70.1,0.0,7.5,336.48,98.14
14101,2026-04-26,25,5,55.9,0.0,10.7,391.3,128.57
14102,2026-04-26,30,5,30.0,0.0,4.7,210.0,69.0
14103,2026-04-26,17,4,31.3,0.0,1.7,181.54,59.47
14104,2026-04-26,5,3,100.0,25.3,9.9,485.55,210.0
14105,2026-04-26,16,5,25.2,0.0,3.7,176.4,57.96
14106,2026-04-26,30,4,55.3,0.0,6.8,320.74,105.07
14107,2026-04-26,30,1,85.8,0.0,7.1,386.1,102.96
14108,2026-04-26,18,6,95.5,0.0,9.9,477.5,143.25
14109,2026-04-26,19,5,68.5,0.0,5.6,479.5,157.55
14110,2026-04-26,23,4,75.3,0.0,6.2,436.74,143.07
14111,2026-04-26,19,5,24.4,0.0,5.2,170.8,56.12
14112,2026-04-26,22,3,60.4,0.0,1.1,392.6,126.84
14113,2026-04-26,22,3,43.4,0.0,4.7,282.1,91.14
14114,2026-04-26,20,1,92.9,0.0,5.3,418.05,111.48
14115,2026-04-26,14,6,95.2,0.0,8.3,476.0,142.8
14116,2026-04-26,2,2,27.7,0.0,8.5,132.96,38.78
14117,2026-04-26,21,5,93.9,0.0,6.3,657.3,215.97
14118,2026-04-26,12,2,53.0,13.6,4.1,189.12,74.2
14119,2026-04-26,12,2,80.2,0.0,4.8,384.96,112.28
14120,2026-04-26,19,4,67.6,16.5,10.2,296.38,128.44
14121,2026-04-26,8,5,32.1,0.0,6.9,224.7,73.83
14122,2026-04-26,23,6,70.7,0.0,8.8,353.5,106.05
14123,2026-04-26,11,3,29.1,0.0,4.5,189.15,61.11
14124,2026-04-26,17,1,93.3,18.3,9.7,337.5,111.96
14125,2026-04-26,24,4,91.0,0.0,5.2,527.8,172.9
14126,2026-04-26,28,4,44.6,0.0,5.6,258.68,84.74
14127,2026-04-26,8,1,49.3,0.0,6.5,221.85,59.16
14128,2026-04-26,25,1,92.1,0.0,6.1,414.45,110.52
14129,2026-04-26,3,2,60.6,0.0,4.8,290.88,84.84
14130,2026-04-26,28,6,50.8,0.0,1.1,254.0,76.2
14131,2026-04-26,22,5,43.5,0.0,4.7,304.5,100.05
14132,2026-04-26,16,1,78.9,0.0,8.1,355.05,94.68
14133,2026-04-26,8,1,40.2,0.0,4.4,180.9,48.24
14134,2026-04-26,7,1,97.3,0.0,2.9,437.85,116.76
14135,2026-04-26,16,3,78.9,0.0,3.7,512.85,165.69
14136,2026-04-26,15,1,29.6,0.0,5.8,133.2,35.52
14137,2026-04-26,11,5,83.3,0.0,3.5,583.1,191.59
14138,2026-04-26,1,3,28.0,0.0,6.5,182.0,58.8
14139,2026-04-27,1,4,83.9,0.0,8.9,486.62,159.41
14140,2026-04-27,17,4,53.2,0.0,3.0,308.56,101.08
14141,2026-04-27,21,1,56.6,6.8,4.9,224.1,67.92
14142,2026-04-27,10,3,62.9,0.0,8.1,408.85,132.09
14143,2026-04-27,19,3,69.1,0.0,2.4,449.15,145.11
14144,2026-04-27,26,6,42.8,0.0,8.3,214.0,64.2
14145,2026-04-27,4,5,44.7,0.0,5.2,312.9,102.81
14146,2026-04-27,21,5,73.6,0.0,5.4,515.2,169.28
14147,2026-04-27,28,6,99.1,0.0,6.6,495.5,148.65
14148,2026-04-27,19,1,20.5,0.0,3.3,92.25,24.6
14149,2026-04-27,24,1,49.7,0.0,4.5,223.65,59.64
14150,2026-04-27,16,2,58.5,0.0,3.2,280.8,81.9
14151,2026-04-27,10,4,99.4,0.0,2.0,576.52,188.86
14152,2026-04-27,4,4,51.5,0.0,6.1,298.7,97.85
14153,2026-04-27,26,5,47.2,0.0,8.7,330.4,108.56
14154,2026-04-27,12,6,23.9,0.0,5.6,119.5,35.85
14155,2026-04-27,23,3,86.7,0.0,6.4,563.55,182.07
14156,2026-04-27,6,4,92.0,0.0,8.9,533.6,174.8
14157,2026-04-27,18,4,88.2,0.0,6.1,511.56,167.58
14158,2026-04-27,13,3,62.7,0.0,4.4,407.55,131.67
14159,2026-04-27,21,4,28.7,0.0,3.2,166.46,54.53
14160,2026-04-27,1,4,40.0,0.0,6.5,232.0,76.0
14161,2026-04-27,8,1,42.7,0.0,3.9,192.15,51.24
14162,2026-04-27,28,6,98.0,0.0,5.6,490.0,147.0
14163,2026-04-27,24,1,66.6,0.0,6.8,299.7,79.92
14164,2026-04-27,5,6,82.9,22.5,9.1,302.0,124.35
14165,2026-04-27,20,1,48.3,0.0,0.8,217.35,57.96
14166,2026-04-27,12,4,20.5,0.0,5.6,118.9,38.95
14167,2026-04-28,16,2,32.0,0.0,8.7,153.6,44.8
14168,2026-04-28,3,3,36.4,0.0,3.7,236.6,76.44
14169,2026-04-28,14,3,93.3,0.0,6.8,606.45,195.93
14170,2026-04-28,16,6,51.7,0.0,4.9,258.5,77.55
14171,2026-04-28,16,2,60.9,0.0,9.0,292.32,85.26
14172,2026-04-28,19,2,99.6,0.0,9.1,478.08,139.44
14173,2026-04-28,2,1,46.8,0.0,8.4,210.6,56.16
14174,2026-04-28,27,3,32.6,0.0,10.8,211.9,68.46
14175,2026-04-28,22,1,56.5,0.0,2.3,254.25,67.8
14176,2026-04-28,16,6,71.7,0.0,4.8,358.5,107.55
14177,2026-04-28,30,4,37.0,0.0,8.2,214.6,70.3
14178,2026-04-28,27,1,29.6,0.0,3.1,133.2,35.52
14179,2026-04-28,12,6,62.0,0.0,9.6,310.0,93.0
14180,2026-04-28,1,3,52.5,0.0,2.0,341.25,110.25
14181,2026-04-28,6,1,80.8,0.0,7.8,363.6,96.96
14182,2026-04-28,15,3,37.2,0.0,4.5,241.8,78.12
14183,2026-04-28,20,5,21.9,0.0,3.0,153.3,50.37
14184,2026-04-28,13,4,62.9,0.0,4.6,364.82,119.51
14185,2026-04-28,14,2,73.1,0.0,6.3,350.88,102.34
14186,2026-04-28,17,4,87.3,26.3,9.6,353.8,165.87
14187,2026-04-28,8,5,21.6,0.0,5.2,151.2,49.68
14188,2026-04-28,13,1,47.1,0.0,7.3,211.95,56.52
14189,2026-04-28,29,2,86.2,0.0,9.2,413.76,120.68
14190,2026-04-28,12,6,31.5,0.0,8.4,157.5,47.25
14191,2026-04-28,28,2,72.8,0.0,3.9,349.44,101.92
14192,2026-04-28,16,5,95.2,0.0,4.1,666.4,218.96
14193,2026-04-28,7,4,65.1,0.0,2.7,377.58,123.69
14194,2026-04-28,27,3,27.2,5.6,10.4,140.4,57.12
14195,2026-04-28,12,1,83.8,0.0,3.0,377.1,100.56
14196,2026-04-28,12,6,78.5,0.0,5.6,392.5,117.75
14197,2026-04-28,20,5,46.9,0.0,5.3,328.3,107.87
14198,2026-04-29,25,4,92.6,0.0,7.6,537.08,175.94
14199,2026-04-29,25,2,74.6,19.1,10.0,266.4,104.44
14200,2026-04-29,5,6,56.1,0.0,6.3,280.5,84.15
14201,2026-04-29,16,5,72.7,0.0,8.6,508.9,167.21
14202,2026-04-29,15,5,64.5,14.9,10.8,347.2,148.35
14203,2026-04-29,2,5,20.7,0.0,5.1,144.9,47.61
14204,2026-04-29,5,4,82.2,0.0,9.7,476.76,156.18
14205,2026-04-29,18,3,95.3,0.0,4.7,619.45,200.13
14206,2026-04-29,4,2,26.5,0.0,9.1,127.2,37.1
14207,2026-04-29,12,1,58.3,0.0,4.7,262.35,69.96
14208,2026-04-29,16,3,27.4,0.0,7.8,178.1,57.54
14209,2026-04-29,15,4,52.1,0.0,6.7,302.18,98.99
14210,2026-04-29,3,5,56.2,0.0,6.3,393.4,129.26
14211,2026-04-29,13,6,95.9,0.0,8.8,479.5,143.85
14212,2026-04-29,6,5,67.5,0.0,9.4,472.5,155.25
14213,2026-04-29,30,6,35.3,0.0,5.6,176.5,52.95
14214,2026-04-29,14,5,79.0,0.0,8.7,553.0,181.7
14215,2026-04-29,8,3,71.4,0.0,5.4,464.1,149.94
14216,2026-04-30,11,4,50.6,0.0,7.3,293.48,96.14
14217,2026-04-30,18,4,35.6,10.2,11.9,147.32,67.64
14218,2026-04-30,10,2,38.2,0.0,5.4,183.36,53.48
14219,2026-04-30,15,2,22.6,0.0,0.8,108.48,31.64
14220,2026-04-30,28,3,49.3,15.0,12.1,222.95,103.53
14221,2026-04-30,14,3,64.1,0.0,7.5,416.65,134.61
14222,2026-04-30,21,2,51.5,0.0,4.7,247.2,72.1
14223,2026-04-30,7,4,55.5,0.0,8.3,321.9,105.45
14224,2026-04-30,28,3,98.1,0.0,7.9,637.65,206.01
14225,2026-04-30,16,5,94.8,0.0,3.7,663.6,218.04
14226,2026-04-30,15,5,65.5,0.0,6.1,458.5,150.65
14227,2026-04-30,3,5,94.8,0.0,5.3,663.6,218.04
14228,2026-04-30,10,4,38.4,0.0,2.8,222.72,72.96
14229,2026-04-30,21,4,68.3,0.0,3.4,396.14,129.77
14230,2026-04-30,14,6,81.4,0.0,6.7,407.0,122.1
14231,2026-05-01,6,6,96.8,0.0,5.6,484.0,145.2
14232,2026-05-01,23,1,31.4,0.0,7.5,141.3,37.68
14233,2026-05-01,5,2,24.4,0.0,11.2,117.12,34.16
14234,2026-05-01,5,2,39.5,0.0,7.8,189.6,55.3
14235,2026-05-01,5,5,33.2,0.0,2.2,232.4,76.36
14236,2026-05-01,20,3,41.6,0.0,7.5,270.4,87.36
14237,2026-05-01,29,2,31.0,0.0,3.3,148.8,43.4
14238,2026-05-01,18,2,92.2,0.0,5.1,442.56,129.08
14239,2026-05-01,18,5,84.4,0.0,6.8,590.8,194.12
14240,2026-05-01,11,6,53.0,0.0,0.5,265.0,79.5
14241,2026-05-01,24,6,90.1,0.0,2.7,450.5,135.15
14242,2026-05-01,9,4,27.4,0.0,5.0,158.92,52.06
14243,2026-05-01,23,6,95.1,0.0,7.3,475.5,142.65
14244,2026-05-01,5,4,72.1,0.0,3.8,418.18,136.99
14245,2026-05-01,29,5,26.7,0.0,3.5,186.9,61.41
14246,2026-05-01,20,2,74.2,0.0,5.0,356.16,103.88
14247,2026-05-01,1,4,22.3,0.0,5.4,129.34,42.37
14248,2026-05-01,7,6,36.7,0.0,8.5,183.5,55.05
14249,2026-05-01,27,2,80.4,0.0,5.0,385.92,112.56
14250,2026-05-01,20,2,79.1,0.0,7.1,379.68,110.74
14251,2026-05-01,24,1,99.2,0.0,6.3,446.4,119.04
14252,2026-05-01,15,6,82.9,0.0,6.4,414.5,124.35
14253,2026-05-01,2,3,70.7,0.0,3.7,459.55,148.47
14254,2026-05-01,7,3,23.5,0.0,1.9,152.75,49.35
14255,2026-05-01,3,6,98.8,0.0,10.0,494.0,148.2
14256,2026-05-01,6,3,29.4,6.5,7.0,148.85,61.74
14257,2026-05-01,25,4,37.6,0.0,2.6,218.08,71.44
14258,2026-05-01,10,6,60.4,0.0,6.0,302.0,90.6
14259,2026-05-01,3,5,61.2,0.0,3.3,428.4,140.76
14260,2026-05-01,3,6,26.0,0.0,8.4,130.0,39.0
14261,2026-05-01,10,1,45.7,0.0,4.5,205.65,54.84
14262,2026-05-01,19,1,92.6,0.0,8.0,416.7,111.12
14263,2026-05-01,16,1,30.8,0.0,4.6,138.6,36.96
14264,2026-05-02,7,4,99.7,0.0,8.7,578.26,189.43
14265,2026-05-02,18,2,83.4,0.0,-0.6,400.32,116.76
14266,2026-05-02,24,2,25.7,0.0,1.2,123.36,35.98
14267,2026-05-02,18,6,93.8,0.0,4.7,469.0,140.7
14268,2026-05-02,5,1,69.0,0.0,4.9,310.5,82.8
14269,2026-05-02,17,4,40.6,0.0,5.4,235.48,77.14
14270,2026-05-02,8,2,35.0,0.0,6.9,168.0,49.0
14271,2026-05-02,21,3,75.1,0.0,4.0,488.15,157.71
14272,2026-05-02,16,6,58.9,0.0,4.6,294.5,88.35
14273,2026-05-02,11,4,38.6,0.0,7.3,223.88,73.34
14274,2026-05-02,30,5,94.8,0.0,3.5,663.6,218.04
14275,2026-05-02,10,3,30.0,0.0,3.4,195.0,63.0
14276,2026-05-02,20,5,75.0,0.0,3.5,525.0,172.5
14277,2026-05-02,23,1,54.6,18.9,4.2,160.65,65.52
14278,2026-05-02,14,3,39.6,0.0,9.8,257.4,83.16
14279,2026-05-02,21,2,71.8,0.0,2.5,344.64,100.52
14280,2026-05-02,24,1,77.3,0.0,7.3,347.85,92.76
14281,2026-05-02,6,2,51.0,0.0,8.3,244.8,71.4
14282,2026-05-02,21,6,48.0,0.0,4.6,240.0,72.0
14283,2026-05-02,8,6,85.5,0.0,7.5,427.5,128.25
14284,2026-05-02,17,5,62.9,0.0,2.2,440.3,144.67
14285,2026-05-02,3,1,37.9,7.7,9.3,135.9,45.48
14286,2026-05-02,19,6,56.8,0.0,8.2,284.0,85.2
14287,2026-05-02,28,6,86.8,20.1,4.9,333.5,130.2
14288,2026-05-02,12,5,69.9,0.0,6.1,489.3,160.77
14289,2026-05-02,30,5,83.5,0.0,5.1,584.5,192.05
14290,2026-05-02,12,3,35.8,0.0,6.8,232.7,75.18
14291,2026-05-03,8,5,88.6,0.0,4.1,620.2,203.78
14292,2026-05-03,15,4,98.8,0.0,4.8,573.04,187.72
14293,2026-05-03,28,2,43.3,0.0,8.4,207.84,60.62
14294,2026-05-03,17,5,75.8,0.0,8.2,530.6,174.34
14295,2026-05-03,24,5,78.3,0.0,7.6,548.1,180.09
14296,2026-05-03,29,3,95.2,0.0,3.7,618.8,199.92
14297,2026-05-03,5,4,62.3,0.0,5.1,361.34,118.37
14298,2026-05-03,6,4,85.0,0.0,8.7,493.0,161.5
14299,2026-05-03,29,2,86.2,0.0,9.4,413.76,120.68
14300,2026-05-03,19,5,60.9,0.0,1.1,426.3,140.07
14301,2026-05-03,14,1,73.0,0.0,4.7,328.5,87.6
14302,2026-05-03,23,6,81.0,0.0,5.9,405.0,121.5
14303,2026-05-03,7,5,92.2,0.0,6.6,645.4,212.06
14304,2026-05-03,1,6,74.8,0.0,4.4,374.0,112.2
14305,2026-05-03,8,2,49.5,0.0,4.6,237.6,69.3
14306,2026-05-03,28,6,36.8,0.0,6.0,184.0,55.2
14307,2026-05-03,26,3,65.6,7.5,7.8,377.65,137.76
14308,2026-05-03,19,6,63.4,0.0,8.6,317.0,95.1
14309,2026-05-03,19,1,71.8,0.0,4.2,323.1,86.16
14310,2026-05-03,15,6,90.9,0.0,3.1,454.5,136.35
14311,2026-05-03,2,2,90.2,0.0,3.3,432.96,126.28
14312,2026-05-03,1,4,77.1,0.0,7.7,447.18,146.49
14313,2026-05-03,19,5,81.6,0.0,6.2,571.2,187.68
14314,2026-05-03,12,5,48.2,0.0,5.8,337.4,110.86
14315,2026-05-03,6,4,29.6,0.0,7.0,171.68,56.24
14316,2026-05-03,7,3,53.9,8.0,11.8,298.35,113.19
14317,2026-05-03,6,4,67.4,0.0,7.7,390.92,128.06
14318,2026-05-03,25,6,45.9,0.0,5.8,229.5,68.85
14319,2026-05-03,6,4,93.5,0.0,4.5,542.3,177.65
14320,2026-05-03,27,5,85.8,0.0,6.5,600.6,197.34
14321,2026-05-03,4,5,60.9,0.0,6.8,426.3,140.07
14322,2026-05-03,6,3,35.3,0.0,6.7,229.45,74.13
14323,2026-05-03,14,1,89.2,0.0,5.3,401.4,107.04
14324,2026-05-03,21,2,39.9,0.0,7.6,191.52,55.86
14325,2026-05-03,3,2,75.4,0.0,8.0,361.92,105.56
14326,2026-05-03,8,1,64.0,0.0,6.6,288.0,76.8
14327,2026-05-03,27,4,45.9,0.0,1.5,266.22,87.21
14328,2026-05-03,1,4,83.8,0.0,8.1,486.04,159.22
14329,2026-05-03,14,5,50.3,0.0,7.4,352.1,115.69
14330,2026-05-03,29,4,49.1,0.0,6.7,284.78,93.29
14331,2026-05-03,16,6,84.2,33.1,6.4,255.5,126.3
14332,2026-05-03,16,1,98.0,0.0,9.8,441.0,117.6
14333,2026-05-03,10,1,48.2,0.0,5.9,216.9,57.84
14334,2026-05-04,24,4,91.8,0.0,5.2,532.44,174.42
14335,2026-05-04,19,4,92.0,0.0,1.7,533.6,174.8
14336,2026-05-04,5,4,60.7,0.0,8.4,352.06,115.33
14337,2026-05-04,25,2,56.0,0.0,7.2,268.8,78.4
14338,2026-05-04,18,1,43.9,0.0,6.0,197.55,52.68
14339,2026-05-04,16,2,60.8,0.0,10.7,291.84,85.12
14340,2026-05-04,13,4,93.9,0.0,5.7,544.62,178.41
14341,2026-05-04,11,2,61.9,0.0,10.6,297.12,86.66
14342,2026-05-04,12,4,69.7,0.0,8.0,404.26,132.43
14343,2026-05-04,4,6,83.5,0.0,8.0,417.5,125.25
14344,2026-05-04,27,2,74.0,0.0,6.9,355.2,103.6
14345,2026-05-04,29,4,49.8,0.0,4.2,288.84,94.62
14346,2026-05-04,29,5,78.9,28.0,12.8,356.3,181.47
14347,2026-05-04,21,5,98.7,0.0,5.0,690.9,227.01
14348,2026-05-04,9,1,47.6,0.0,6.1,214.2,57.12
14349,2026-05-04,24,6,63.4,0.0,6.5,317.0,95.1
14350,2026-05-04,26,6,88.1,0.0,4.0,440.5,132.15
14351,2026-05-04,20,4,83.0,0.0,5.8,481.4,157.7
14352,2026-05-04,10,5,93.9,0.0,8.7,657.3,215.97
14353,2026-05-04,17,1,52.4,0.0,7.8,235.8,62.88
14354,2026-05-05,29,5,38.3,0.0,-0.5,268.1,88.09
14355,2026-05-05,22,6,93.2,0.0,9.2,466.0,139.8
14356,2026-05-05,29,2,50.9,0.0,4.6,244.32,71.26
14357,2026-05-05,26,3,20.6,0.0,6.1,133.9,43.26
14358,2026-05-05,30,3,65.0,0.0,4.7,422.5,136.5
14359,2026-05-05,15,3,86.1,0.0,2.2,559.65,180.81
14360,2026-05-05,25,4,92.8,0.0,0.5,538.24,176.32
14361,2026-05-05,24,3,48.9,0.0,2.3,317.85,102.69
14362,2026-05-05,2,4,38.2,0.0,4.6,221.56,72.58
14363,2026-05-05,27,3,87.3,0.0,3.8,567.45,183.33
14364,2026-05-05,17,6,30.1,0.0,7.2,150.5,45.15
14365,2026-05-05,14,2,63.7,24.6,10.9,187.68,89.18
14366,2026-05-05,20,4,76.2,0.0,7.7,441.96,144.78
14367,2026-05-05,2,5,61.7,0.0,5.2,431.9,141.91
14368,2026-05-05,5,6,79.9,0.0,3.6,399.5,119.85
14369,2026-05-05,27,6,34.0,0.0,10.5,170.0,51.0
14370,2026-05-05,8,1,38.8,0.0,3.9,174.6,46.56
14371,2026-05-06,7,4,85.6,0.0,6.6,496.48,162.64
14372,2026-05-06,12,4,52.9,0.0,6.4,306.82,100.51
14373,2026-05-06,18,4,93.0,0.0,7.5,539.4,176.7
14374,2026-05-06,25,5,61.0,0.0,3.6,427.0,140.3
14375,2026-05-06,1,4,46.9,5.1,4.0,242.44,89.11
14376,2026-05-06,27,2,65.7,0.0,2.4,315.36,91.98
14377,2026-05-06,20,4,98.5,0.0,3.7,571.3,187.15
14378,2026-05-06,4,5,73.2,0.0,5.1,512.4,168.36
14379,2026-05-06,19,2,91.5,0.0,5.4,439.2,128.1
14380,2026-05-06,2,5,81.6,0.0,3.4,571.2,187.68
14381,2026-05-06,19,5,70.1,0.0,3.7,490.7,161.23
14382,2026-05-06,18,5,80.8,0.0,8.0,565.6,185.84
14383,2026-05-06,8,3,56.0,18.4,2.5,244.4,117.6
14384,2026-05-06,3,6,54.6,0.0,5.2,273.0,81.9
14385,2026-05-06,22,4,63.7,0.0,3.8,369.46,121.03
14386,2026-05-06,6,2,51.8,0.0,5.8,248.64,72.52
14387,2026-05-06,12,6,81.9,0.0,9.9,409.5,122.85
14388,2026-05-06,1,2,22.8,0.0,4.2,109.44,31.92
14389,2026-05-06,5,3,33.9,0.0,6.8,220.35,71.19
14390,2026-05-06,8,3,74.9,0.0,4.8,486.85,157.29
14391,2026-05-06,13,5,36.3,0.0,5.5,254.1,83.49
14392,2026-05-06,18,6,90.6,0.0,9.6,453.0,135.9
14393,2026-05-06,19,4,85.3,0.0,5.2,494.74,162.07
14394,2026-05-06,15,3,46.4,0.0,5.8,301.6,97.44
14395,2026-05-06,7,4,36.3,0.0,9.1,210.54,68.97
14396,2026-05-06,23,1,92.7,0.0,7.4,417.15,111.24
14397,2026-05-06,22,3,39.3,0.0,4.4,255.45,82.53
14398,2026-05-07,2,6,65.8,0.0,5.7,329.0,98.7
14399,2026-05-07,16,1,49.4,0.0,5.2,222.3,59.28
14400,2026-05-07,2,2,77.7,0.0,7.2,372.96,108.78
14401,2026-05-07,29,5,27.7,0.0,5.5,193.9,63.71
14402,2026-05-07,18,1,71.4,0.0,2.2,321.3,85.68
14403,2026-05-07,12,3,91.0,0.0,4.1,591.5,191.1
14404,2026-05-07,17,2,74.6,0.0,6.7,358.08,104.44
14405,2026-05-07,15,1,30.9,0.0,6.8,139.05,37.08
14406,2026-05-07,13,2,42.0,0.0,13.6,201.6,58.8
14407,2026-05-07,2,2,44.7,0.0,7.7,214.56,62.58
14408,2026-05-07,12,6,23.5,0.0,2.0,117.5,35.25
14409,2026-05-07,27,4,56.0,0.0,6.7,324.8,106.4
14410,2026-05-07,21,6,56.3,9.8,9.9,232.5,84.45
14411,2026-05-07,22,4,73.3,0.0,5.9,425.14,139.27
14412,2026-05-07,30,1,82.8,0.0,4.4,372.6,99.36
14413,2026-05-07,14,3,32.9,0.0,7.2,213.85,69.09
14414,2026-05-07,21,2,24.2,0.0,6.3,116.16,33.88
14415,2026-05-07,23,5,64.2,0.0,5.0,449.4,147.66
14416,2026-05-08,2,4,46.0,0.0,7.6,266.8,87.4
14417,2026-05-08,14,1,52.4,0.0,5.3,235.8,62.88
14418,2026-05-08,12,6,37.9,0.0,7.0,189.5,56.85
14419,2026-05-08,22,5,87.8,0.0,2.2,614.6,201.94
14420,2026-05-08,15,2,99.7,0.0,5.0,478.56,139.58
14421,2026-05-08,29,5,37.2,0.0,5.6,260.4,85.56
14422,2026-05-08,10,5,41.6,0.0,8.3,291.2,95.68
14423,2026-05-08,26,5,43.8,0.0,5.9,306.6,100.74
14424,2026-05-08,3,2,48.5,0.0,5.5,232.8,67.9
14425,2026-05-08,15,2,63.4,0.0,4.8,304.32,88.76
14426,2026-05-08,6,2,47.0,0.0,7.2,225.6,65.8
14427,2026-05-08,25,5,59.1,0.0,5.4,413.7,135.93
14428,2026-05-08,14,3,87.7,0.0,5.2,570.05,184.17
14429,2026-05-08,27,1,22.7,0.0,3.3,102.15,27.24
14430,2026-05-08,19,3,27.1,0.0,4.0,176.15,56.91
14431,2026-05-08,12,6,51.6,0.0,4.8,258.0,77.4
14432,2026-05-08,3,5,81.8,0.0,8.9,572.6,188.14
14433,2026-05-08,28,1,94.4,0.0,4.3,424.8,113.28
14434,2026-05-08,19,5,35.5,0.0,9.6,248.5,81.65
14435,2026-05-08,1,5,90.1,0.0,2.3,630.7,207.23
14436,2026-05-08,5,3,65.2,0.0,4.0,423.8,136.92
14437,2026-05-08,5,4,47.7,0.0,8.4,276.66,90.63
14438,2026-05-08,20,3,54.7,0.0,0.7,355.55,114.87
14439,2026-05-08,2,4,89.9,0.0,6.1,521.42,170.81
14440,2026-05-08,8,6,62.9,21.6,5.1,206.5,94.35
14441,2026-05-08,13,6,72.5,0.0,5.8,362.5,108.75
14442,2026-05-08,29,4,34.9,0.0,7.8,202.42,66.31
14443,2026-05-08,26,1,57.0,0.0,11.4,256.5,68.4
14444,2026-05-08,9,3,46.8,0.0,8.6,304.2,98.28
14445,2026-05-08,13,6,80.3,0.0,6.0,401.5,120.45
14446,2026-05-08,9,4,20.8,0.0,8.1,120.64,39.52
14447,2026-05-08,22,6,37.8,0.0,6.4,189.0,56.7
14448,2026-05-08,12,1,63.5,0.0,5.1,285.75,76.2
14449,2026-05-08,14,5,22.2,0.0,4.6,155.4,51.06
14450,2026-05-08,8,3,22.7,0.0,4.2,147.55,47.67
14451,2026-05-08,16,3,99.8,0.0,3.6,648.7,209.58
14452,2026-05-09,27,2,38.5,0.0,3.0,184.8,53.9
14453,2026-05-09,14,3,23.3,0.0,9.4,151.45,48.93
14454,2026-05-09,17,1,37.3,0.0,7.8,167.85,44.76
14455,2026-05-09,10,2,84.0,0.0,9.4,403.2,117.6
14456,2026-05-09,15,3,98.5,0.0,3.7,640.25,206.85
14457,2026-05-09,22,4,94.4,24.3,10.3,406.58,179.36
14458,2026-05-09,19,1,89.3,0.0,7.0,401.85,107.16
14459,2026-05-09,12,4,61.2,0.0,7.3,354.96,116.28
14460,2026-05-09,14,1,50.4,0.0,2.7,226.8,60.48
14461,2026-05-09,23,1,26.0,0.0,5.5,117.0,31.2
14462,2026-05-09,19,6,29.6,0.0,9.8,148.0,44.4
14463,2026-05-09,2,2,69.3,0.0,3.8,332.64,97.02
14464,2026-05-09,30,1,35.5,0.0,2.6,159.75,42.6
14465,2026-05-09,28,1,40.1,0.0,12.9,180.45,48.12
14466,2026-05-09,11,1,29.4,0.0,-0.0,132.3,35.28
14467,2026-05-09,9,3,94.9,0.0,8.6,616.85,199.29
14468,2026-05-09,9,5,68.9,0.0,1.7,482.3,158.47
14469,2026-05-09,13,3,94.4,0.0,3.8,613.6,198.24
14470,2026-05-09,6,1,20.8,0.0,3.6,93.6,24.96
14471,2026-05-09,6,4,86.1,0.0,2.9,499.38,163.59
14472,2026-05-09,9,3,28.6,0.0,7.3,185.9,60.06
14473,2026-05-09,22,1,45.4,0.0,10.0,204.3,54.48
14474,2026-05-09,6,6,74.4,0.0,4.8,372.0,111.6
14475,2026-05-09,4,5,80.7,0.0,8.7,564.9,185.61
14476,2026-05-09,8,4,58.8,0.0,8.9,341.04,111.72
14477,2026-05-10,1,6,50.4,0.0,3.4,252.0,75.6
14478,2026-05-10,8,6,75.1,0.0,9.8,375.5,112.65
14479,2026-05-10,28,1,75.0,0.0,4.6,337.5,90.0
14480,2026-05-10,21,6,78.2,0.0,7.1,391.0,117.3
14481,2026-05-10,21,4,80.1,0.0,7.1,464.58,152.19
14482,2026-05-10,15,3,40.3,0.0,6.4,261.95,84.63
14483,2026-05-10,21,4,33.9,0.0,7.9,196.62,64.41
14484,2026-05-10,23,5,48.7,0.0,-1.3,340.9,112.01
14485,2026-05-10,21,5,60.5,0.0,7.6,423.5,139.15
14486,2026-05-10,14,2,38.0,0.0,6.1,182.4,53.2
14487,2026-05-10,4,6,75.6,0.0,7.1,378.0,113.4
14488,2026-05-10,8,4,31.4,0.0,3.8,182.12,59.66
14489,2026-05-10,21,3,91.8,0.0,7.8,596.7,192.78
14490,2026-05-10,21,4,31.5,0.0,3.8,182.7,59.85
14491,2026-05-10,26,3,39.2,0.0,4.4,254.8,82.32
14492,2026-05-10,21,2,31.6,0.0,5.5,151.68,44.24
14493,2026-05-10,10,2,27.6,0.0,5.0,132.48,38.64
14494,2026-05-10,22,5,20.6,0.0,4.1,144.2,47.38
14495,2026-05-10,25,2,91.0,0.0,2.0,436.8,127.4
14496,2026-05-10,21,5,83.4,0.0,10.9,583.8,191.82
14497,2026-05-10,10,3,46.4,0.0,4.6,301.6,97.44
14498,2026-05-10,21,1,45.5,0.0,5.2,204.75,54.6
14499,2026-05-10,14,5,92.6,0.0,3.6,648.2,212.98
14500,2026-05-10,29,1,65.4,0.0,8.6,294.3,78.48
14501,2026-05-10,4,1,57.1,0.0,4.1,256.95,68.52
14502,2026-05-10,23,6,39.4,0.0,5.4,197.0,59.1
14503,2026-05-10,15,4,87.8,0.0,3.6,509.24,166.82
14504,2026-05-10,9,6,81.6,0.0,6.9,408.0,122.4
14505,2026-05-10,23,3,90.1,0.0,4.8,585.65,189.21
14506,2026-05-10,13,1,53.4,0.0,5.1,240.3,64.08
14507,2026-05-10,8,5,75.5,13.8,8.7,431.9,173.65
14508,2026-05-10,2,4,70.6,0.0,6.9,409.48,134.14
14509,2026-05-10,5,6,24.9,0.0,-0.8,124.5,37.35
14510,2026-05-10,25,6,68.4,0.0,5.0,342.0,102.6
14511,2026-05-10,21,4,67.6,0.0,2.2,392.08,128.44
14512,2026-05-10,16,6,67.3,0.0,5.2,336.5,100.95
14513,2026-05-10,28,2,29.8,0.0,-0.3,143.04,41.72
14514,2026-05-10,25,3,71.4,0.0,1.4,464.1,149.94
14515,2026-05-10,3,5,90.4,0.0,5.2,632.8,207.92
14516,2026-05-10,23,6,63.9,0.0,5.7,319.5,95.85
14517,2026-05-10,30,5,71.0,0.0,4.7,497.0,163.3
14518,2026-05-10,5,4,23.2,0.0,5.8,134.56,44.08
14519,2026-05-10,9,1,80.1,0.0,4.7,360.45,96.12
14520,2026-05-10,2,3,93.5,0.0,5.7,607.75,196.35
14521,2026-05-10,24,4,31.2,0.0,1.9,180.96,59.28
14522,2026-05-11,18,2,86.7,0.0,7.5,416.16,121.38
14523,2026-05-11,10,6,79.5,0.0,6.2,397.5,119.25
14524,2026-05-11,13,4,86.3,0.0,6.7,500.54,163.97
14525,2026-05-11,24,1,62.4,0.0,5.8,280.8,74.88
14526,2026-05-11,15,5,29.1,0.0,6.7,203.7,66.93
14527,2026-05-11,24,1,97.4,0.0,4.8,438.3,116.88
14528,2026-05-11,15,2,96.8,0.0,5.4,464.64,135.52
14529,2026-05-11,4,4,83.9,0.0,5.1,486.62,159.41
14530,2026-05-11,9,6,64.1,0.0,2.7,320.5,96.15
14531,2026-05-11,13,3,53.3,0.0,7.0,346.45,111.93
14532,2026-05-11,25,6,66.2,0.0,2.5,331.0,99.3
14533,2026-05-11,25,3,57.3,0.0,6.2,372.45,120.33
14534,2026-05-11,29,3,51.5,0.0,5.7,334.75,108.15
14535,2026-05-11,26,4,85.5,0.0,4.8,495.9,162.45
14536,2026-05-11,3,1,26.7,0.0,2.5,120.15,32.04
14537,2026-05-11,14,1,60.2,0.0,8.8,270.9,72.24
14538,2026-05-11,15,2,69.1,0.0,9.7,331.68,96.74
14539,2026-05-11,26,3,68.6,0.0,10.6,445.9,144.06
14540,2026-05-11,8,2,54.0,0.0,6.5,259.2,75.6
14541,2026-05-11,17,3,52.3,0.0,5.8,339.95,109.83
14542,2026-05-11,12,3,33.0,0.0,6.9,214.5,69.3
14543,2026-05-11,14,5,32.8,0.0,3.5,229.6,75.44
14544,2026-05-11,15,3,73.2,0.0,2.1,475.8,153.72
14545,2026-05-11,28,3,36.0,0.0,7.6,234.0,75.6
14546,2026-05-11,2,1,72.2,0.0,7.7,324.9,86.64
14547,2026-05-11,7,5,87.4,0.0,4.4,611.8,201.02
14548,2026-05-11,21,3,30.2,0.0,0.1,196.3,63.42
14549,2026-05-11,15,1,32.7,0.0,3.2,147.15,39.24
14550,2026-05-12,9,6,24.2,0.0,9.2,121.0,36.3
14551,2026-05-12,26,6,85.7,0.0,4.4,428.5,128.55
14552,2026-05-12,13,4,69.3,0.0,8.3,401.94,131.67
14553,2026-05-12,11,3,30.0,10.2,12.0,128.7,63.0
14554,2026-05-12,27,2,82.3,0.0,9.6,395.04,115.22
14555,2026-05-12,17,5,79.6,0.0,1.1,557.2,183.08
14556,2026-05-12,22,3,56.8,21.1,10.4,232.05,119.28
14557,2026-05-12,18,1,95.5,0.0,5.8,429.75,114.6
14558,2026-05-12,3,5,25.2,0.0,4.7,176.4,57.96
14559,2026-05-12,15,5,82.4,0.0,6.4,576.8,189.52
14560,2026-05-12,21,1,25.3,0.0,7.7,113.85,30.36
14561,2026-05-12,9,5,27.0,0.0,8.9,189.0,62.1
14562,2026-05-12,7,4,44.4,0.0,10.8,257.52,84.36
14563,2026-05-12,8,5,83.4,0.0,4.0,583.8,191.82
14564,2026-05-12,1,3,89.5,0.0,1.8,581.75,187.95
14565,2026-05-12,1,6,27.0,0.0,5.7,135.0,40.5
14566,2026-05-12,20,4,61.2,0.0,0.4,354.96,116.28
14567,2026-05-13,27,4,23.7,0.0,7.1,137.46,45.03
14568,2026-05-13,30,4,97.4,0.0,7.0,564.92,185.06
14569,2026-05-13,16,1,34.0,0.0,5.6,153.0,40.8
14570,2026-05-13,4,6,82.9,0.0,4.7,414.5,124.35
14571,2026-05-13,16,3,39.9,0.0,2.2,259.35,83.79
14572,2026-05-13,12,6,27.6,0.0,3.9,138.0,41.4
14573,2026-05-13,13,4,74.4,0.0,5.8,431.52,141.36
14574,2026-05-13,11,1,93.8,0.0,4.5,422.1,112.56
14575,2026-05-13,25,2,80.0,0.0,6.1,384.0,112.0
14576,2026-05-13,14,4,39.6,0.0,7.7,229.68,75.24
14577,2026-05-13,25,6,87.4,0.0,9.5,437.0,131.1
14578,2026-05-13,18,1,72.5,0.0,3.2,326.25,87.0
14579,2026-05-13,19,3,92.6,0.0,7.5,601.9,194.46
14580,2026-05-13,14,4,20.4,0.0,6.4,118.32,38.76
14581,2026-05-13,2,3,32.8,0.0,7.3,213.2,68.88
14582,2026-05-13,11,4,96.2,0.0,6.6,557.96,182.78
14583,2026-05-13,19,6,49.4,0.0,3.8,247.0,74.1
14584,2026-05-13,30,1,66.4,0.0,7.4,298.8,79.68
14585,2026-05-13,21,4,24.7,0.0,6.6,143.26,46.93
14586,2026-05-14,2,2,74.9,0.0,4.0,359.52,104.86
14587,2026-05-14,15,3,93.2,0.0,7.2,605.8,195.72
14588,2026-05-14,20,5,98.9,0.0,12.0,692.3,227.47
14589,2026-05-14,3,3,94.7,0.0,5.9,615.55,198.87
14590,2026-05-14,7,6,24.2,0.0,5.9,121.0,36.3
14591,2026-05-14,23,1,44.1,0.0,-0.6,198.45,52.92
14592,2026-05-14,14,3,61.9,0.0,3.1,402.35,129.99
14593,2026-05-14,9,3,86.9,0.0,8.6,564.85,182.49
14594,2026-05-14,29,4,31.1,0.0,3.2,180.38,59.09
14595,2026-05-14,2,6,69.5,0.0,4.8,347.5,104.25
14596,2026-05-14,7,2,71.0,0.0,7.0,340.8,99.4
14597,2026-05-14,15,4,66.4,0.0,6.3,385.12,126.16
14598,2026-05-14,13,3,32.0,0.0,5.2,208.0,67.2
14599,2026-05-14,29,6,47.5,0.0,2.3,237.5,71.25
14600,2026-05-14,27,2,25.2,0.0,10.6,120.96,35.28
14601,2026-05-14,22,1,66.0,0.0,3.6,297.0,79.2
14602,2026-05-14,7,4,70.4,0.0,6.3,408.32,133.76
14603,2026-05-15,13,5,84.0,0.0,6.2,588.0,193.2
14604,2026-05-15,20,3,43.2,0.0,5.0,280.8,90.72
14605,2026-05-15,28,6,83.0,0.0,5.1,415.0,124.5
14606,2026-05-15,21,4,69.1,0.0,5.9,400.78,131.29
14607,2026-05-15,5,1,91.8,0.0,0.3,413.1,110.16
14608,2026-05-15,30,6,77.7,0.0,7.5,388.5,116.55
14609,2026-05-15,8,2,57.4,0.0,6.3,275.52,80.36
14610,2026-05-15,5,1,84.4,0.0,3.5,379.8,101.28
14611,2026-05-15,29,6,95.5,0.0,6.2,477.5,143.25
14612,2026-05-15,3,5,45.3,0.0,1.3,317.1,104.19
14613,2026-05-15,11,1,21.6,0.0,6.1,97.2,25.92
14614,2026-05-15,30,1,29.8,0.0,7.3,134.1,35.76
14615,2026-05-15,24,3,25.0,0.0,6.7,162.5,52.5
14616,2026-05-15,25,3,36.9,0.0,10.0,239.85,77.49
14617,2026-05-15,7,6,86.6,0.0,6.8,433.0,129.9
14618,2026-05-15,10,3,24.7,0.0,3.5,160.55,51.87
14619,2026-05-15,5,3,35.3,0.0,5.6,229.45,74.13
14620,2026-05-15,29,3,86.7,0.0,3.6,563.55,182.07
14621,2026-05-15,23,6,34.8,0.0,10.4,174.0,52.2
14622,2026-05-15,17,3,90.6,0.0,6.5,588.9,190.26
14623,2026-05-15,9,3,92.4,0.0,6.5,600.6,194.04
14624,2026-05-15,10,6,24.5,0.0,5.6,122.5,36.75
14625,2026-05-15,4,2,60.3,16.1,3.0,212.16,84.42
14626,2026-05-15,26,6,73.0,0.0,5.7,365.0,109.5
14627,2026-05-15,28,2,74.4,0.0,2.3,357.12,104.16
14628,2026-05-15,11,2,89.6,0.0,10.0,430.08,125.44
14629,2026-05-15,10,6,31.2,0.0,2.5,156.0,46.8
14630,2026-05-15,6,1,27.5,0.0,2.1,123.75,33.0
14631,2026-05-15,25,2,25.0,0.0,2.6,120.0,35.0
14632,2026-05-15,16,6,84.3,0.0,5.8,421.5,126.45
14633,2026-05-15,5,5,28.7,0.0,11.1,200.9,66.01
14634,2026-05-15,26,6,34.3,0.0,3.0,171.5,51.45
14635,2026-05-15,23,3,70.7,0.0,4.8,459.55,148.47
14636,2026-05-15,4,4,82.3,0.0,9.1,477.34,156.37
14637,2026-05-15,25,3,98.2,0.0,5.9,638.3,206.22
14638,2026-05-15,4,2,87.9,0.0,6.0,421.92,123.06
14639,2026-05-15,1,5,63.2,0.0,8.7,442.4,145.36
14640,2026-05-15,25,4,78.0,0.0,6.4,452.4,148.2
14641,2026-05-15,14,2,64.0,0.0,4.6,307.2,89.6
14642,2026-05-15,18,6,84.3,0.0,1.9,421.5,126.45
14643,2026-05-15,13,4,51.6,0.0,9.3,299.28,98.04
14644,2026-05-15,13,6,42.8,0.0,7.7,214.0,64.2
14645,2026-05-15,27,1,79.4,0.0,4.8,357.3,95.28
14646,2026-05-15,15,5,89.9,0.0,9.1,629.3,206.77
14647,2026-05-15,7,1,72.1,0.0,7.1,324.45,86.52
14648,2026-05-15,26,5,61.2,0.0,6.6,428.4,140.76
14649,2026-05-15,10,5,59.3,0.0,3.4,415.1,136.39
14650,2026-05-15,1,4,41.2,0.0,6.9,238.96,78.28
14651,2026-05-15,11,6,38.3,0.0,8.4,191.5,57.45
14652,2026-05-16,3,6,77.8,0.0,11.8,389.0,116.7
14653,2026-05-16,23,4,56.5,0.0,9.0,327.7,107.35
14654,2026-05-16,28,3,74.8,0.0,5.2,486.2,157.08
14655,2026-05-16,16,5,27.5,0.0,3.5,192.5,63.25
14656,2026-05-16,29,6,23.1,0.0,5.2,115.5,34.65
14657,2026-05-16,11,3,90.4,0.0,8.0,587.6,189.84
14658,2026-05-16,2,5,81.6,0.0,2.6,571.2,187.68
14659,2026-05-16,3,4,78.4,0.0,3.8,454.72,148.96
14660,2026-05-16,29,4,26.4,0.0,1.6,153.12,50.16
14661,2026-05-16,14,6,98.7,0.0,7.1,493.5,148.05
14662,2026-05-16,28,3,82.0,0.0,5.8,533.0,172.2
14663,2026-05-16,17,3,51.5,0.0,8.1,334.75,108.15
14664,2026-05-16,21,4,95.6,0.0,3.6,554.48,181.64
14665,2026-05-16,7,5,90.0,0.0,1.2,630.0,207.0
14666,2026-05-16,20,2,30.9,0.0,7.4,148.32,43.26
14667,2026-05-16,4,2,23.7,0.0,6.3,113.76,33.18
14668,2026-05-16,3,2,64.6,0.0,5.3,310.08,90.44
14669,2026-05-16,29,2,88.9,0.0,10.5,426.72,124.46
14670,2026-05-16,7,4,20.8,0.0,8.6,120.64,39.52
14671,2026-05-16,3,2,21.8,0.0,6.9,104.64,30.52
14672,2026-05-16,23,6,28.4,0.0,8.6,142.0,42.6
14673,2026-05-16,10,5,85.0,0.0,4.5,595.0,195.5
14674,2026-05-16,20,5,72.8,0.0,3.7,509.6,167.44
14675,2026-05-16,6,3,62.6,0.0,3.0,406.9,131.46
14676,2026-05-16,23,1,51.6,0.0,10.5,232.2,61.92
14677,2026-05-16,28,5,58.7,0.0,6.5,410.9,135.01
14678,2026-05-16,16,3,47.8,0.0,3.9,310.7,100.38
14679,2026-05-17,10,6,49.5,0.0,5.1,247.5,74.25
14680,2026-05-17,15,4,31.3,0.0,9.5,181.54,59.47
14681,2026-05-17,18,4,54.1,6.1,9.3,278.4,102.79
14682,2026-05-17,18,6,87.1,0.0,5.8,435.5,130.65
14683,2026-05-17,19,5,90.6,0.0,4.4,634.2,208.38
14684,2026-05-17,12,1,58.5,0.0,4.8,263.25,70.2
14685,2026-05-17,27,5,43.6,0.0,3.9,305.2,100.28
14686,2026-05-17,25,5,25.1,0.0,7.0,175.7,57.73
14687,2026-05-17,7,1,57.2,0.0,11.1,257.4,68.64
14688,2026-05-17,5,6,88.2,0.0,5.5,441.0,132.3
14689,2026-05-17,7,3,89.8,0.0,9.7,583.7,188.58
14690,2026-05-17,3,4,86.5,0.0,4.7,501.7,164.35
14691,2026-05-17,7,3,78.0,0.0,7.2,507.0,163.8
14692,2026-05-17,6,4,54.8,0.0,5.4,317.84,104.12
14693,2026-05-17,4,4,69.3,0.0,5.7,401.94,131.67
14694,2026-05-17,22,4,41.0,0.0,3.9,237.8,77.9
14695,2026-05-17,28,5,27.4,0.0,5.8,191.8,63.02
14696,2026-05-17,3,3,56.6,0.0,6.3,367.9,118.86
14697,2026-05-17,4,1,98.2,0.0,6.0,441.9,117.84
14698,2026-05-17,5,5,32.1,5.6,13.0,185.5,73.83
14699,2026-05-17,13,4,67.5,0.0,2.4,391.5,128.25
14700,2026-05-17,11,2,90.7,0.0,5.7,435.36,126.98
14701,2026-05-17,5,2,98.0,0.0,4.8,470.4,137.2
14702,2026-05-17,20,1,45.2,0.0,6.5,203.4,54.24
14703,2026-05-17,11,6,61.5,0.0,8.9,307.5,92.25
14704,2026-05-17,24,1,65.0,0.0,2.8,292.5,78.0
14705,2026-05-17,24,6,97.8,0.0,5.5,489.0,146.7
14706,2026-05-17,30,4,25.2,0.0,6.4,146.16,47.88
14707,2026-05-17,22,4,71.0,0.0,6.5,411.8,134.9
14708,2026-05-17,24,6,56.3,0.0,5.6,281.5,84.45
14709,2026-05-17,19,5,98.7,0.0,6.1,690.9,227.01
14710,2026-05-17,3,2,68.5,0.0,5.0,328.8,95.9
14711,2026-05-17,12,2,75.9,0.0,6.0,364.32,106.26
14712,2026-05-17,7,6,71.9,15.8,9.8,280.5,107.85
14713,2026-05-17,5,5,88.6,0.0,2.4,620.2,203.78
14714,2026-05-17,5,5,42.7,0.0,5.2,298.9,98.21
14715,2026-05-17,17,1,55.5,0.0,4.5,249.75,66.6
14716,2026-05-17,5,6,93.0,0.0,6.1,465.0,139.5
14717,2026-05-17,6,1,68.5,0.0,4.7,308.25,82.2
14718,2026-05-17,30,1,32.8,0.0,5.4,147.6,39.36
14719,2026-05-17,18,4,32.3,0.0,9.6,187.34,61.37
14720,2026-05-17,29,4,32.7,0.0,6.1,189.66,62.13
14721,2026-05-17,21,2,73.3,22.8,6.3,242.4,102.62
14722,2026-05-17,10,6,55.9,0.0,7.3,279.5,83.85
14723,2026-05-17,4,3,83.2,0.0,7.3,540.8,174.72
14724,2026-05-17,13,1,51.6,0.0,8.1,232.2,61.92
14725,2026-05-17,18,2,30.4,0.0,3.2,145.92,42.56
14726,2026-05-17,4,6,70.0,0.0,3.1,350.0,105.0
14727,2026-05-18,16,3,100.0,0.0,2.3,650.0,210.0
14728,2026-05-18,19,2,86.6,0.0,4.1,415.68,121.24
14729,2026-05-18,10,4,93.8,0.0,7.0,544.04,178.22
14730,2026-05-18,10,2,92.7,0.0,3.9,444.96,129.78
14731,2026-05-18,15,2,54.8,0.0,1.7,263.04,76.72
14732,2026-05-18,23,4,74.5,0.0,11.1,432.1,141.55
14733,2026-05-18,30,3,92.5,0.0,12.8,601.25,194.25
14734,2026-05-18,28,3,22.0,0.0,9.1,143.0,46.2
14735,2026-05-18,10,4,99.6,0.0,6.3,577.68,189.24
14736,2026-05-18,12,4,47.7,0.0,6.5,276.66,90.63
14737,2026-05-18,4,1,38.4,0.0,3.1,172.8,46.08
14738,2026-05-18,8,6,32.8,0.0,8.5,164.0,49.2
14739,2026-05-18,1,5,96.7,0.0,4.8,676.9,222.41
14740,2026-05-18,19,2,21.3,0.0,8.5,102.24,29.82
14741,2026-05-18,1,2,93.6,0.0,6.8,449.28,131.04
14742,2026-05-18,28,5,43.5,0.0,1.5,304.5,100.05
14743,2026-05-18,11,4,83.8,0.0,4.0,486.04,159.22
14744,2026-05-18,28,2,89.2,0.0,2.6,428.16,124.88
14745,2026-05-18,15,3,44.7,0.0,6.6,290.55,93.87
14746,2026-05-19,7,1,85.7,0.0,3.7,385.65,102.84
14747,2026-05-19,27,1,36.7,0.0,3.7,165.15,44.04
14748,2026-05-19,14,6,21.3,5.6,8.7,78.5,31.95
14749,2026-05-19,19,2,62.5,0.0,8.8,300.0,87.5
14750,2026-05-19,25,5,26.5,0.0,5.8,185.5,60.95
14751,2026-05-19,4,6,64.6,0.0,5.1,323.0,96.9
14752,2026-05-19,27,2,98.5,0.0,7.7,472.8,137.9
14753,2026-05-19,20,4,75.1,0.0,6.1,435.58,142.69
14754,2026-05-19,1,5,95.9,31.7,9.2,449.4,220.57
14755,2026-05-19,25,3,41.9,0.0,4.0,272.35,87.99
14756,2026-05-19,2,3,83.6,0.0,5.5,543.4,175.56
14757,2026-05-19,25,4,89.5,0.0,4.7,519.1,170.05
14758,2026-05-19,25,4,81.0,0.0,6.5,469.8,153.9
14759,2026-05-19,10,5,63.8,0.0,9.4,446.6,146.74
14760,2026-05-19,30,1,91.7,0.0,6.4,412.65,110.04
14761,2026-05-19,7,3,87.7,0.0,3.2,570.05,184.17
14762,2026-05-19,30,6,85.1,0.0,3.5,425.5,127.65
14763,2026-05-19,15,5,51.9,0.0,3.0,363.3,119.37
14764,2026-05-19,14,3,28.2,0.0,6.5,183.3,59.22
14765,2026-05-19,28,5,50.2,0.0,6.7,351.4,115.46
14766,2026-05-19,30,4,54.7,0.0,8.4,317.26,103.93
14767,2026-05-19,6,3,80.9,0.0,7.4,525.85,169.89
14768,2026-05-19,8,6,40.3,0.0,4.4,201.5,60.45
14769,2026-05-19,20,1,42.5,0.0,8.8,191.25,51.0
14770,2026-05-19,17,5,36.8,0.0,6.5,257.6,84.64
14771,2026-05-20,16,1,70.3,0.0,8.7,316.35,84.36
14772,2026-05-20,29,4,55.6,0.0,9.5,322.48,105.64
14773,2026-05-20,25,2,39.1,0.0,6.4,187.68,54.74
14774,2026-05-20,5,3,65.3,0.0,5.1,424.45,137.13
14775,2026-05-20,19,6,33.9,0.0,3.2,169.5,50.85
14776,2026-05-20,1,3,31.2,0.0,6.9,202.8,65.52
14777,2026-05-20,14,1,30.2,0.0,7.8,135.9,36.24
14778,2026-05-20,22,6,71.3,0.0,5.2,356.5,106.95
14779,2026-05-20,29,6,95.4,0.0,6.6,477.0,143.1
14780,2026-05-20,10,6,96.3,0.0,3.0,481.5,144.45
14781,2026-05-20,11,5,66.6,0.0,10.9,466.2,153.18
14782,2026-05-20,13,4,28.8,0.0,3.9,167.04,54.72
14783,2026-05-20,30,3,44.7,0.0,5.1,290.55,93.87
14784,2026-05-20,27,6,73.2,0.0,7.7,366.0,109.8
14785,2026-05-20,26,6,69.0,0.0,5.5,345.0,103.5
14786,2026-05-21,19,3,53.7,0.0,5.2,349.05,112.77
14787,2026-05-21,16,2,35.3,0.0,6.1,169.44,49.42
14788,2026-05-21,19,6,46.6,9.1,6.2,187.5,69.9
14789,2026-05-21,26,5,31.6,0.0,5.0,221.2,72.68
14790,2026-05-21,6,4,87.5,0.0,3.3,507.5,166.25
14791,2026-05-21,25,5,23.0,0.0,2.0,161.0,52.9
14792,2026-05-21,12,4,48.9,0.0,3.9,283.62,92.91
14793,2026-05-21,13,3,68.3,0.0,7.7,443.95,143.43
14794,2026-05-21,12,4,96.5,0.0,4.6,559.7,183.35
14795,2026-05-21,3,2,84.5,0.0,6.3,405.6,118.3
14796,2026-05-21,24,3,43.9,0.0,7.1,285.35,92.19
14797,2026-05-21,17,5,51.4,0.0,6.3,359.8,118.22
14798,2026-05-21,10,5,57.7,10.4,5.4,331.1,132.71
14799,2026-05-21,2,4,71.5,0.0,7.9,414.7,135.85
14800,2026-05-21,17,5,46.2,0.0,5.0,323.4,106.26
14801,2026-05-21,20,3,43.7,0.0,4.6,284.05,91.77
14802,2026-05-21,16,6,75.2,0.0,6.1,376.0,112.8
14803,2026-05-21,11,6,88.0,0.0,7.9,440.0,132.0
14804,2026-05-21,25,1,69.4,0.0,7.7,312.3,83.28
14805,2026-05-21,15,4,40.9,0.0,7.0,237.22,77.71
14806,2026-05-21,10,6,64.1,0.0,5.4,320.5,96.15
14807,2026-05-21,5,3,35.3,0.0,7.7,229.45,74.13
14808,2026-05-21,1,1,99.2,0.0,4.0,446.4,119.04
14809,2026-05-21,3,5,24.9,0.0,8.5,174.3,57.27
14810,2026-05-21,28,2,83.0,0.0,7.4,398.4,116.2
14811,2026-05-21,10,6,55.0,0.0,3.5,275.0,82.5
14812,2026-05-21,17,2,53.1,0.0,4.9,254.88,74.34
14813,2026-05-21,18,3,27.3,0.0,9.2,177.45,57.33
14814,2026-05-21,22,2,28.2,0.0,6.9,135.36,39.48
14815,2026-05-21,26,5,87.3,0.0,5.1,611.1,200.79
14816,2026-05-21,30,5,41.8,0.0,4.1,292.6,96.14
14817,2026-05-21,27,2,45.8,0.0,9.0,219.84,64.12
14818,2026-05-21,12,5,90.5,0.0,7.4,633.5,208.15
14819,2026-05-22,24,3,44.6,0.0,4.1,289.9,93.66
14820,2026-05-22,24,4,51.5,0.0,3.5,298.7,97.85
14821,2026-05-22,23,6,78.7,0.0,1.6,393.5,118.05
14822,2026-05-22,28,1,86.4,0.0,5.7,388.8,103.68
14823,2026-05-22,16,2,89.0,0.0,6.2,427.2,124.6
14824,2026-05-22,6,1,29.9,10.5,9.4,87.3,35.88
14825,2026-05-22,20,1,59.8,0.0,4.3,269.1,71.76
14826,2026-05-22,20,1,86.4,0.0,3.6,388.8,103.68
14827,2026-05-22,19,4,51.5,0.0,9.1,298.7,97.85
14828,2026-05-22,15,4,58.9,0.0,4.7,341.62,111.91
14829,2026-05-22,19,5,87.2,23.7,3.3,444.5,200.56
14830,2026-05-22,16,3,67.5,0.0,6.6,438.75,141.75
14831,2026-05-22,10,4,68.5,0.0,5.6,397.3,130.15
14832,2026-05-22,3,1,29.7,0.0,2.9,133.65,35.64
14833,2026-05-22,6,3,89.5,0.0,7.8,581.75,187.95
14834,2026-05-22,12,5,23.3,0.0,6.2,163.1,53.59
14835,2026-05-22,1,4,61.4,13.3,11.5,278.98,116.66
14836,2026-05-22,23,6,55.6,0.0,6.3,278.0,83.4
14837,2026-05-22,6,1,62.8,0.0,8.9,282.6,75.36
14838,2026-05-22,9,4,60.7,0.0,1.5,352.06,115.33
14839,2026-05-22,27,4,59.8,0.0,7.6,346.84,113.62
14840,2026-05-22,22,1,93.3,0.0,7.9,419.85,111.96
14841,2026-05-22,19,5,61.0,0.0,6.1,427.0,140.3
14842,2026-05-22,13,2,36.9,0.0,4.8,177.12,51.66
14843,2026-05-22,25,1,75.5,0.0,9.3,339.75,90.6
14844,2026-05-22,30,5,98.6,0.0,7.1,690.2,226.78
14845,2026-05-22,28,5,36.1,0.0,3.0,252.7,83.03
14846,2026-05-22,18,5,92.4,0.0,8.1,646.8,212.52
14847,2026-05-22,25,6,43.9,0.0,8.3,219.5,65.85
14848,2026-05-22,29,4,30.2,0.0,7.7,175.16,57.38
14849,2026-05-22,27,6,87.1,0.0,0.4,435.5,130.65
14850,2026-05-22,29,2,27.9,0.0,7.2,133.92,39.06
14851,2026-05-22,5,3,82.0,0.0,2.4,533.0,172.2
14852,2026-05-22,22,5,77.1,0.0,4.7,539.7,177.33
14853,2026-05-22,26,3,86.8,0.0,5.6,564.2,182.28
14854,2026-05-22,18,1,97.6,23.2,10.8,334.8,117.12
14855,2026-05-22,12,5,85.6,0.0,8.6,599.2,196.88
14856,2026-05-22,10,2,51.6,0.0,7.8,247.68,72.24
14857,2026-05-22,27,1,74.4,0.0,8.0,334.8,89.28
14858,2026-05-23,27,1,24.6,0.0,0.7,110.7,29.52
14859,2026-05-23,13,3,85.4,0.0,7.3,555.1,179.34
14860,2026-05-23,2,2,71.2,0.0,5.9,341.76,99.68
14861,2026-05-23,3,4,25.7,0.0,5.2,149.06,48.83
14862,2026-05-23,9,1,40.2,0.0,6.6,180.9,48.24
14863,2026-05-23,9,5,72.5,0.0,5.7,507.5,166.75
14864,2026-05-23,14,3,67.4,0.0,7.1,438.1,141.54
14865,2026-05-23,3,4,70.1,0.0,3.1,406.58,133.19
14866,2026-05-23,8,4,30.4,0.0,6.8,176.32,57.76
14867,2026-05-23,15,4,37.3,0.0,7.0,216.34,70.87
14868,2026-05-23,1,1,88.3,0.0,3.9,397.35,105.96
14869,2026-05-23,22,6,37.1,0.0,5.2,185.5,55.65
14870,2026-05-23,17,4,42.7,0.0,7.0,247.66,81.13
14871,2026-05-23,28,3,31.3,0.0,3.7,203.45,65.73
14872,2026-05-23,17,6,23.4,9.0,10.3,72.0,35.1
14873,2026-05-23,3,6,91.9,18.9,10.0,365.0,137.85
14874,2026-05-23,19,6,42.2,0.0,3.4,211.0,63.3
14875,2026-05-23,19,1,68.0,0.0,2.7,306.0,81.6
14876,2026-05-23,20,6,50.3,0.0,9.8,251.5,75.45
14877,2026-05-23,3,2,98.1,0.0,0.3,470.88,137.34
14878,2026-05-23,8,5,44.4,0.0,7.3,310.8,102.12
14879,2026-05-23,19,4,79.8,0.0,7.2,462.84,151.62
14880,2026-05-23,9,4,21.0,0.0,2.3,121.8,39.9
14881,2026-05-23,14,3,63.7,0.0,7.5,414.05,133.77
14882,2026-05-23,20,2,33.7,0.0,10.8,161.76,47.18
14883,2026-05-23,12,1,61.0,0.0,6.5,274.5,73.2
14884,2026-05-23,16,3,90.3,0.0,7.9,586.95,189.63
14885,2026-05-23,17,2,57.3,0.0,7.4,275.04,80.22
14886,2026-05-23,19,6,37.5,0.0,9.2,187.5,56.25
14887,2026-05-23,27,5,98.9,0.0,8.6,692.3,227.47
14888,2026-05-23,30,1,72.8,0.0,6.6,327.6,87.36
14889,2026-05-23,1,3,38.2,0.0,2.8,248.3,80.22
14890,2026-05-23,26,6,49.4,0.0,10.5,247.0,74.1
14891,2026-05-23,26,3,77.9,0.0,8.0,506.35,163.59
14892,2026-05-23,1,1,92.3,0.0,7.3,415.35,110.76
14893,2026-05-23,21,2,61.6,0.0,6.5,295.68,86.24
14894,2026-05-23,21,2,91.5,0.0,8.1,439.2,128.1
14895,2026-05-23,23,3,43.9,6.4,7.8,243.75,92.19
14896,2026-05-23,2,3,82.1,0.0,8.5,533.65,172.41
14897,2026-05-24,10,2,77.0,0.0,7.5,369.6,107.8
14898,2026-05-24,12,1,78.2,0.0,8.0,351.9,93.84
14899,2026-05-24,8,6,80.8,0.0,6.8,404.0,121.2
14900,2026-05-24,10,1,88.4,0.0,10.6,397.8,106.08
14901,2026-05-24,21,3,51.3,0.0,7.1,333.45,107.73
14902,2026-05-24,22,2,97.7,0.0,5.1,468.96,136.78
14903,2026-05-24,28,4,37.3,11.2,8.4,151.38,70.87
14904,2026-05-24,19,1,29.1,0.0,12.7,130.95,34.92
14905,2026-05-24,7,2,93.0,0.0,4.7,446.4,130.2
14906,2026-05-24,28,4,86.9,0.0,1.9,504.02,165.11
14907,2026-05-24,12,1,56.3,0.0,7.0,253.35,67.56
14908,2026-05-24,14,2,47.0,0.0,6.8,225.6,65.8
14909,2026-05-24,22,5,47.3,0.0,6.1,331.1,108.79
14910,2026-05-24,6,3,91.8,0.0,6.8,596.7,192.78
14911,2026-05-24,20,5,89.3,0.0,9.3,625.1,205.39
14912,2026-05-24,18,5,80.4,0.0,3.1,562.8,184.92
14913,2026-05-24,5,1,32.7,0.0,5.1,147.15,39.24
14914,2026-05-24,15,3,69.3,0.0,8.7,450.45,145.53
14915,2026-05-24,13,3,98.2,0.0,6.9,638.3,206.22
14916,2026-05-24,5,3,74.6,0.0,2.3,484.9,156.66
14917,2026-05-24,6,3,86.8,0.0,3.1,564.2,182.28
14918,2026-05-24,24,1,35.6,0.0,5.8,160.2,42.72
14919,2026-05-24,15,3,57.7,0.0,2.3,375.05,121.17
14920,2026-05-24,20,3,30.2,0.0,9.0,196.3,63.42
14921,2026-05-24,26,2,81.0,0.0,5.5,388.8,113.4
14922,2026-05-24,21,4,83.8,0.0,10.1,486.04,159.22
14923,2026-05-24,3,1,50.5,0.0,6.7,227.25,60.6
14924,2026-05-24,19,2,69.3,0.0,7.6,332.64,97.02
14925,2026-05-24,4,1,91.8,0.0,3.9,413.1,110.16
14926,2026-05-24,1,2,95.9,0.0,5.1,460.32,134.26
14927,2026-05-25,4,2,33.7,0.0,7.8,161.76,47.18
14928,2026-05-25,25,6,64.6,0.0,6.3,323.0,96.9
14929,2026-05-25,16,4,43.2,0.0,3.9,250.56,82.08
14930,2026-05-25,16,6,91.5,0.0,5.2,457.5,137.25
14931,2026-05-25,19,6,32.6,0.0,5.6,163.0,48.9
14932,2026-05-25,26,6,32.4,0.0,2.8,162.0,48.6
14933,2026-05-25,3,6,98.8,0.0,9.2,494.0,148.2
14934,2026-05-25,25,2,76.4,0.0,5.4,366.72,106.96
14935,2026-05-25,16,6,36.3,0.0,2.2,181.5,54.45
14936,2026-05-25,4,1,72.1,0.0,6.1,324.45,86.52
14937,2026-05-25,15,5,94.8,0.0,8.5,663.6,218.04
14938,2026-05-25,28,5,71.9,0.0,7.6,503.3,165.37
14939,2026-05-25,10,5,73.5,0.0,10.2,514.5,169.05
14940,2026-05-25,2,2,61.4,0.0,3.8,294.72,85.96
14941,2026-05-25,27,6,29.1,0.0,8.9,145.5,43.65
14942,2026-05-25,12,4,66.3,0.0,6.4,384.54,125.97
14943,2026-05-25,2,6,56.5,0.0,8.4,282.5,84.75
14944,2026-05-25,1,3,37.5,0.0,8.1,243.75,78.75
14945,2026-05-25,28,6,25.5,0.0,1.0,127.5,38.25
14946,2026-05-25,15,2,95.5,0.0,8.3,458.4,133.7
14947,2026-05-25,1,6,93.0,0.0,7.5,465.0,139.5
14948,2026-05-25,29,5,48.5,0.0,8.4,339.5,111.55
14949,2026-05-25,25,1,37.8,0.0,6.3,170.1,45.36
14950,2026-05-25,25,3,24.3,0.0,8.0,157.95,51.03
14951,2026-05-25,15,6,76.4,0.0,6.5,382.0,114.6
14952,2026-05-25,26,1,75.1,0.0,9.7,337.95,90.12
14953,2026-05-25,27,2,75.5,0.0,-1.4,362.4,105.7
14954,2026-05-25,6,3,32.4,0.0,4.9,210.6,68.04
14955,2026-05-25,30,4,36.0,0.0,8.7,208.8,68.4
14956,2026-05-25,25,1,52.0,0.0,4.0,234.0,62.4
14957,2026-05-26,2,1,58.7,0.0,5.5,264.15,70.44
14958,2026-05-26,14,3,74.9,0.0,4.8,486.85,157.29
14959,2026-05-26,14,1,27.0,0.0,4.9,121.5,32.4
14960,2026-05-26,22,5,68.8,0.0,6.5,481.6,158.24
14961,2026-05-26,12,4,26.1,0.0,1.8,151.38,49.59
14962,2026-05-26,10,4,49.4,0.0,4.2,286.52,93.86
14963,2026-05-26,11,3,49.7,0.0,8.6,323.05,104.37
14964,2026-05-26,18,3,45.5,14.9,4.8,198.9,95.55
14965,2026-05-26,13,5,58.2,0.0,4.5,407.4,133.86
14966,2026-05-26,8,1,77.5,23.6,2.8,242.55,93.0
14967,2026-05-26,15,5,41.4,0.0,7.3,289.8,95.22
14968,2026-05-26,6,2,41.0,0.0,5.9,196.8,57.4
14969,2026-05-26,23,1,48.5,0.0,6.6,218.25,58.2
14970,2026-05-26,14,1,56.3,0.0,7.1,253.35,67.56
14971,2026-05-26,13,1,36.0,0.0,10.3,162.0,43.2
14972,2026-05-26,18,6,48.8,0.0,8.6,244.0,73.2
14973,2026-05-26,22,4,75.3,0.0,4.2,436.74,143.07
14974,2026-05-26,3,4,69.7,0.0,5.5,404.26,132.43
14975,2026-05-26,2,2,74.3,0.0,3.0,356.64,104.02
14976,2026-05-26,25,6,93.7,0.0,6.5,468.5,140.55
14977,2026-05-26,1,1,39.6,0.0,11.3,178.2,47.52
14978,2026-05-26,30,1,82.5,0.0,2.4,371.25,99.0
14979,2026-05-26,4,3,51.7,0.0,3.7,336.05,108.57
14980,2026-05-26,1,3,60.4,0.0,5.8,392.6,126.84
14981,2026-05-26,6,2,95.0,0.0,5.9,456.0,133.0
14982,2026-05-26,9,3,73.4,0.0,8.9,477.1,154.14
14983,2026-05-26,30,2,37.7,0.0,7.3,180.96,52.78
14984,2026-05-26,27,5,49.8,16.0,11.3,236.6,114.54
14985,2026-05-26,18,1,56.8,0.0,9.1,255.6,68.16
14986,2026-05-26,10,2,78.7,0.0,3.4,377.76,110.18
14987,2026-05-26,19,1,28.8,0.0,7.6,129.6,34.56
14988,2026-05-26,3,5,66.4,0.0,8.8,464.8,152.72
14989,2026-05-26,22,1,86.6,0.0,4.3,389.7,103.92
14990,2026-05-27,10,6,93.5,12.8,0.7,403.5,140.25
14991,2026-05-27,8,2,37.7,0.0,5.5,180.96,52.78
14992,2026-05-27,11,4,32.7,0.0,3.0,189.66,62.13
14993,2026-05-27,23,6,73.8,0.0,5.2,369.0,110.7
14994,2026-05-27,21,4,85.7,0.0,10.0,497.06,162.83
14995,2026-05-27,23,4,24.3,0.0,8.8,140.94,46.17
14996,2026-05-27,20,3,74.9,0.0,2.2,486.85,157.29
14997,2026-05-27,2,3,40.4,0.0,3.1,262.6,84.84
14998,2026-05-27,5,3,84.8,0.0,4.8,551.2,178.08
14999,2026-05-27,27,4,56.5,0.0,4.3,327.7,107.35
15000,2026-05-27,22,2,65.8,0.0,4.6,315.84,92.12
15001,2026-05-27,12,6,97.8,0.0,5.9,489.0,146.7
15002,2026-05-27,10,5,74.6,0.0,4.5,522.2,171.58
15003,2026-05-27,10,1,29.4,0.0,7.5,132.3,35.28
15004,2026-05-27,25,1,84.0,0.0,3.2,378.0,100.8
15005,2026-05-27,19,1,55.8,0.0,9.4,251.1,66.96
15006,2026-05-27,5,3,49.3,0.0,4.8,320.45,103.53
15007,2026-05-27,22,3,76.8,22.9,10.7,350.35,161.28
15008,2026-05-27,19,4,22.0,0.0,5.3,127.6,41.8
15009,2026-05-27,21,6,31.6,0.0,3.7,158.0,47.4
15010,2026-05-27,16,5,50.4,0.0,1.8,352.8,115.92
15011,2026-05-28,6,3,38.5,0.0,10.6,250.25,80.85
15012,2026-05-28,22,5,49.1,0.0,7.2,343.7,112.93
15013,2026-05-28,11,6,44.5,0.0,8.3,222.5,66.75
15014,2026-05-28,1,2,75.1,0.0,7.1,360.48,105.14
15015,2026-05-28,12,5,26.1,0.0,3.1,182.7,60.03
15016,2026-05-28,17,1,57.0,0.0,8.2,256.5,68.4
15017,2026-05-28,20,5,99.3,0.0,2.9,695.1,228.39
15018,2026-05-28,13,1,57.7,0.0,4.1,259.65,69.24
15019,2026-05-28,20,2,39.2,0.0,9.5,188.16,54.88
15020,2026-05-28,27,4,54.8,0.0,4.5,317.84,104.12
15021,2026-05-28,30,5,46.5,0.0,6.4,325.5,106.95
15022,2026-05-28,16,6,80.4,0.0,6.9,402.0,120.6
15023,2026-05-28,22,3,30.3,0.0,6.9,196.95,63.63
15024,2026-05-28,15,6,78.9,0.0,7.5,394.5,118.35
15025,2026-05-28,11,3,42.5,0.0,5.9,276.25,89.25
15026,2026-05-28,17,4,82.9,0.0,7.0,480.82,157.51
15027,2026-05-28,21,3,95.5,0.0,4.3,620.75,200.55
15028,2026-05-28,5,2,30.8,0.0,8.4,147.84,43.12
15029,2026-05-28,10,3,36.4,0.0,7.9,236.6,76.44
15030,2026-05-29,28,5,38.8,0.0,8.9,271.6,89.24
15031,2026-05-29,26,3,96.8,0.0,5.4,629.2,203.28
15032,2026-05-29,28,4,77.8,0.0,5.2,451.24,147.82
15033,2026-05-29,15,4,26.9,0.0,4.6,156.02,51.11
15034,2026-05-29,11,2,78.0,0.0,8.3,374.4,109.2
15035,2026-05-29,18,1,93.4,0.0,4.8,420.3,112.08
15036,2026-05-29,6,5,32.4,5.8,8.4,186.2,74.52
15037,2026-05-29,27,6,64.7,0.0,7.2,323.5,97.05
15038,2026-05-29,30,2,68.6,0.0,4.9,329.28,96.04
15039,2026-05-29,19,2,24.5,0.0,7.4,117.6,34.3
15040,2026-05-29,11,5,46.4,0.0,6.1,324.8,106.72
15041,2026-05-29,4,3,28.0,0.0,6.9,182.0,58.8
15042,2026-05-29,26,6,100.0,0.0,4.1,500.0,150.0
15043,2026-05-29,18,6,80.6,0.0,3.8,403.0,120.9
15044,2026-05-29,8,6,87.6,0.0,6.5,438.0,131.4
15045,2026-05-29,23,6,72.7,0.0,1.8,363.5,109.05
15046,2026-05-29,29,2,69.3,0.0,4.1,332.64,97.02
15047,2026-05-29,7,6,26.5,0.0,5.9,132.5,39.75
15048,2026-05-29,13,2,20.4,0.0,5.5,97.92,28.56
15049,2026-05-29,28,3,47.9,0.0,10.6,311.35,100.59
15050,2026-05-29,3,3,37.6,0.0,5.8,244.4,78.96
15051,2026-05-29,15,4,49.6,0.0,4.9,287.68,94.24
15052,2026-05-30,22,3,49.1,0.0,2.6,319.15,103.11
15053,2026-05-30,10,6,50.9,0.0,3.4,254.5,76.35
15054,2026-05-30,27,1,43.8,0.0,4.2,197.1,52.56
15055,2026-05-30,11,5,99.8,0.0,1.3,698.6,229.54
15056,2026-05-30,15,5,67.5,0.0,8.8,472.5,155.25
15057,2026-05-30,16,4,32.8,0.0,6.9,190.24,62.32
15058,2026-05-30,14,4,28.4,0.0,6.5,164.72,53.96
15059,2026-05-30,29,4,31.6,0.0,7.3,183.28,60.04
15060,2026-05-30,14,3,30.1,9.0,3.5,137.15,63.21
15061,2026-05-30,25,2,35.6,9.2,10.5,126.72,49.84
15062,2026-05-30,19,1,60.8,0.0,10.5,273.6,72.96
15063,2026-05-30,14,2,42.3,9.8,9.1,156.0,59.22
15064,2026-05-30,18,2,66.8,0.0,4.9,320.64,93.52
15065,2026-05-30,17,4,65.2,0.0,7.7,378.16,123.88
15066,2026-05-30,25,1,31.0,0.0,5.3,139.5,37.2
15067,2026-05-30,4,6,22.1,0.0,7.7,110.5,33.15
15068,2026-05-30,20,1,36.1,0.0,3.9,162.45,43.32
15069,2026-05-30,13,5,57.9,0.0,3.1,405.3,133.17
15070,2026-05-30,19,3,72.3,0.0,7.7,469.95,151.83
15071,2026-05-30,26,2,99.9,0.0,9.2,479.52,139.86
15072,2026-05-30,12,3,81.9,0.0,6.6,532.35,171.99
15073,2026-05-30,12,6,91.2,0.0,5.4,456.0,136.8
15074,2026-05-30,26,4,48.6,0.0,5.9,281.88,92.34
15075,2026-05-30,24,2,76.7,0.0,8.9,368.16,107.38
15076,2026-05-30,28,5,98.0,0.0,3.0,686.0,225.4
15077,2026-05-30,9,3,44.5,0.0,2.6,289.25,93.45
15078,2026-05-30,11,3,51.1,0.0,6.4,332.15,107.31
15079,2026-05-30,23,6,75.1,0.0,4.6,375.5,112.65
15080,2026-05-30,8,2,57.9,0.0,8.7,277.92,81.06
15081,2026-05-30,23,5,80.2,0.0,5.1,561.4,184.46
15082,2026-05-31,5,6,46.2,0.0,1.2,231.0,69.3
15083,2026-05-31,27,2,50.5,0.0,3.5,242.4,70.7
15084,2026-05-31,25,4,90.7,0.0,6.8,526.06,172.33
15085,2026-05-31,3,2,22.6,0.0,6.3,108.48,31.64
15086,2026-05-31,8,6,73.8,0.0,4.6,369.0,110.7
15087,2026-05-31,24,2,75.1,0.0,1.0,360.48,105.14
15088,2026-05-31,24,4,68.3,0.0,3.4,396.14,129.77
15089,2026-05-31,28,2,55.6,0.0,5.0,266.88,77.84
15090,2026-05-31,14,2,26.6,0.0,5.3,127.68,37.24
15091,2026-05-31,27,1,31.2,9.6,9.6,97.2,37.44
15092,2026-05-31,27,3,21.2,0.0,-1.3,137.8,44.52
15093,2026-05-31,10,6,44.5,0.0,7.7,222.5,66.75
15094,2026-05-31,24,4,76.2,0.0,5.0,441.96,144.78
15095,2026-05-31,12,5,35.4,0.0,6.9,247.8,81.42
15096,2026-05-31,16,4,84.0,0.0,4.4,487.2,159.6
15097,2026-05-31,19,6,96.5,0.0,4.4,482.5,144.75
15098,2026-05-31,6,5,73.5,0.0,5.5,514.5,169.05
15099,2026-05-31,5,4,31.3,0.0,7.2,181.54,59.47
15100,2026-05-31,22,2,52.5,0.0,4.5,252.0,73.5
15101,2026-05-31,1,2,67.5,0.0,7.3,324.0,94.5
15102,2026-05-31,24,4,76.2,19.9,0.4,326.54,144.78
15103,2026-05-31,29,2,86.8,0.0,2.4,416.64,121.52
15104,2026-05-31,8,5,95.1,0.0,7.3,665.7,218.73
15105,2026-05-31,15,5,76.4,0.0,6.1,534.8,175.72
15106,2026-05-31,5,3,76.4,0.0,6.4,496.6,160.44
15107,2026-05-31,21,6,72.8,0.0,8.5,364.0,109.2
15108,2026-05-31,18,1,90.1,0.0,7.6,405.45,108.12
15109,2026-06-01,23,5,45.4,0.0,4.2,317.8,104.42
15110,2026-06-01,28,3,54.1,0.0,3.0,351.65,113.61
15111,2026-06-01,9,6,74.5,0.0,7.2,372.5,111.75
15112,2026-06-01,1,2,40.9,0.0,5.0,196.32,57.26
15113,2026-06-01,13,3,29.1,0.0,3.9,189.15,61.11
15114,2026-06-01,25,4,67.0,0.0,5.6,388.6,127.3
15115,2026-06-01,29,3,22.5,0.0,7.5,146.25,47.25
15116,2026-06-01,15,3,74.9,23.5,7.8,334.1,157.29
15117,2026-06-01,16,6,22.5,0.0,5.1,112.5,33.75
15118,2026-06-01,22,5,36.3,0.0,-0.6,254.1,83.49
15119,2026-06-01,27,6,26.3,0.0,4.9,131.5,39.45
15120,2026-06-01,6,1,77.7,0.0,4.7,349.65,93.24
15121,2026-06-01,9,2,90.2,0.0,2.4,432.96,126.28
15122,2026-06-01,3,1,21.8,0.0,9.8,98.1,26.16
15123,2026-06-01,26,3,39.9,0.0,6.6,259.35,83.79
15124,2026-06-01,17,3,56.8,10.3,9.4,302.25,119.28
15125,2026-06-01,18,1,93.6,0.0,4.1,421.2,112.32
15126,2026-06-01,4,4,66.3,0.0,4.3,384.54,125.97
15127,2026-06-01,20,4,70.4,0.0,5.7,408.32,133.76
15128,2026-06-01,18,6,67.7,0.0,2.3,338.5,101.55
15129,2026-06-01,22,2,25.6,0.0,1.6,122.88,35.84
15130,2026-06-01,12,1,39.1,0.0,4.5,175.95,46.92
15131,2026-06-01,17,4,91.1,0.0,10.1,528.38,173.09
15132,2026-06-01,26,3,52.5,0.0,5.0,341.25,110.25
15133,2026-06-01,13,5,82.5,0.0,4.1,577.5,189.75
15134,2026-06-01,7,5,83.8,0.0,7.4,586.6,192.74
15135,2026-06-01,20,1,47.8,0.0,3.8,215.1,57.36
15136,2026-06-01,16,6,32.0,0.0,5.1,160.0,48.0
15137,2026-06-01,29,1,52.6,0.0,7.9,236.7,63.12
15138,2026-06-02,22,1,45.7,0.0,3.2,205.65,54.84
15139,2026-06-02,8,5,39.9,0.0,2.2,279.3,91.77
15140,2026-06-02,28,1,55.8,0.0,3.2,251.1,66.96
15141,2026-06-02,25,2,20.6,0.0,9.3,98.88,28.84
15142,2026-06-02,22,4,80.5,0.0,5.2,466.9,152.95
15143,2026-06-02,11,6,82.8,0.0,8.3,414.0,124.2
15144,2026-06-02,2,6,51.8,0.0,11.7,259.0,77.7
15145,2026-06-02,8,5,84.2,0.0,2.7,589.4,193.66
15146,2026-06-02,21,5,64.0,0.0,6.2,448.0,147.2
15147,2026-06-02,10,5,87.2,0.0,6.4,610.4,200.56
15148,2026-06-02,28,6,40.7,9.8,5.2,154.5,61.05
15149,2026-06-02,6,3,62.4,0.0,3.8,405.6,131.04
15150,2026-06-02,3,6,72.5,0.0,5.5,362.5,108.75
15151,2026-06-02,19,5,62.5,0.0,9.2,437.5,143.75
15152,2026-06-02,15,5,56.0,7.8,5.4,337.4,128.8
15153,2026-06-02,30,4,49.0,0.0,6.7,284.2,93.1
15154,2026-06-02,30,1,94.0,0.0,7.2,423.0,112.8
15155,2026-06-02,19,3,42.5,0.0,3.8,276.25,89.25
15156,2026-06-02,9,1,59.8,0.0,5.0,269.1,71.76
15157,2026-06-02,30,2,68.8,0.0,5.1,330.24,96.32
15158,2026-06-02,11,2,64.0,0.0,4.8,307.2,89.6
15159,2026-06-03,29,3,57.3,0.0,9.2,372.45,120.33
15160,2026-06-03,26,2,55.7,0.0,3.7,267.36,77.98
15161,2026-06-03,5,3,74.7,0.0,7.4,485.55,156.87
15162,2026-06-03,20,5,27.5,0.0,8.2,192.5,63.25
15163,2026-06-03,28,3,47.8,9.2,10.5,250.9,100.38
15164,2026-06-03,3,4,78.1,0.0,9.3,452.98,148.39
15165,2026-06-03,6,6,23.6,0.0,8.3,118.0,35.4
15166,2026-06-03,11,5,89.8,0.0,2.7,628.6,206.54
15167,2026-06-03,24,1,72.2,0.0,2.6,324.9,86.64
15168,2026-06-03,6,1,41.7,0.0,3.6,187.65,50.04
15169,2026-06-03,10,2,78.2,0.0,8.8,375.36,109.48
15170,2026-06-03,26,6,46.0,0.0,9.7,230.0,69.0
15171,2026-06-03,21,2,73.4,0.0,1.2,352.32,102.76
15172,2026-06-03,15,5,22.4,0.0,6.3,156.8,51.52
15173,2026-06-03,15,5,51.5,0.0,4.8,360.5,118.45
15174,2026-06-03,22,5,55.7,0.0,4.9,389.9,128.11
15175,2026-06-03,5,3,25.2,0.0,4.4,163.8,52.92
15176,2026-06-03,19,6,87.5,0.0,5.3,437.5,131.25
15177,2026-06-03,4,6,28.7,0.0,7.3,143.5,43.05
15178,2026-06-03,28,2,30.1,0.0,6.1,144.48,42.14
15179,2026-06-03,22,1,83.8,0.0,8.7,377.1,100.56
15180,2026-06-03,6,1,49.0,0.0,7.0,220.5,58.8
15181,2026-06-03,6,1,38.2,0.0,6.7,171.9,45.84
15182,2026-06-03,1,5,34.6,0.0,6.1,242.2,79.58
15183,2026-06-03,12,3,34.9,0.0,4.5,226.85,73.29
15184,2026-06-03,15,1,66.1,0.0,6.9,297.45,79.32
15185,2026-06-04,5,5,59.1,0.0,4.6,413.7,135.93
15186,2026-06-04,11,5,46.3,17.5,6.2,201.6,106.49
15187,2026-06-04,17,1,40.4,11.9,2.2,128.25,48.48
15188,2026-06-04,16,6,50.0,0.0,5.8,250.0,75.0
15189,2026-06-04,26,2,83.2,0.0,5.5,399.36,116.48
15190,2026-06-04,8,1,93.9,0.0,8.5,422.55,112.68
15191,2026-06-04,20,2,34.1,0.0,1.4,163.68,47.74
15192,2026-06-04,27,2,79.6,0.0,2.4,382.08,111.44
15193,2026-06-04,18,1,69.5,0.0,4.6,312.75,83.4
15194,2026-06-04,9,3,94.9,0.0,9.1,616.85,199.29
15195,2026-06-04,16,1,51.0,0.0,8.8,229.5,61.2
15196,2026-06-04,14,3,81.0,0.0,7.3,526.5,170.1
15197,2026-06-04,6,2,77.3,0.0,6.9,371.04,108.22
15198,2026-06-04,23,5,93.0,0.0,5.3,651.0,213.9
15199,2026-06-04,18,1,59.4,15.3,10.2,198.45,71.28
15200,2026-06-04,23,4,96.8,0.0,7.6,561.44,183.92
15201,2026-06-04,10,5,98.1,0.0,6.9,686.7,225.63
15202,2026-06-05,4,4,71.3,18.0,8.8,309.14,135.47
15203,2026-06-05,23,1,86.5,0.0,3.2,389.25,103.8
15204,2026-06-05,12,1,67.7,0.0,3.1,304.65,81.24
15205,2026-06-05,29,6,95.9,0.0,4.7,479.5,143.85
15206,2026-06-05,30,4,55.7,0.0,7.7,323.06,105.83
15207,2026-06-05,27,3,71.2,0.0,9.1,462.8,149.52
15208,2026-06-05,23,3,48.9,0.0,5.9,317.85,102.69
15209,2026-06-05,29,3,44.6,0.0,4.6,289.9,93.66
15210,2026-06-05,16,2,28.9,0.0,6.5,138.72,40.46
15211,2026-06-05,29,6,36.5,0.0,11.6,182.5,54.75
15212,2026-06-05,12,3,86.5,0.0,3.8,562.25,181.65
15213,2026-06-05,22,1,62.0,0.0,3.9,279.0,74.4
15214,2026-06-05,25,4,94.6,0.0,9.6,548.68,179.74
15215,2026-06-05,25,5,36.8,0.0,6.3,257.6,84.64
15216,2026-06-05,26,1,51.3,0.0,9.6,230.85,61.56
15217,2026-06-05,22,4,86.0,0.0,9.4,498.8,163.4
15218,2026-06-05,6,5,73.0,0.0,8.4,511.0,167.9
15219,2026-06-05,2,4,43.5,0.0,6.1,252.3,82.65
15220,2026-06-05,30,5,65.6,0.0,3.2,459.2,150.88
15221,2026-06-05,2,6,81.9,0.0,1.3,409.5,122.85
15222,2026-06-05,30,6,32.1,0.0,7.1,160.5,48.15
15223,2026-06-05,7,1,83.3,0.0,3.8,374.85,99.96
15224,2026-06-05,17,6,52.2,0.0,5.5,261.0,78.3
15225,2026-06-05,2,5,37.0,0.0,6.7,259.0,85.1
15226,2026-06-05,19,3,61.3,0.0,6.5,398.45,128.73
15227,2026-06-05,28,1,41.3,0.0,7.3,185.85,49.56
15228,2026-06-05,13,3,57.2,0.0,6.1,371.8,120.12
15229,2026-06-05,24,5,48.4,0.0,5.1,338.8,111.32
15230,2026-06-05,18,3,94.8,0.0,8.4,616.2,199.08
15231,2026-06-05,12,6,31.8,0.0,3.0,159.0,47.7
15232,2026-06-05,16,5,81.0,0.0,2.4,567.0,186.3
15233,2026-06-05,28,6,54.3,0.0,4.4,271.5,81.45
15234,2026-06-05,10,6,90.4,0.0,7.4,452.0,135.6
15235,2026-06-05,26,5,24.2,4.1,7.0,140.7,55.66
15236,2026-06-05,22,1,33.3,0.0,9.2,149.85,39.96
15237,2026-06-05,13,4,95.9,0.0,5.6,556.22,182.21
15238,2026-06-05,30,3,48.7,0.0,7.8,316.55,102.27
15239,2026-06-05,26,2,51.4,0.0,7.9,246.72,71.96
15240,2026-06-05,3,6,25.3,0.0,4.2,126.5,37.95
15241,2026-06-05,12,6,55.1,21.8,9.1,166.5,82.65
15242,2026-06-05,15,1,22.8,0.0,5.2,102.6,27.36
15243,2026-06-05,4,4,57.1,0.0,10.0,331.18,108.49
15244,2026-06-05,24,4,64.7,0.0,9.8,375.26,122.93
15245,2026-06-05,21,3,55.7,0.0,5.5,362.05,116.97
15246,2026-06-05,13,1,69.4,0.0,9.7,312.3,83.28
15247,2026-06-05,6,2,36.0,0.0,5.4,172.8,50.4
15248,2026-06-05,19,2,26.0,0.0,9.7,124.8,36.4
15249,2026-06-05,17,4,72.0,0.0,0.6,417.6,136.8
15250,2026-06-06,11,1,67.8,0.0,6.4,305.1,81.36
15251,2026-06-06,26,6,95.2,0.0,6.7,476.0,142.8
15252,2026-06-06,29,2,35.5,0.0,3.2,170.4,49.7
15253,2026-06-06,22,3,99.1,0.0,5.0,644.15,208.11
15254,2026-06-06,4,2,56.1,0.0,6.8,269.28,78.54
15255,2026-06-06,5,1,80.1,0.0,8.4,360.45,96.12
15256,2026-06-06,12,5,24.2,0.0,4.1,169.4,55.66
15257,2026-06-06,13,2,51.4,0.0,3.5,246.72,71.96
15258,2026-06-06,18,1,89.1,0.0,6.1,400.95,106.92
15259,2026-06-06,30,5,63.7,0.0,11.3,445.9,146.51
15260,2026-06-06,9,6,77.2,0.0,3.3,386.0,115.8
15261,2026-06-06,11,4,80.7,10.4,7.0,407.74,153.33
15262,2026-06-06,5,4,98.2,0.0,6.2,569.56,186.58
15263,2026-06-06,1,5,54.2,0.0,5.3,379.4,124.66
15264,2026-06-06,17,1,88.6,0.0,7.5,398.7,106.32
15265,2026-06-06,19,3,76.7,0.0,8.5,498.55,161.07
15266,2026-06-06,7,2,67.7,0.0,10.0,324.96,94.78
15267,2026-06-06,2,2,68.7,0.0,5.9,329.76,96.18
15268,2026-06-06,11,1,39.7,0.0,8.9,178.65,47.64
15269,2026-06-06,3,3,38.7,0.0,1.1,251.55,81.27
15270,2026-06-06,3,1,98.0,36.1,10.1,278.55,117.6
15271,2026-06-06,15,3,36.3,0.0,3.6,235.95,76.23
15272,2026-06-06,21,4,42.2,0.0,5.4,244.76,80.18
15273,2026-06-06,10,6,60.8,0.0,6.2,304.0,91.2
15274,2026-06-06,11,6,33.7,0.0,4.6,168.5,50.55
15275,2026-06-06,7,6,22.6,0.0,4.8,113.0,33.9
15276,2026-06-06,21,1,64.0,0.0,5.7,288.0,76.8
15277,2026-06-06,12,5,57.3,0.0,1.5,401.1,131.79
15278,2026-06-06,3,6,82.3,0.0,5.8,411.5,123.45
15279,2026-06-06,25,2,86.3,0.0,3.9,414.24,120.82
15280,2026-06-06,13,2,71.6,0.0,8.5,343.68,100.24
15281,2026-06-06,17,2,93.9,0.0,7.1,450.72,131.46
15282,2026-06-06,28,6,84.4,0.0,9.0,422.0,126.6
15283,2026-06-06,10,5,55.4,0.0,4.0,387.8,127.42
15284,2026-06-06,3,4,39.8,0.0,3.8,230.84,75.62
15285,2026-06-06,11,3,91.5,0.0,9.1,594.75,192.15
15286,2026-06-06,11,2,79.7,0.0,10.3,382.56,111.58
15287,2026-06-06,7,5,57.5,0.0,5.1,402.5,132.25
15288,2026-06-06,8,5,68.5,26.8,9.1,291.9,157.55
15289,2026-06-06,4,2,68.7,0.0,6.7,329.76,96.18
15290,2026-06-07,12,6,89.0,0.0,3.8,445.0,133.5
15291,2026-06-07,28,4,91.4,0.0,9.5,530.12,173.66
15292,2026-06-07,23,6,30.8,0.0,5.7,154.0,46.2
15293,2026-06-07,9,3,82.6,0.0,7.6,536.9,173.46
15294,2026-06-07,1,4,89.7,0.0,6.3,520.26,170.43
15295,2026-06-07,21,4,36.1,0.0,2.6,209.38,68.59
15296,2026-06-07,18,6,27.9,0.0,5.6,139.5,41.85
15297,2026-06-07,16,1,99.4,0.0,6.1,447.3,119.28
15298,2026-06-07,20,4,78.5,0.0,7.8,455.3,149.15
15299,2026-06-07,26,4,55.1,0.0,7.8,319.58,104.69
15300,2026-06-07,20,4,58.5,0.0,5.8,339.3,111.15
15301,2026-06-07,15,6,69.2,0.0,4.9,346.0,103.8
15302,2026-06-07,14,2,91.4,0.0,7.5,438.72,127.96
15303,2026-06-07,24,1,88.6,0.0,5.3,398.7,106.32
15304,2026-06-07,20,2,22.8,0.0,9.2,109.44,31.92
15305,2026-06-07,4,2,93.8,0.0,16.1,450.24,131.32
15306,2026-06-07,1,3,45.5,0.0,8.8,295.75,95.55
15307,2026-06-07,19,1,75.4,0.0,9.9,339.3,90.48
15308,2026-06-07,16,1,68.0,0.0,8.2,306.0,81.6
15309,2026-06-07,17,3,84.2,0.0,2.2,547.3,176.82
15310,2026-06-07,12,3,47.4,0.0,3.0,308.1,99.54
15311,2026-06-07,2,6,87.8,0.0,6.8,439.0,131.7
15312,2026-06-07,9,3,80.0,0.0,3.0,520.0,168.0
15313,2026-06-07,22,4,97.5,0.0,5.9,565.5,185.25
15314,2026-06-07,13,5,27.3,0.0,1.5,191.1,62.79
15315,2026-06-07,15,3,88.5,0.0,8.2,575.25,185.85
15316,2026-06-07,17,6,22.3,0.0,4.1,111.5,33.45
15317,2026-06-07,29,1,49.8,0.0,9.9,224.1,59.76
15318,2026-06-07,6,3,63.2,0.0,2.3,410.8,132.72
15319,2026-06-07,27,4,71.8,0.0,4.9,416.44,136.42
15320,2026-06-07,10,1,31.5,0.0,6.0,141.75,37.8
15321,2026-06-07,11,4,53.3,18.9,9.7,199.52,101.27
15322,2026-06-07,28,2,97.0,0.0,7.6,465.6,135.8
15323,2026-06-07,16,6,72.3,0.0,5.5,361.5,108.45
15324,2026-06-07,14,5,82.4,0.0,6.2,576.8,189.52
15325,2026-06-07,21,4,51.7,0.0,8.0,299.86,98.23
15326,2026-06-07,1,4,74.3,0.0,10.8,430.94,141.17
15327,2026-06-08,26,5,46.9,0.0,3.8,328.3,107.87
15328,2026-06-08,7,6,90.1,0.0,8.6,450.5,135.15
15329,2026-06-08,22,1,98.7,0.0,8.6,444.15,118.44
15330,2026-06-08,2,1,69.1,0.0,7.9,310.95,82.92
15331,2026-06-08,20,3,59.0,0.0,1.9,383.5,123.9
15332,2026-06-08,1,1,92.5,0.0,2.8,416.25,111.0
15333,2026-06-08,28,2,83.9,0.0,5.6,402.72,117.46
15334,2026-06-08,5,1,55.9,0.0,7.9,251.55,67.08
15335,2026-06-08,29,4,56.3,0.0,3.7,326.54,106.97
15336,2026-06-08,14,5,27.9,0.0,7.8,195.3,64.17
15337,2026-06-08,28,4,58.9,0.0,6.6,341.62,111.91
15338,2026-06-08,19,3,78.9,0.0,5.1,512.85,165.69
15339,2026-06-08,9,1,65.4,15.2,10.0,225.9,78.48
15340,2026-06-08,11,3,78.7,0.0,3.0,511.55,165.27
15341,2026-06-08,27,4,37.6,0.0,4.7,218.08,71.44
15342,2026-06-08,22,6,61.9,0.0,8.5,309.5,92.85
15343,2026-06-08,24,6,76.5,0.0,4.2,382.5,114.75
15344,2026-06-08,3,1,96.0,0.0,5.4,432.0,115.2
15345,2026-06-08,29,4,88.0,0.0,2.4,510.4,167.2
15346,2026-06-08,22,6,51.5,0.0,7.6,257.5,77.25
15347,2026-06-08,12,3,39.2,0.0,7.7,254.8,82.32
15348,2026-06-08,4,2,56.6,0.0,8.5,271.68,79.24
15349,2026-06-09,14,3,49.1,0.0,9.4,319.15,103.11
15350,2026-06-09,22,3,73.6,0.0,1.3,478.4,154.56
15351,2026-06-09,29,4,23.5,0.0,4.8,136.3,44.65
15352,2026-06-09,25,1,79.2,0.0,9.3,356.4,95.04
15353,2026-06-09,1,3,54.7,0.0,8.7,355.55,114.87
15354,2026-06-09,1,3,75.0,0.0,5.0,487.5,157.5
15355,2026-06-09,20,6,90.7,0.0,4.0,453.5,136.05
15356,2026-06-09,2,6,78.9,0.0,6.8,394.5,118.35
15357,2026-06-09,25,1,93.6,0.0,6.7,421.2,112.32
15358,2026-06-09,20,5,41.5,0.0,5.5,290.5,95.45
15359,2026-06-09,6,2,95.3,0.0,7.3,457.44,133.42
15360,2026-06-09,25,1,21.0,0.0,7.2,94.5,25.2
15361,2026-06-09,29,1,42.4,0.0,4.6,190.8,50.88
15362,2026-06-09,3,5,68.2,0.0,6.3,477.4,156.86
15363,2026-06-09,11,2,64.8,0.0,9.5,311.04,90.72
15364,2026-06-09,30,1,84.3,0.0,8.0,379.35,101.16
15365,2026-06-09,15,3,56.0,0.0,8.1,364.0,117.6
15366,2026-06-09,10,2,31.4,0.0,4.9,150.72,43.96
15367,2026-06-09,10,3,31.9,0.0,5.0,207.35,66.99
15368,2026-06-09,2,6,63.1,0.0,7.0,315.5,94.65
15369,2026-06-09,17,6,35.3,0.0,5.0,176.5,52.95
15370,2026-06-09,6,3,41.9,0.0,5.8,272.35,87.99
15371,2026-06-09,2,2,49.0,0.0,6.0,235.2,68.6
15372,2026-06-09,16,2,93.1,0.0,5.3,446.88,130.34
15373,2026-06-09,24,2,24.9,0.0,4.0,119.52,34.86
15374,2026-06-09,26,5,92.9,0.0,4.2,650.3,213.67
15375,2026-06-09,26,1,81.0,0.0,8.1,364.5,97.2
15376,2026-06-09,11,1,22.4,0.0,5.2,100.8,26.88
15377,2026-06-09,26,2,98.8,0.0,9.6,474.24,138.32
15378,2026-06-09,30,2,83.4,18.1,8.6,313.44,116.76
15379,2026-06-10,29,5,87.8,0.0,7.5,614.6,201.94
15380,2026-06-10,29,1,99.3,0.0,8.3,446.85,119.16
15381,2026-06-10,14,6,94.1,0.0,4.3,470.5,141.15
15382,2026-06-10,11,2,35.7,0.0,5.8,171.36,49.98
15383,2026-06-10,4,4,22.5,0.0,7.4,130.5,42.75
15384,2026-06-10,12,4,76.7,0.0,5.5,444.86,145.73
15385,2026-06-10,25,4,42.4,0.0,7.8,245.92,80.56
15386,2026-06-10,30,6,31.4,0.0,9.6,157.0,47.1
15387,2026-06-10,12,4,66.8,0.0,6.8,387.44,126.92
15388,2026-06-10,17,5,85.3,0.0,6.0,597.1,196.19
15389,2026-06-10,17,4,50.4,0.0,0.1,292.32,95.76
15390,2026-06-10,5,6,84.5,0.0,8.6,422.5,126.75
15391,2026-06-10,18,6,29.4,0.0,7.0,147.0,44.1
15392,2026-06-10,29,6,44.2,0.0,6.6,221.0,66.3
15393,2026-06-10,30,3,74.4,0.0,9.9,483.6,156.24
15394,2026-06-10,22,4,54.0,0.0,5.1,313.2,102.6
15395,2026-06-10,26,1,83.5,14.0,8.7,312.75,100.2
15396,2026-06-10,6,4,91.3,0.0,6.8,529.54,173.47
15397,2026-06-10,2,2,94.9,0.0,4.4,455.52,132.86
15398,2026-06-10,13,6,60.7,0.0,8.3,303.5,91.05
15399,2026-06-10,29,1,76.9,0.0,7.6,346.05,92.28
15400,2026-06-10,16,2,81.9,0.0,5.0,393.12,114.66
15401,2026-06-10,21,2,73.6,0.0,2.8,353.28,103.04
15402,2026-06-10,2,2,99.5,0.0,6.9,477.6,139.3
15403,2026-06-10,8,4,76.5,0.0,4.4,443.7,145.35
15404,2026-06-10,19,5,49.1,0.0,8.9,343.7,112.93
15405,2026-06-10,21,3,70.5,0.0,5.9,458.25,148.05
15406,2026-06-10,6,2,54.4,0.0,7.3,261.12,76.16
15407,2026-06-10,26,1,90.0,0.0,2.5,405.0,108.0
15408,2026-06-10,28,2,45.5,0.0,9.2,218.4,63.7
15409,2026-06-10,10,2,41.7,0.0,6.3,200.16,58.38
15410,2026-06-10,6,3,53.7,0.0,3.8,349.05,112.77
15411,2026-06-10,27,3,75.5,0.0,7.0,490.75,158.55
15412,2026-06-11,27,3,63.2,0.0,7.3,410.8,132.72
15413,2026-06-11,3,1,67.8,0.0,6.5,305.1,81.36
15414,2026-06-11,5,4,52.3,0.0,4.3,303.34,99.37
15415,2026-06-11,8,6,58.0,0.0,5.7,290.0,87.0
15416,2026-06-11,17,1,93.3,0.0,4.6,419.85,111.96
15417,2026-06-11,11,1,46.5,0.0,7.4,209.25,55.8
15418,2026-06-11,24,6,58.8,0.0,6.2,294.0,88.2
15419,2026-06-11,24,5,26.5,0.0,6.3,185.5,60.95
15420,2026-06-11,15,5,86.9,0.0,5.1,608.3,199.87
15421,2026-06-11,12,3,26.9,0.0,7.5,174.85,56.49
15422,2026-06-11,28,3,78.5,25.2,9.7,346.45,164.85
15423,2026-06-11,11,1,27.2,0.0,3.3,122.4,32.64
15424,2026-06-11,15,6,55.0,0.0,7.3,275.0,82.5
15425,2026-06-11,4,4,90.1,0.0,5.2,522.58,171.19
15426,2026-06-11,14,5,91.9,0.0,9.5,643.3,211.37
15427,2026-06-11,11,2,65.0,0.0,3.0,312.0,91.0
15428,2026-06-11,30,1,73.6,0.0,4.6,331.2,88.32
15429,2026-06-11,17,5,25.6,0.0,1.1,179.2,58.88
15430,2026-06-11,2,5,29.9,0.0,3.6,209.3,68.77
15431,2026-06-11,11,6,69.6,0.0,9.2,348.0,104.4
15432,2026-06-11,2,2,98.1,0.0,10.4,470.88,137.34
15433,2026-06-11,2,4,73.0,0.0,10.8,423.4,138.7
15434,2026-06-11,7,2,46.3,0.0,8.5,222.24,64.82
15435,2026-06-11,28,3,24.4,0.0,5.6,158.6,51.24
15436,2026-06-11,16,4,61.2,0.0,8.0,354.96,116.28
15437,2026-06-11,27,3,75.3,0.0,4.7,489.45,158.13
15438,2026-06-12,3,4,28.8,0.0,11.2,167.04,54.72
15439,2026-06-12,28,5,20.9,0.0,5.1,146.3,48.07
15440,2026-06-12,9,1,66.6,0.0,6.1,299.7,79.92
15441,2026-06-12,29,5,22.3,0.0,9.6,156.1,51.29
15442,2026-06-12,11,4,37.2,0.0,4.8,215.76,70.68
15443,2026-06-12,15,2,32.0,0.0,3.7,153.6,44.8
15444,2026-06-12,12,3,30.0,0.0,2.3,195.0,63.0
15445,2026-06-12,16,3,92.4,0.0,8.3,600.6,194.04
15446,2026-06-12,29,4,60.1,0.0,5.1,348.58,114.19
15447,2026-06-12,18,5,22.3,0.0,3.5,156.1,51.29
15448,2026-06-12,19,3,47.9,0.0,3.8,311.35,100.59
15449,2026-06-12,6,2,92.0,0.0,8.1,441.6,128.8
15450,2026-06-12,15,3,57.0,0.0,8.4,370.5,119.7
15451,2026-06-12,28,5,80.8,0.0,4.6,565.6,185.84
15452,2026-06-12,29,3,58.7,0.0,1.6,381.55,123.27
15453,2026-06-12,22,3,74.8,0.0,7.3,486.2,157.08
15454,2026-06-12,8,3,68.8,0.0,9.3,447.2,144.48
15455,2026-06-12,28,3,72.2,11.0,10.3,397.8,151.62
15456,2026-06-12,1,4,23.4,0.0,0.5,135.72,44.46
15457,2026-06-12,9,2,72.5,0.0,5.1,348.0,101.5
15458,2026-06-12,8,4,25.8,0.0,8.7,149.64,49.02
15459,2026-06-12,24,6,23.5,0.0,2.8,117.5,35.25
15460,2026-06-12,23,3,34.6,0.0,7.6,224.9,72.66
15461,2026-06-12,26,3,40.2,0.0,5.7,261.3,84.42
15462,2026-06-12,12,5,59.0,0.0,5.9,413.0,135.7
15463,2026-06-12,19,2,59.7,0.0,5.2,286.56,83.58
15464,2026-06-12,15,5,23.6,0.0,6.4,165.2,54.28
15465,2026-06-12,30,6,68.3,0.0,6.8,341.5,102.45
15466,2026-06-13,12,6,30.5,0.0,5.1,152.5,45.75
15467,2026-06-13,29,6,85.8,0.0,8.3,429.0,128.7
15468,2026-06-13,13,4,62.5,0.0,5.4,362.5,118.75
15469,2026-06-13,6,4,38.7,0.0,2.8,224.46,73.53
15470,2026-06-13,13,6,29.3,7.0,4.2,111.5,43.95
15471,2026-06-13,24,3,78.5,0.0,3.1,510.25,164.85
15472,2026-06-13,25,5,31.9,0.0,3.2,223.3,73.37
15473,2026-06-13,7,5,75.1,0.0,8.4,525.7,172.73
15474,2026-06-13,14,3,30.5,0.0,4.6,198.25,64.05
15475,2026-06-13,11,5,52.7,0.0,4.5,368.9,121.21
15476,2026-06-13,25,1,79.4,0.0,4.3,357.3,95.28
15477,2026-06-13,18,4,77.8,0.0,9.8,451.24,147.82
15478,2026-06-13,3,4,91.7,0.0,8.8,531.86,174.23
15479,2026-06-13,23,3,66.1,24.6,10.2,269.75,138.81
15480,2026-06-13,17,1,31.0,0.0,5.1,139.5,37.2
15481,2026-06-13,9,4,66.9,0.0,7.2,388.02,127.11
15482,2026-06-13,18,3,30.7,0.0,6.8,199.55,64.47
15483,2026-06-13,15,2,90.3,0.0,4.3,433.44,126.42
15484,2026-06-13,14,6,75.5,0.0,8.6,377.5,113.25
15485,2026-06-13,19,5,80.4,0.0,7.1,562.8,184.92
15486,2026-06-13,29,1,40.0,0.0,3.5,180.0,48.0
15487,2026-06-13,11,1,72.0,13.0,11.2,265.5,86.4
15488,2026-06-13,8,3,83.5,0.0,5.1,542.75,175.35
15489,2026-06-13,30,2,51.9,0.0,3.6,249.12,72.66
15490,2026-06-13,22,4,76.1,0.0,8.5,441.38,144.59
15491,2026-06-13,29,4,24.9,9.9,9.1,87.0,47.31
15492,2026-06-13,12,3,81.4,0.0,6.7,529.1,170.94
15493,2026-06-13,5,5,65.0,0.0,3.6,455.0,149.5
15494,2026-06-13,18,4,86.6,0.0,8.0,502.28,164.54
15495,2026-06-13,8,4,89.1,0.0,7.3,516.78,169.29
15496,2026-06-13,20,1,85.6,0.0,7.1,385.2,102.72
15497,2026-06-13,1,1,86.0,0.0,8.7,387.0,103.2
15498,2026-06-13,18,5,62.5,0.0,5.8,437.5,143.75
15499,2026-06-13,1,5,82.1,0.0,1.4,574.7,188.83
15500,2026-06-13,22,3,25.5,0.0,7.0,165.75,53.55
15501,2026-06-13,26,5,96.9,0.0,6.6,678.3,222.87
15502,2026-06-13,3,1,26.4,0.0,8.2,118.8,31.68
15503,2026-06-14,8,3,68.6,0.0,11.5,445.9,144.06
15504,2026-06-14,15,2,79.8,0.0,4.2,383.04,111.72
15505,2026-06-14,27,5,43.8,6.5,11.0,261.1,100.74
15506,2026-06-14,17,3,91.3,0.0,10.0,593.45,191.73
15507,2026-06-14,7,2,42.9,0.0,6.9,205.92,60.06
15508,2026-06-14,24,1,45.2,0.0,4.7,203.4,54.24
15509,2026-06-14,12,1,79.3,0.0,6.3,356.85,95.16
15510,2026-06-14,14,5,68.8,0.0,7.4,481.6,158.24
15511,2026-06-14,11,1,46.4,0.0,6.8,208.8,55.68
15512,2026-06-14,15,4,24.4,0.0,5.8,141.52,46.36
15513,2026-06-14,29,2,20.7,0.0,5.4,99.36,28.98
15514,2026-06-14,27,2,53.4,0.0,6.4,256.32,74.76
15515,2026-06-14,20,6,42.0,0.0,5.9,210.0,63.0
15516,2026-06-14,7,6,38.5,0.0,6.6,192.5,57.75
15517,2026-06-14,5,1,31.5,0.0,6.7,141.75,37.8
15518,2026-06-14,11,3,89.3,0.0,2.4,580.45,187.53
15519,2026-06-14,2,5,42.8,0.0,1.4,299.6,98.44
15520,2026-06-14,25,2,99.7,0.0,9.3,478.56,139.58
15521,2026-06-14,2,6,20.5,0.0,5.9,102.5,30.75
15522,2026-06-14,21,1,21.2,0.0,4.1,95.4,25.44
15523,2026-06-14,27,2,30.4,0.0,7.5,145.92,42.56
15524,2026-06-14,17,5,62.7,0.0,7.9,438.9,144.21
15525,2026-06-14,6,1,90.1,0.0,2.9,405.45,108.12
15526,2026-06-14,14,3,27.6,0.0,3.6,179.4,57.96
15527,2026-06-14,15,5,64.0,0.0,7.6,448.0,147.2
15528,2026-06-14,11,5,76.9,0.0,8.3,538.3,176.87
15529,2026-06-14,11,6,57.5,0.0,3.2,287.5,86.25
15530,2026-06-14,15,3,83.2,0.0,7.9,540.8,174.72
15531,2026-06-14,7,2,20.2,0.0,5.7,96.96,28.28
15532,2026-06-14,11,1,73.4,0.0,5.3,330.3,88.08
15533,2026-06-14,27,2,53.9,0.0,3.2,258.72,75.46
15534,2026-06-14,17,1,23.4,0.0,7.2,105.3,28.08
15535,2026-06-14,10,3,75.6,0.0,5.6,491.4,158.76
15536,2026-06-14,19,1,37.1,0.0,10.6,166.95,44.52
15537,2026-06-15,7,4,53.9,0.0,4.3,312.62,102.41
15538,2026-06-15,17,2,43.2,0.0,7.5,207.36,60.48
15539,2026-06-15,5,2,78.1,0.0,11.0,374.88,109.34
15540,2026-06-15,24,5,87.8,0.0,8.3,614.6,201.94
15541,2026-06-15,1,1,97.3,0.0,5.6,437.85,116.76
15542,2026-06-15,16,1,81.8,0.0,8.3,368.1,98.16
15543,2026-06-15,21,2,21.2,0.0,1.8,101.76,29.68
15544,2026-06-15,30,5,23.1,0.0,5.3,161.7,53.13
15545,2026-06-15,8,6,67.0,0.0,6.3,335.0,100.5
15546,2026-06-15,9,6,71.9,0.0,8.6,359.5,107.85
15547,2026-06-15,2,1,33.5,0.0,8.8,150.75,40.2
15548,2026-06-15,12,2,25.6,0.0,4.1,122.88,35.84
15549,2026-06-15,20,1,69.5,0.0,10.0,312.75,83.4
15550,2026-06-15,19,2,33.8,0.0,3.0,162.24,47.32
15551,2026-06-15,11,2,39.3,0.0,3.5,188.64,55.02
15552,2026-06-15,17,3,22.3,0.0,8.0,144.95,46.83
15553,2026-06-15,29,2,82.7,0.0,4.9,396.96,115.78
15554,2026-06-15,30,3,44.3,0.0,8.9,287.95,93.03
15555,2026-06-15,13,6,69.5,0.0,8.7,347.5,104.25
15556,2026-06-15,21,3,75.5,0.0,4.8,490.75,158.55
15557,2026-06-15,8,4,34.4,0.0,6.0,199.52,65.36
15558,2026-06-15,7,6,39.0,0.0,5.4,195.0,58.5
15559,2026-06-15,6,6,58.9,0.0,5.8,294.5,88.35
15560,2026-06-15,14,3,84.6,0.0,5.0,549.9,177.66
15561,2026-06-15,11,4,54.8,0.0,-0.5,317.84,104.12
15562,2026-06-15,8,2,47.9,0.0,4.2,229.92,67.06
15563,2026-06-15,6,1,37.6,0.0,7.7,169.2,45.12
15564,2026-06-15,10,4,35.2,0.0,6.0,204.16,66.88
15565,2026-06-15,7,3,68.6,0.0,6.1,445.9,144.06
15566,2026-06-15,12,3,45.9,0.0,4.9,298.35,96.39
15567,2026-06-15,20,5,61.5,0.0,6.7,430.5,141.45
15568,2026-06-15,14,6,70.6,0.0,5.9,353.0,105.9
15569,2026-06-16,1,5,27.1,0.0,4.7,189.7,62.33
15570,2026-06-16,14,4,21.1,0.0,8.1,122.38,40.09
15571,2026-06-16,28,6,63.1,0.0,4.6,315.5,94.65
15572,2026-06-16,5,3,87.2,0.0,3.6,566.8,183.12
15573,2026-06-16,27,2,42.9,0.0,7.6,205.92,60.06
15574,2026-06-16,22,4,67.8,0.0,7.3,393.24,128.82
15575,2026-06-16,20,4,96.8,0.0,3.0,561.44,183.92
15576,2026-06-16,26,4,60.9,0.0,6.6,353.22,115.71
15577,2026-06-16,27,1,53.5,0.0,6.3,240.75,64.2
15578,2026-06-16,23,3,87.7,0.0,8.5,570.05,184.17
15579,2026-06-16,30,2,33.9,0.0,4.4,162.72,47.46
15580,2026-06-16,21,5,66.7,0.0,5.8,466.9,153.41
15581,2026-06-16,14,3,91.5,0.0,6.4,594.75,192.15
15582,2026-06-16,12,3,25.9,0.0,9.6,168.35,54.39
15583,2026-06-16,12,3,64.0,0.0,7.2,416.0,134.4
15584,2026-06-16,4,4,37.9,0.0,11.3,219.82,72.01
15585,2026-06-16,2,5,49.6,0.0,5.2,347.2,114.08
15586,2026-06-16,25,6,63.1,0.0,6.7,315.5,94.65
15587,2026-06-16,28,4,49.0,0.0,6.7,284.2,93.1
15588,2026-06-16,20,6,65.3,0.0,4.4,326.5,97.95
15589,2026-06-16,29,5,71.8,0.0,8.5,502.6,165.14
15590,2026-06-16,15,3,72.8,0.0,6.6,473.2,152.88
15591,2026-06-16,24,3,67.4,0.0,6.4,438.1,141.54
15592,2026-06-16,20,5,67.8,0.0,4.2,474.6,155.94
15593,2026-06-16,14,2,27.3,0.0,3.0,131.04,38.22
15594,2026-06-16,17,5,82.1,0.0,5.5,574.7,188.83
15595,2026-06-16,23,2,90.2,0.0,6.4,432.96,126.28
15596,2026-06-16,2,2,40.4,0.0,4.7,193.92,56.56
15597,2026-06-16,27,4,40.7,13.3,9.4,158.92,77.33
15598,2026-06-16,17,5,85.2,0.0,12.0,596.4,195.96
15599,2026-06-16,10,3,71.7,0.0,9.6,466.05,150.57
15600,2026-06-16,3,3,86.1,0.0,5.9,559.65,180.81
15601,2026-06-16,19,3,64.3,0.0,5.2,417.95,135.03
15602,2026-06-16,23,3,64.3,0.0,3.5,417.95,135.03
15603,2026-06-17,8,3,29.4,0.0,5.6,191.1,61.74
15604,2026-06-17,11,5,92.5,0.0,4.7,647.5,212.75
15605,2026-06-17,11,4,59.0,0.0,5.2,342.2,112.1
15606,2026-06-17,11,1,28.3,0.0,4.6,127.35,33.96
15607,2026-06-17,29,5,85.9,0.0,4.6,601.3,197.57
15608,2026-06-17,12,6,55.7,0.0,8.0,278.5,83.55
15609,2026-06-17,3,3,35.1,0.0,5.1,228.15,73.71
15610,2026-06-17,29,2,99.2,0.0,9.4,476.16,138.88
15611,2026-06-17,16,6,29.4,0.0,8.7,147.0,44.1
15612,2026-06-17,7,5,83.3,0.0,7.5,583.1,191.59
15613,2026-06-17,11,4,25.6,0.0,5.8,148.48,48.64
15614,2026-06-17,16,5,82.7,0.0,5.6,578.9,190.21
15615,2026-06-17,17,3,44.2,0.0,4.2,287.3,92.82
15616,2026-06-17,5,4,72.3,0.0,6.5,419.34,137.37
15617,2026-06-17,2,1,92.7,0.0,7.4,417.15,111.24
15618,2026-06-17,4,6,67.8,0.0,7.4,339.0,101.7
15619,2026-06-17,10,2,79.8,0.0,2.9,383.04,111.72
15620,2026-06-17,9,6,56.3,0.0,8.2,281.5,84.45
15621,2026-06-17,6,4,37.9,0.0,6.4,219.82,72.01
15622,2026-06-17,24,6,34.4,0.0,8.4,172.0,51.6
15623,2026-06-17,24,2,57.8,0.0,3.5,277.44,80.92
15624,2026-06-17,25,2,75.6,0.0,9.5,362.88,105.84
15625,2026-06-17,2,2,43.7,0.0,4.5,209.76,61.18
15626,2026-06-17,21,3,45.7,0.0,7.7,297.05,95.97
15627,2026-06-17,28,2,96.3,0.0,3.4,462.24,134.82
15628,2026-06-18,20,4,56.9,0.0,6.7,330.02,108.11
15629,2026-06-18,3,6,38.3,0.0,4.2,191.5,57.45
15630,2026-06-18,20,3,64.0,0.0,8.7,416.0,134.4
15631,2026-06-18,20,2,82.9,0.0,3.6,397.92,116.06
15632,2026-06-18,11,2,77.2,8.0,2.9,332.16,108.08
15633,2026-06-18,26,1,44.2,0.0,7.6,198.9,53.04
15634,2026-06-18,18,3,51.4,0.0,2.0,334.1,107.94
15635,2026-06-18,13,2,47.9,0.0,7.6,229.92,67.06
15636,2026-06-18,13,5,39.6,0.0,1.5,277.2,91.08
15637,2026-06-18,13,1,61.0,7.7,9.8,239.85,73.2
15638,2026-06-18,4,1,62.6,0.0,6.9,281.7,75.12
15639,2026-06-18,4,6,92.1,0.0,7.3,460.5,138.15
15640,2026-06-18,30,2,45.9,0.0,5.9,220.32,64.26
15641,2026-06-18,22,5,92.6,0.0,5.7,648.2,212.98
15642,2026-06-18,25,1,24.6,0.0,4.0,110.7,29.52
15643,2026-06-18,6,6,82.7,0.0,7.3,413.5,124.05
15644,2026-06-18,26,3,62.5,0.0,6.8,406.25,131.25
15645,2026-06-18,19,6,29.4,0.0,9.5,147.0,44.1
15646,2026-06-18,1,5,70.6,0.0,6.4,494.2,162.38
15647,2026-06-19,27,5,29.6,0.0,8.8,207.2,68.08
15648,2026-06-19,14,4,92.9,0.0,2.8,538.82,176.51
15649,2026-06-19,1,2,29.8,0.0,5.7,143.04,41.72
15650,2026-06-19,11,2,55.3,0.0,7.2,265.44,77.42
15651,2026-06-19,13,6,60.5,0.0,6.2,302.5,90.75
15652,2026-06-19,4,5,84.5,0.0,7.1,591.5,194.35
15653,2026-06-19,14,5,77.2,0.0,5.7,540.4,177.56
15654,2026-06-19,14,5,47.0,0.0,5.0,329.0,108.1
15655,2026-06-19,2,6,82.8,0.0,5.0,414.0,124.2
15656,2026-06-19,14,2,36.8,0.0,8.6,176.64,51.52
15657,2026-06-19,16,2,39.6,0.0,5.8,190.08,55.44
15658,2026-06-19,14,1,83.0,0.0,3.4,373.5,99.6
15659,2026-06-19,10,5,84.3,0.0,8.7,590.1,193.89
15660,2026-06-19,24,6,77.7,0.0,3.8,388.5,116.55
15661,2026-06-19,4,6,44.4,0.0,2.5,222.0,66.6
15662,2026-06-19,18,1,80.9,0.0,5.6,364.05,97.08
15663,2026-06-19,6,3,34.9,0.0,7.6,226.85,73.29
15664,2026-06-19,20,1,34.8,0.0,5.6,156.6,41.76
15665,2026-06-19,20,2,82.9,0.0,6.4,397.92,116.06
15666,2026-06-19,21,2,62.3,0.0,8.8,299.04,87.22
15667,2026-06-19,27,4,88.9,0.0,6.1,515.62,168.91
15668,2026-06-19,6,4,99.1,0.0,8.9,574.78,188.29
15669,2026-06-19,16,2,92.8,0.0,2.3,445.44,129.92
15670,2026-06-19,5,5,21.8,0.0,7.5,152.6,50.14
15671,2026-06-19,7,2,54.2,0.0,6.2,260.16,75.88
15672,2026-06-19,4,1,40.8,0.0,3.7,183.6,48.96
15673,2026-06-19,27,5,78.3,0.0,9.8,548.1,180.09
15674,2026-06-19,18,6,75.0,0.0,4.3,375.0,112.5
15675,2026-06-19,11,1,31.0,0.0,2.9,139.5,37.2
15676,2026-06-19,7,1,67.5,0.0,2.7,303.75,81.0
15677,2026-06-19,18,6,28.4,0.0,9.6,142.0,42.6
15678,2026-06-19,6,5,39.7,0.0,5.1,277.9,91.31
15679,2026-06-19,22,1,82.1,0.0,6.5,369.45,98.52
15680,2026-06-19,11,5,77.9,0.0,8.1,545.3,179.17
15681,2026-06-20,8,6,45.2,0.0,6.1,226.0,67.8
15682,2026-06-20,8,2,44.8,0.0,2.3,215.04,62.72
15683,2026-06-20,9,5,25.1,0.0,4.2,175.7,57.73
15684,2026-06-20,21,2,38.0,0.0,4.4,182.4,53.2
15685,2026-06-20,15,6,74.0,0.0,4.3,370.0,111.0
15686,2026-06-20,10,5,29.9,0.0,4.6,209.3,68.77
15687,2026-06-20,25,2,50.8,0.0,5.8,243.84,71.12
15688,2026-06-20,5,1,74.9,0.0,2.9,337.05,89.88
15689,2026-06-20,7,1,83.8,0.0,5.8,377.1,100.56
15690,2026-06-20,17,4,31.1,0.0,3.1,180.38,59.09
15691,2026-06-20,23,3,85.6,0.0,3.9,556.4,179.76
15692,2026-06-20,28,2,95.6,0.0,10.4,458.88,133.84
15693,2026-06-20,1,5,32.7,0.0,5.6,228.9,75.21
15694,2026-06-20,15,1,20.4,0.0,4.1,91.8,24.48
15695,2026-06-20,28,1,21.0,0.0,4.4,94.5,25.2
15696,2026-06-20,29,6,51.8,0.0,7.2,259.0,77.7
15697,2026-06-20,22,3,34.1,0.0,6.9,221.65,71.61
15698,2026-06-20,29,3,51.5,0.0,6.2,334.75,108.15
15699,2026-06-20,12,3,56.9,0.0,7.0,369.85,119.49
15700,2026-06-20,24,1,45.5,0.0,7.2,204.75,54.6
15701,2026-06-20,20,6,40.2,0.0,6.8,201.0,60.3
15702,2026-06-20,4,1,47.4,0.0,4.4,213.3,56.88
15703,2026-06-20,19,1,81.0,0.0,6.1,364.5,97.2
15704,2026-06-20,18,6,32.5,0.0,8.0,162.5,48.75
15705,2026-06-20,8,6,70.1,0.0,1.4,350.5,105.15
15706,2026-06-20,3,3,58.3,14.3,10.1,286.0,122.43
15707,2026-06-20,26,1,76.4,0.0,4.0,343.8,91.68
15708,2026-06-20,28,4,75.5,0.0,9.5,437.9,143.45
15709,2026-06-20,24,4,29.0,0.0,6.9,168.2,55.1
15710,2026-06-20,23,6,99.2,0.0,1.7,496.0,148.8
15711,2026-06-20,27,2,63.7,0.0,4.2,305.76,89.18
15712,2026-06-20,30,5,83.6,0.0,2.2,585.2,192.28
15713,2026-06-20,10,3,73.7,0.0,3.5,479.05,154.77
15714,2026-06-20,30,2,35.8,0.0,4.3,171.84,50.12
15715,2026-06-20,7,6,67.3,7.9,9.6,297.0,100.95
15716,2026-06-20,25,6,45.2,0.0,5.9,226.0,67.8
15717,2026-06-20,15,3,89.6,0.0,3.8,582.4,188.16
15718,2026-06-20,3,2,94.7,0.0,6.9,454.56,132.58
15719,2026-06-20,12,6,46.9,0.0,5.4,234.5,70.35
15720,2026-06-20,3,1,42.5,0.0,5.8,191.25,51.0
15721,2026-06-20,17,1,61.3,0.0,5.7,275.85,73.56
15722,2026-06-20,16,3,82.3,30.1,6.1,339.3,172.83
15723,2026-06-20,4,6,53.4,0.0,3.4,267.0,80.1
15724,2026-06-20,22,1,22.3,0.0,7.0,100.35,26.76
15725,2026-06-20,1,1,69.1,0.0,2.8,310.95,82.92
15726,2026-06-20,1,5,34.1,0.0,6.2,238.7,78.43
15727,2026-06-20,9,3,26.7,0.0,-0.4,173.55,56.07
15728,2026-06-20,15,6,73.5,0.0,8.6,367.5,110.25
15729,2026-06-21,28,6,57.2,0.0,4.3,286.0,85.8
15730,2026-06-21,24,2,23.9,8.2,9.3,75.36,33.46
15731,2026-06-21,8,2,82.3,0.0,2.5,395.04,115.22
15732,2026-06-21,13,4,67.6,0.0,0.5,392.08,128.44
15733,2026-06-21,17,1,81.3,0.0,7.4,365.85,97.56
15734,2026-06-21,17,1,53.0,0.0,4.1,238.5,63.6
15735,2026-06-21,17,6,79.8,0.0,3.1,399.0,119.7
15736,2026-06-21,4,4,24.4,7.4,10.0,98.6,46.36
15737,2026-06-21,10,3,93.9,0.0,7.3,610.35,197.19
15738,2026-06-21,7,6,23.0,0.0,5.6,115.0,34.5
15739,2026-06-21,22,4,64.7,0.0,8.9,375.26,122.93
15740,2026-06-21,26,3,38.3,0.0,5.3,248.95,80.43
15741,2026-06-21,22,4,28.8,0.0,4.0,167.04,54.72
15742,2026-06-21,30,2,50.8,0.0,7.1,243.84,71.12
15743,2026-06-21,30,1,67.3,0.0,2.7,302.85,80.76
15744,2026-06-21,22,2,40.2,0.0,4.5,192.96,56.28
15745,2026-06-21,28,1,96.7,0.0,7.4,435.15,116.04
15746,2026-06-21,20,1,62.0,0.0,6.5,279.0,74.4
15747,2026-06-21,25,5,63.3,0.0,5.5,443.1,145.59
15748,2026-06-21,22,1,75.7,0.0,6.4,340.65,90.84
15749,2026-06-21,12,3,74.2,0.0,6.2,482.3,155.82
15750,2026-06-21,4,5,99.5,0.0,2.5,696.5,228.85
15751,2026-06-21,6,6,92.7,0.0,6.5,463.5,139.05
15752,2026-06-21,17,3,81.2,0.0,7.3,527.8,170.52
15753,2026-06-21,9,1,83.8,0.0,5.6,377.1,100.56
15754,2026-06-21,28,3,93.8,0.0,13.7,609.7,196.98
15755,2026-06-21,2,3,28.6,0.0,5.4,185.9,60.06
15756,2026-06-21,20,4,92.9,0.0,10.9,538.82,176.51
15757,2026-06-21,1,6,91.3,0.0,5.7,456.5,136.95
15758,2026-06-21,18,5,86.7,0.0,3.1,606.9,199.41
15759,2026-06-21,20,4,92.1,0.0,10.1,534.18,174.99
15760,2026-06-21,1,4,71.3,0.0,7.9,413.54,135.47
15761,2026-06-21,9,4,52.4,0.0,7.9,303.92,99.56
15762,2026-06-21,27,1,82.2,0.0,5.1,369.9,98.64
15763,2026-06-21,19,4,85.7,0.0,4.2,497.06,162.83
15764,2026-06-21,7,6,97.3,0.0,8.3,486.5,145.95
15765,2026-06-21,7,1,86.2,0.0,8.3,387.9,103.44
15766,2026-06-21,10,2,29.7,0.0,5.6,142.56,41.58
15767,2026-06-21,10,3,82.6,0.0,5.8,536.9,173.46
15768,2026-06-21,10,1,75.6,0.0,5.7,340.2,90.72
15769,2026-06-21,6,6,94.1,0.0,7.5,470.5,141.15
15770,2026-06-21,14,6,60.6,0.0,7.0,303.0,90.9
15771,2026-06-21,7,4,22.6,0.0,8.3,131.08,42.94
15772,2026-06-21,29,5,80.7,29.3,3.9,359.8,185.61
15773,2026-06-21,9,2,40.9,0.0,10.2,196.32,57.26
15774,2026-06-21,7,6,25.6,0.0,4.1,128.0,38.4
15775,2026-06-22,7,5,95.4,0.0,2.2,667.8,219.42
15776,2026-06-22,5,4,81.8,0.0,5.1,474.44,155.42
15777,2026-06-22,3,3,22.4,0.0,7.4,145.6,47.04
15778,2026-06-22,9,5,97.3,0.0,11.7,681.1,223.79
15779,2026-06-22,19,4,71.6,0.0,6.4,415.28,136.04
15780,2026-06-22,24,3,28.8,0.0,5.1,187.2,60.48
15781,2026-06-22,1,5,72.8,0.0,4.1,509.6,167.44
15782,2026-06-22,30,3,39.7,0.0,4.6,258.05,83.37
15783,2026-06-22,19,5,48.4,0.0,7.4,338.8,111.32
15784,2026-06-22,17,4,83.4,0.0,5.7,483.72,158.46
15785,2026-06-22,11,3,55.9,0.0,6.4,363.35,117.39
15786,2026-06-22,30,3,81.6,15.4,9.7,430.3,171.36
15787,2026-06-22,6,4,97.5,0.0,5.3,565.5,185.25
15788,2026-06-22,21,6,99.1,0.0,3.3,495.5,148.65
15789,2026-06-22,9,2,38.7,0.0,4.8,185.76,54.18
15790,2026-06-22,8,5,42.1,0.0,1.6,294.7,96.83
15791,2026-06-22,3,3,79.1,0.0,5.2,514.15,166.11
15792,2026-06-22,24,6,41.1,0.0,4.5,205.5,61.65
15793,2026-06-22,22,4,39.7,0.0,10.4,230.26,75.43
15794,2026-06-22,14,6,66.7,0.0,6.5,333.5,100.05
15795,2026-06-22,20,3,73.0,0.0,13.0,474.5,153.3
15796,2026-06-22,21,5,62.8,0.0,7.4,439.6,144.44
15797,2026-06-22,22,2,65.4,0.0,10.9,313.92,91.56
15798,2026-06-22,6,1,58.8,0.0,6.1,264.6,70.56
15799,2026-06-22,14,6,44.9,15.0,6.5,149.5,67.35
15800,2026-06-23,18,3,49.3,0.0,10.4,320.45,103.53
15801,2026-06-23,4,6,75.1,0.0,3.8,375.5,112.65
15802,2026-06-23,27,4,74.0,0.0,8.2,429.2,140.6
15803,2026-06-23,17,5,63.7,0.0,6.4,445.9,146.51
15804,2026-06-23,7,5,84.0,0.0,3.9,588.0,193.2
15805,2026-06-23,16,2,68.9,0.0,3.3,330.72,96.46
15806,2026-06-23,11,2,47.1,0.0,8.4,226.08,65.94
15807,2026-06-23,19,6,54.0,0.0,10.1,270.0,81.0
15808,2026-06-23,11,6,79.7,0.0,7.9,398.5,119.55
15809,2026-06-23,16,2,29.5,0.0,9.5,141.6,41.3
15810,2026-06-23,18,5,89.6,0.0,10.1,627.2,206.08
15811,2026-06-23,17,2,63.7,0.0,1.2,305.76,89.18
15812,2026-06-23,29,5,81.2,0.0,3.6,568.4,186.76
15813,2026-06-23,25,5,77.3,0.0,6.9,541.1,177.79
15814,2026-06-23,5,2,75.6,0.0,2.6,362.88,105.84
15815,2026-06-23,21,4,73.4,0.0,3.9,425.72,139.46
15816,2026-06-23,5,6,80.2,0.0,6.6,401.0,120.3
15817,2026-06-23,13,1,32.6,0.0,8.0,146.7,39.12
15818,2026-06-24,25,4,75.0,0.0,8.1,435.0,142.5
15819,2026-06-24,7,5,82.1,0.0,0.4,574.7,188.83
15820,2026-06-24,2,1,77.5,0.0,6.4,348.75,93.0
15821,2026-06-24,21,5,61.3,0.0,5.4,429.1,140.99
15822,2026-06-24,29,5,85.4,0.0,5.9,597.8,196.42
15823,2026-06-24,22,6,80.5,0.0,9.1,402.5,120.75
15824,2026-06-24,27,4,28.0,0.0,6.8,162.4,53.2
15825,2026-06-24,9,5,73.5,0.0,7.4,514.5,169.05
15826,2026-06-24,12,3,41.0,0.0,8.8,266.5,86.1
15827,2026-06-24,20,2,56.7,0.0,5.0,272.16,79.38
15828,2026-06-24,6,1,66.5,0.0,3.7,299.25,79.8
15829,2026-06-24,5,1,65.9,0.0,5.2,296.55,79.08
15830,2026-06-24,20,4,88.1,0.0,7.3,510.98,167.39
15831,2026-06-24,9,3,44.1,0.0,5.1,286.65,92.61
15832,2026-06-24,23,3,95.7,0.0,7.9,622.05,200.97
15833,2026-06-24,25,1,28.1,0.0,7.5,126.45,33.72
15834,2026-06-24,11,1,70.3,0.0,7.9,316.35,84.36
15835,2026-06-24,18,4,45.9,0.0,2.9,266.22,87.21
15836,2026-06-24,14,5,93.2,0.0,4.3,652.4,214.36
15837,2026-06-24,12,4,39.5,0.0,5.6,229.1,75.05
15838,2026-06-24,11,1,41.6,0.0,3.3,187.2,49.92
15839,2026-06-24,1,4,32.2,0.0,9.0,186.76,61.18
15840,2026-06-24,1,4,83.2,0.0,6.7,482.56,158.08
15841,2026-06-24,21,4,50.1,0.0,5.1,290.58,95.19
15842,2026-06-24,5,1,79.4,0.0,8.8,357.3,95.28
15843,2026-06-24,19,4,53.0,0.0,11.2,307.4,100.7
15844,2026-06-24,27,1,40.8,0.0,6.2,183.6,48.96
15845,2026-06-24,22,1,74.5,0.0,5.0,335.25,89.4
15846,2026-06-24,2,5,57.2,0.0,4.1,400.4,131.56
15847,2026-06-24,18,1,90.6,0.0,7.6,407.7,108.72
15848,2026-06-24,10,6,32.6,7.7,2.6,124.5,48.9
15849,2026-06-25,22,2,81.0,0.0,6.7,388.8,113.4
15850,2026-06-25,2,6,51.0,0.0,6.8,255.0,76.5
15851,2026-06-25,16,2,80.7,0.0,8.5,387.36,112.98
15852,2026-06-25,1,1,70.2,0.0,3.3,315.9,84.24
15853,2026-06-25,12,6,29.4,0.0,3.6,147.0,44.1
15854,2026-06-25,6,2,35.3,0.0,11.6,169.44,49.42
15855,2026-06-25,11,3,53.3,0.0,9.4,346.45,111.93
15856,2026-06-25,15,3,64.1,0.0,5.8,416.65,134.61
15857,2026-06-25,6,4,75.4,0.0,9.3,437.32,143.26
15858,2026-06-25,5,2,98.1,0.0,5.7,470.88,137.34
15859,2026-06-25,4,2,91.3,0.0,6.7,438.24,127.82
15860,2026-06-25,26,5,27.6,0.0,7.0,193.2,63.48
15861,2026-06-25,6,2,58.5,0.0,5.8,280.8,81.9
15862,2026-06-25,4,1,45.0,0.0,6.9,202.5,54.0
15863,2026-06-25,15,5,27.5,0.0,6.8,192.5,63.25
15864,2026-06-25,6,4,98.3,0.0,8.3,570.14,186.77
15865,2026-06-25,22,4,40.6,0.0,5.3,235.48,77.14
15866,2026-06-25,2,1,75.9,0.0,3.8,341.55,91.08
15867,2026-06-25,2,3,74.6,0.0,3.7,484.9,156.66
15868,2026-06-25,25,3,20.7,0.0,9.2,134.55,43.47
15869,2026-06-25,12,2,61.3,0.0,4.8,294.24,85.82
15870,2026-06-25,1,1,97.5,0.0,3.2,438.75,117.0
15871,2026-06-26,11,3,60.4,0.0,3.9,392.6,126.84
15872,2026-06-26,17,6,29.0,0.0,4.7,145.0,43.5
15873,2026-06-26,22,6,76.1,0.0,8.6,380.5,114.15
15874,2026-06-26,29,4,33.0,10.6,4.7,129.92,62.7
15875,2026-06-26,29,4,30.3,0.0,8.0,175.74,57.57
15876,2026-06-26,16,3,38.0,0.0,6.0,247.0,79.8
15877,2026-06-26,10,1,58.9,0.0,7.6,265.05,70.68
15878,2026-06-26,7,2,99.5,0.0,5.4,477.6,139.3
15879,2026-06-26,7,3,69.8,0.0,5.8,453.7,146.58
15880,2026-06-26,9,3,90.7,0.0,5.1,589.55,190.47
15881,2026-06-26,26,6,46.2,0.0,10.8,231.0,69.3
15882,2026-06-26,7,4,66.7,0.0,2.0,386.86,126.73
15883,2026-06-26,18,3,37.5,0.0,8.4,243.75,78.75
15884,2026-06-26,26,5,25.6,0.0,10.4,179.2,58.88
15885,2026-06-26,3,2,67.5,0.0,3.2,324.0,94.5
15886,2026-06-26,1,1,53.3,0.0,8.2,239.85,63.96
15887,2026-06-26,18,3,57.0,0.0,3.1,370.5,119.7
15888,2026-06-26,21,3,67.5,0.0,0.0,438.75,141.75
15889,2026-06-26,20,3,30.9,0.0,6.2,200.85,64.89
15890,2026-06-26,14,5,61.2,0.0,3.5,428.4,140.76
15891,2026-06-26,20,3,70.6,0.0,5.7,458.9,148.26
15892,2026-06-26,2,1,75.9,0.0,6.2,341.55,91.08
15893,2026-06-26,12,2,87.8,21.8,12.7,316.8,122.92
15894,2026-06-26,17,1,53.7,0.0,6.2,241.65,64.44
15895,2026-06-26,17,3,40.6,0.0,2.2,263.9,85.26
15896,2026-06-26,3,2,28.7,0.0,9.0,137.76,40.18
15897,2026-06-26,15,1,94.1,0.0,10.4,423.45,112.92
15898,2026-06-26,30,6,60.3,0.0,7.9,301.5,90.45
15899,2026-06-26,25,1,75.3,0.0,0.7,338.85,90.36
15900,2026-06-26,2,5,22.2,0.0,7.2,155.4,51.06
15901,2026-06-26,19,3,46.3,0.0,6.3,300.95,97.23
15902,2026-06-26,29,5,93.0,0.0,7.6,651.0,213.9
15903,2026-06-26,6,3,81.1,0.0,3.8,527.15,170.31
15904,2026-06-26,8,4,52.7,0.0,7.5,305.66,100.13
15905,2026-06-26,7,3,56.8,0.0,3.7,369.2,119.28
15906,2026-06-26,15,3,23.6,0.0,8.7,153.4,49.56
15907,2026-06-26,5,3,73.6,0.0,9.3,478.4,154.56
15908,2026-06-26,7,1,63.1,0.0,4.6,283.95,75.72
15909,2026-06-26,13,4,50.9,0.0,3.4,295.22,96.71
15910,2026-06-26,30,5,43.9,0.0,7.1,307.3,100.97
15911,2026-06-26,15,3,94.0,0.0,5.1,611.0,197.4
15912,2026-06-26,18,3,57.1,0.0,5.9,371.15,119.91
15913,2026-06-26,14,4,41.6,0.0,6.8,241.28,79.04
15914,2026-06-26,13,6,62.2,0.0,3.3,311.0,93.3
15915,2026-06-26,5,5,82.2,0.0,9.1,575.4,189.06
15916,2026-06-26,24,2,81.6,0.0,5.4,391.68,114.24
15917,2026-06-26,30,2,52.2,0.0,2.6,250.56,73.08
15918,2026-06-26,24,2,52.2,0.0,7.8,250.56,73.08
15919,2026-06-26,4,5,31.6,0.0,4.1,221.2,72.68
15920,2026-06-26,19,2,24.2,0.0,4.0,116.16,33.88
15921,2026-06-26,25,3,85.7,32.6,11.4,345.15,179.97
15922,2026-06-27,6,1,57.3,0.0,4.7,257.85,68.76
15923,2026-06-27,3,3,38.4,0.0,7.8,249.6,80.64
15924,2026-06-27,23,4,61.3,0.0,5.0,355.54,116.47
15925,2026-06-27,8,5,64.6,0.0,10.8,452.2,148.58
15926,2026-06-27,25,1,87.7,0.0,8.9,394.65,105.24
15927,2026-06-27,29,3,66.0,0.0,4.7,429.0,138.6
15928,2026-06-27,28,5,78.1,0.0,7.2,546.7,179.63
15929,2026-06-27,27,2,90.1,0.0,4.2,432.48,126.14
15930,2026-06-27,4,4,68.3,0.0,1.6,396.14,129.77
15931,2026-06-27,4,3,28.0,0.0,6.5,182.0,58.8
15932,2026-06-27,13,5,29.1,0.0,12.6,203.7,66.93
15933,2026-06-27,14,1,82.1,0.0,3.6,369.45,98.52
15934,2026-06-27,5,6,49.9,0.0,7.2,249.5,74.85
15935,2026-06-27,8,5,32.1,0.0,1.7,224.7,73.83
15936,2026-06-27,24,2,45.9,0.0,5.5,220.32,64.26
15937,2026-06-27,18,2,82.4,0.0,6.4,395.52,115.36
15938,2026-06-27,7,3,78.6,0.0,6.8,510.9,165.06
15939,2026-06-27,13,2,74.3,0.0,4.6,356.64,104.02
15940,2026-06-27,26,1,89.1,0.0,7.9,400.95,106.92
15941,2026-06-27,6,1,96.9,0.0,4.5,436.05,116.28
15942,2026-06-27,28,5,26.3,0.0,8.2,184.1,60.49
15943,2026-06-27,18,4,64.3,0.0,6.1,372.94,122.17
15944,2026-06-27,25,3,74.2,0.0,5.2,482.3,155.82
15945,2026-06-27,16,1,28.5,0.0,5.1,128.25,34.2
15946,2026-06-27,14,4,95.0,0.0,3.2,551.0,180.5
15947,2026-06-27,24,6,32.4,0.0,5.6,162.0,48.6
15948,2026-06-27,13,5,44.1,0.0,7.5,308.7,101.43
15949,2026-06-27,9,4,33.1,0.0,6.2,191.98,62.89
15950,2026-06-27,17,4,97.6,0.0,1.7,566.08,185.44
15951,2026-06-27,25,4,62.3,0.0,6.2,361.34,118.37
15952,2026-06-27,4,1,56.8,0.0,6.1,255.6,68.16
15953,2026-06-27,6,2,83.8,0.0,4.9,402.24,117.32
15954,2026-06-27,30,3,32.8,0.0,6.4,213.2,68.88
15955,2026-06-27,20,5,53.7,20.9,5.7,229.6,123.51
15956,2026-06-27,2,2,27.6,0.0,10.0,132.48,38.64
15957,2026-06-27,14,3,83.3,0.0,1.5,541.45,174.93
15958,2026-06-27,5,2,45.1,0.0,6.7,216.48,63.14
15959,2026-06-27,24,6,79.5,0.0,5.1,397.5,119.25
15960,2026-06-27,20,4,25.3,0.0,5.9,146.74,48.07
15961,2026-06-28,6,6,57.7,0.0,7.4,288.5,86.55
15962,2026-06-28,2,3,20.5,0.0,1.7,133.25,43.05
15963,2026-06-28,8,3,35.4,0.0,9.5,230.1,74.34
15964,2026-06-28,5,2,87.4,0.0,3.1,419.52,122.36
15965,2026-06-28,12,5,22.7,0.0,9.2,158.9,52.21
15966,2026-06-28,16,6,50.7,0.0,5.1,253.5,76.05
15967,2026-06-28,8,1,97.0,14.4,5.5,371.7,116.4
15968,2026-06-28,15,2,33.3,0.0,10.0,159.84,46.62
15969,2026-06-28,18,5,54.3,0.0,5.3,380.1,124.89
15970,2026-06-28,10,4,21.8,0.0,6.0,126.44,41.42
15971,2026-06-28,28,3,73.3,0.0,9.0,476.45,153.93
15972,2026-06-28,14,2,52.9,0.0,7.1,253.92,74.06
15973,2026-06-28,14,2,61.4,0.0,2.7,294.72,85.96
15974,2026-06-28,13,4,81.1,0.0,7.1,470.38,154.09
15975,2026-06-28,7,3,66.2,0.0,7.1,430.3,139.02
15976,2026-06-28,30,6,55.8,20.2,6.9,178.0,83.7
15977,2026-06-28,7,3,55.4,21.4,9.3,221.0,116.34
15978,2026-06-28,22,1,52.4,0.0,7.7,235.8,62.88
15979,2026-06-28,13,5,99.4,0.0,6.0,695.8,228.62
15980,2026-06-28,14,3,94.5,0.0,6.0,614.25,198.45
15981,2026-06-28,30,2,21.4,0.0,8.7,102.72,29.96
15982,2026-06-28,3,4,55.3,0.0,8.4,320.74,105.07
15983,2026-06-28,20,4,24.9,0.0,7.1,144.42,47.31
15984,2026-06-28,20,3,69.9,0.0,0.3,454.35,146.79
15985,2026-06-29,20,3,87.8,0.0,2.5,570.7,184.38
15986,2026-06-29,15,6,42.2,0.0,4.7,211.0,63.3
15987,2026-06-29,20,5,98.4,27.5,11.0,496.3,226.32
15988,2026-06-29,2,1,97.7,0.0,4.7,439.65,117.24
15989,2026-06-29,14,4,22.0,0.0,8.0,127.6,41.8
15990,2026-06-29,9,3,94.6,0.0,9.6,614.9,198.66
15991,2026-06-29,9,6,38.0,0.0,2.5,190.0,57.0
15992,2026-06-29,3,2,87.3,0.0,-1.2,419.04,122.22
15993,2026-06-29,2,3,65.1,0.0,8.4,423.15,136.71
15994,2026-06-29,6,5,27.7,0.0,6.7,193.9,63.71
15995,2026-06-29,1,1,43.5,6.0,11.2,168.75,52.2
15996,2026-06-29,25,1,93.8,0.0,4.6,422.1,112.56
15997,2026-06-29,20,4,72.4,0.0,7.7,419.92,137.56
15998,2026-06-29,17,1,45.3,0.0,6.0,203.85,54.36
15999,2026-06-29,9,5,80.6,0.0,6.9,564.2,185.38
16000,2026-06-29,28,2,58.7,0.0,7.4,281.76,82.18
16001,2026-06-29,4,6,39.0,0.0,2.0,195.0,58.5
16002,2026-06-29,19,3,81.0,0.0,7.2,526.5,170.1
16003,2026-06-29,4,5,21.0,0.0,5.8,147.0,48.3
16004,2026-06-29,26,1,55.5,0.0,4.6,249.75,66.6
16005,2026-06-29,1,1,85.9,0.0,5.8,386.55,103.08
16006,2026-06-30,21,1,67.1,0.0,4.2,301.95,80.52
16007,2026-06-30,2,4,66.8,0.0,5.2,387.44,126.92
16008,2026-06-30,16,3,41.8,11.9,9.3,194.35,87.78
16009,2026-06-30,17,6,79.8,0.0,4.0,399.0,119.7
16010,2026-06-30,2,4,91.8,33.2,9.5,339.88,174.42
16011,2026-06-30,27,3,40.3,0.0,2.3,261.95,84.63
16012,2026-06-30,30,5,29.0,0.0,5.2,203.0,66.7
16013,2026-06-30,21,2,38.1,0.0,3.7,182.88,53.34
16014,2026-06-30,10,1,80.0,0.0,4.0,360.0,96.0
16015,2026-06-30,16,6,85.7,0.0,5.1,428.5,128.55
16016,2026-06-30,17,2,57.2,0.0,2.9,274.56,80.08
16017,2026-06-30,25,5,76.2,0.0,4.6,533.4,175.26
16018,2026-06-30,8,1,55.4,0.0,6.5,249.3,66.48
16019,2026-06-30,28,4,46.9,0.0,8.2,272.02,89.11
16020,2026-06-30,29,6,54.7,0.0,4.8,273.5,82.05
16021,2026-06-30,4,2,87.1,0.0,8.6,418.08,121.94
16022,2026-06-30,26,6,90.6,0.0,8.2,453.0,135.9
16023,2026-06-30,12,2,49.1,0.0,7.8,235.68,68.74
16024,2026-06-30,2,2,87.5,0.0,6.9,420.0,122.5
16025,2026-06-30,14,6,92.5,0.0,2.2,462.5,138.75
16026,2026-06-30,28,6,66.1,0.0,7.4,330.5,99.15
16027,2026-06-30,29,1,92.0,0.0,8.0,414.0,110.4
16028,2026-06-30,29,5,33.5,0.0,6.4,234.5,77.05
16029,2026-06-30,25,4,40.4,0.0,6.8,234.32,76.76
